Enrollment,Trial Duration (days),Number of Sites,has_collaborator,blinding_level,protocol_amendment_count,crf_page_count,site_experience_score,country_risk_score,investigator_tenure_years,screen_failure_rate,enrollment_velocity,avg_time_visit_to_entry_days,edit_check_density_per_domain,historical_query_resolution_time_days,sdtm_domain_count,complex_derivations_flag,external_data_feeds_count,Study Status_COMPLETED,Study Status_TERMINATED,Study Results_NO,Study Results_YES,Sex_ALL,Sex_FEMALE,Sex_MALE,Sex_UNKNOWN,Age_ADULT,"Age_ADULT, OLDER_ADULT",Age_CHILD,"Age_CHILD, ADULT","Age_CHILD, ADULT, OLDER_ADULT",Age_OLDER_ADULT,Phases_EARLY_PHASE1,Phases_NOT_REPORTED,Phases_PHASE1,Phases_PHASE2,Phases_PHASE3,Phases_PHASE4,Intervention Type_BEHAVIORAL,Intervention Type_BIOLOGICAL,Intervention Type_COMBINATION_PRODUCT,Intervention Type_DEVICE,Intervention Type_DIAGNOSTIC_TEST,Intervention Type_DIETARY_SUPPLEMENT,Intervention Type_DRUG,Intervention Type_GENETIC,Intervention Type_OTHER,Intervention Type_PROCEDURE,Intervention Type_RADIATION,Allocation_NON_RANDOMIZED,Allocation_RANDOMIZED,Allocation_UNKNOWN,Primary Purpose_BASIC_SCIENCE,Primary Purpose_DEVICE_FEASIBILITY,Primary Purpose_DIAGNOSTIC,Primary Purpose_ECT,Primary Purpose_HEALTH_SERVICES_RESEARCH,Primary Purpose_OTHER,Primary Purpose_PREVENTION,Primary Purpose_SCREENING,Primary Purpose_SUPPORTIVE_CARE,Primary Purpose_TREATMENT,Primary Purpose_UNKNOWN,therapeutic_area_CARDIOVASCULAR,therapeutic_area_IMMUNOLOGY,therapeutic_area_INFECTIOUS DISEASE,therapeutic_area_METABOLIC,therapeutic_area_NEUROLOGY,therapeutic_area_ONCOLOGY,therapeutic_area_OTHER,therapeutic_area_PSYCHIATRY,therapeutic_area_RESPIRATORY,sponsor_type_ACADEMIC_GOVT,sponsor_type_INDUSTRY
-0.20022345,-0.50003135,0.47306317,-0.002566988,-0.055367094,-0.0049506226,-0.01679537,-0.03528174,0.0143312765,-0.021285946,-0.017000426,0.03501705,-0.016901435,0.105787724,0.0075290897,-0.011382233,-0.0012252543,0.0020434621,0.35286143,0.05236786,0.0059617884,-0.00031514606,0.0013806275,-0.001055461,3.7756487e-05,0.0,-0.00083478866,-4.2621807e-05,-2.8266475e-06,-0.0009148919,-0.00017835571,9.114232e-06,0.00073709537,0.023555769,-0.0072659054,0.16822821,-0.0242864,0.016727384,0.0026071894,-0.032759544,-0.00033491486,-0.0018988017,0.0032250567,0.0036846953,0.022431774,-0.00082381204,0.0021152708,0.015015149,0.00039581893,0.01964876,-0.11878188,-0.009213117,0.00020508582,-4.4380067e-06,0.0008733263,0.0,-0.00012485459,-6.520143e-06,-0.0013664766,0.00024670686,-7.1641356e-05,0.0017150427,-0.0002792655,-3.9260813e-05,-9.691995e-05,-0.0002162522,-0.00035672044,0.0004616431,0.0007050558,0.0026637749,-0.00017757795,6.026403e-06,0.0051275715,0.00050168287
-0.63221705,0.06071879,-0.31251067,-0.005123283,-0.0682453,-0.032619204,-0.34903526,-0.0056540426,-0.0038290403,-0.011724267,-0.038357876,0.0076308297,0.002073479,-0.3102189,-0.011567913,-0.11655965,-0.0034524102,0.010240671,-0.11103339,-0.012003242,-0.00079184846,-0.00013363722,0.0045816745,-0.00025331657,0.0033210984,0.0,-0.00068724115,-0.0018128055,-1.0540435e-05,9.036312e-05,0.026922228,8.157735e-06,0.0011166522,0.015163192,0.011399622,-0.14786093,-0.023805434,0.016486665,0.006837425,-0.02346516,-1.3103796e-05,-0.0026006661,0.0023175527,0.0044336263,0.024734467,-0.0009199695,0.0045261886,0.010480763,7.93583e-05,0.046392538,-0.10453488,-0.0018818768,0.00015061343,-4.338818e-06,0.00055869657,0.0,-0.00068004505,-0.00057502236,0.0002372455,0.0003488938,-1.2560144e-05,0.0021585268,-8.831885e-05,-3.56909e-05,-0.00021073615,-0.00020531435,-0.00041236822,0.0008012256,0.004012907,0.0009547417,8.920879e-06,-0.00016735775,-0.0072483704,-5.833123e-05
-0.43572006,0.006024874,0.31868273,0.0049527306,-0.035582438,0.04673108,0.36233875,-0.0003365609,-0.008465679,0.00049288763,-0.050350234,-0.04026686,-0.027282188,0.63319415,-0.00543091,0.04037834,0.0075167045,-0.03414023,0.31148407,0.051333126,0.003756628,-0.00056081626,0.00096844387,-0.0005490881,0.00032535265,0.0,-0.0007987443,0.00029179064,-1.903232e-05,-0.0003350709,-0.00016059064,2.099533e-05,0.0006539019,0.01871465,-0.0062280335,-0.060840253,0.20776848,0.012194673,-0.00076801603,-0.025586165,-0.00029551063,-0.00288983,0.0020735278,0.0050714766,0.014424149,-0.0005108156,0.0044334936,0.014027495,0.0006175161,0.037982326,0.22805461,0.0010807985,0.00018422306,-4.4329404e-06,0.0007243701,0.0,0.0031534284,0.00016594384,-0.0004868077,7.020676e-05,8.620908e-05,-0.00410708,-0.00011873071,-0.00011830805,-0.00014669499,0.0005395485,-0.0005503124,0.0014635583,-0.00015557617,0.0010154138,8.920879e-06,-0.00022799267,0.0034547346,-0.00019303543
-0.11720395,-0.23476389,-0.35829923,-0.02088914,-0.0777707,-0.061947003,-0.4528806,0.09886933,-0.0031937787,-0.027163975,-0.04784078,-0.012190475,-0.008980006,-0.23331682,-0.005522691,-0.0068534547,-0.0015724481,-0.027649889,-0.1009425,-0.01319331,-0.0019620578,-0.00012328225,-0.0036598966,0.0034605835,-0.005047954,0.0,-0.0011748383,0.000631665,-6.5900244e-06,-0.003313011,-0.0024291605,9.706035e-06,0.00063714926,0.011389977,-0.016802272,-0.1289287,-0.021271886,-0.97925246,0.0066555967,-0.027047597,-7.183102e-05,0.083199315,0.0015344433,0.0047665746,-0.029947497,-0.0009356387,0.0025797163,0.00883845,-0.00052198453,0.028349685,0.13366926,0.0015723838,0.00027311762,-4.338818e-06,-0.0009347741,0.0,-0.00019286056,-0.002325103,1.2494049e-05,-0.00012169766,-0.0021002612,-0.0062725823,0.015473686,-4.2718446e-05,-0.00019324987,-0.00013601665,-0.00044384267,-3.6042748e-05,-0.00059610687,-0.0019248257,7.343631e-06,-0.00045381876,-0.0032190687,-0.000120397264
-0.61614484,-0.4837112,0.06608323,0.00085504586,-0.10636582,-0.027940607,-0.581657,-0.03490359,0.0011567019,-0.023094965,-0.037256625,-0.025533773,0.006923387,-0.2851418,0.008431566,-0.10804448,-0.002441011,-0.034103733,-0.14052585,-0.028677342,0.0022122683,0.00089739426,0.0024369454,-0.000577217,0.0018548876,0.0,-0.00053791853,-9.1413116e-05,-1.5631918e-05,0.00010835364,-0.00033842918,1.8701938e-05,0.0007552501,0.020704182,0.023519155,-0.14540078,-0.022932788,0.012731684,0.00504192,-0.030782217,-5.162783e-05,-0.003791564,0.0025316854,0.001842571,-0.030398695,-0.000801611,0.0032535146,0.0067528174,0.012722098,-0.1555277,-0.11180666,-0.0013811612,0.00027100017,-4.338818e-06,0.011693626,0.0,-0.00023198799,6.4333726e-06,0.0013015256,0.0003405329,-0.0007811198,-0.014396552,-0.0004779902,9.556396e-06,-9.418749e-05,-0.00078263663,-0.00039961454,0.0008951542,0.00058703293,0.0013922824,-3.80362e-05,-8.70777e-05,0.00344843,0.00035878195
0.21786563,0.18870108,-0.41893262,0.004926777,-0.0475609,-0.0063980664,0.12706575,0.013473423,-0.0021472198,-0.00024900204,-0.019979546,-0.0023568415,0.0018380235,0.04813061,0.017181974,0.0028230222,0.0005196556,0.011602078,-0.06263879,-0.008643519,9.69009e-05,-0.0003291953,0.001076184,0.00069818494,0.0012766342,0.0,0.0001270621,0.00069231656,-0.00011126122,-0.0009932136,-0.00023187854,3.8348826e-05,0.0005334625,0.03124118,-0.001803805,0.2260527,-0.023429211,0.017093582,0.0036585922,-0.014573001,-0.00029831968,-0.0003800569,0.0025146494,0.008524155,0.061817784,-0.0005719749,0.003591243,0.022411153,0.00026667726,0.043698978,0.24118511,-0.0029271378,0.00037878694,-1.9623727e-05,-0.016006041,0.0,-0.00018299509,-0.00022667207,-0.00077055424,0.0008056278,0.00014584692,-0.00418319,-0.0001339802,-4.400758e-05,-0.00030915585,7.2543065e-05,-0.00063295494,0.00015555439,0.0018647098,0.0022166364,3.5143553e-06,-0.00052747555,-0.012281253,-0.00011962152
-0.50913787,-0.2958449,-0.21183157,0.003234107,-0.07443065,-0.037424184,-0.47393024,0.0012102334,0.0050972826,0.009490706,0.049250115,-0.009965914,-0.004635143,-0.33771598,-0.0029657823,-0.05144206,-0.0030699908,0.0010736375,0.35204193,0.056802683,-0.00030562986,0.00013884643,0.0012743864,-0.0012314661,0.0014316259,0.0,-0.0014713961,0.0001404236,-1.6671265e-05,-0.00033678787,-0.0008489239,2.5209312e-05,0.0010092042,0.018868506,0.0147184245,-0.15409653,-0.02651886,0.01678856,0.0066016605,-0.019276254,-0.00013866613,-0.0028414025,0.002654798,0.004367198,0.019816037,-0.000494894,0.005004221,0.011122568,0.00056728884,-0.13798773,-0.11961086,0.002889679,0.00040880273,-4.338818e-06,2.115372e-05,0.0,-0.00020222377,-7.194728e-05,0.0001291524,0.00047162763,-0.0011789013,0.0032697385,-0.000385785,-3.00131e-05,-0.000111776404,-0.00029562222,-0.00021579716,0.00080548425,0.002331904,0.00097109267,8.920879e-06,-5.7815694e-05,-0.0032749614,-0.0018556068
0.4567197,0.12364079,0.3349649,-0.0031684402,-0.041150287,0.04922352,0.30754322,-0.0049479255,-0.012529104,0.008997611,0.050119806,0.01417672,-0.029959759,0.44629025,0.016259072,0.023024226,0.00022923743,0.007523904,-0.063457586,-0.009696825,0.0033063265,-9.420175e-05,0.0010929225,1.3184429e-05,0.002354507,0.0,-0.0002256299,-0.001841907,0.00011922813,-0.0021724564,9.500305e-05,6.475957e-05,0.00035188533,0.011617108,-0.0059782695,-0.05465505,0.20149124,0.017044136,0.00058950647,-0.007737721,-0.00016598661,-0.0009992,0.0014325981,0.0025776864,0.014608484,-0.0005219819,0.0023680707,0.010327911,0.00032034624,0.023818227,0.21553157,0.0019062925,0.00026846258,-2.0408525e-05,0.00064437103,0.0,-0.00015395312,-0.0003094365,-0.00079616235,5.2091214e-05,0.001244169,0.0006889838,-0.000104957595,-3.6793983e-05,-0.00028158948,8.610879e-05,-0.00069922383,0.00021186411,-0.0010693248,0.0011913319,4.3583786e-06,-0.00064837316,-0.0028578078,-3.202744e-05
-0.066518076,-0.19339316,-0.33184537,0.011221328,-0.058359604,-0.012896224,0.16327867,-0.008134768,-0.0029068312,0.0084236,-0.02617354,0.011386294,-0.015454301,0.14246729,0.00065104675,0.04678915,0.0011188785,0.009283868,-0.11735945,-0.014459269,-0.003499687,-0.0007500227,3.5917697e-06,-2.5640602e-06,0.00064734154,0.0,-0.00021853462,0.0015222059,-1.564111e-05,-0.00060451945,-0.00025895901,7.528616e-06,0.00071202335,0.02629749,-0.0034646557,0.13949598,-0.03102442,0.012669348,0.00090450887,0.19510351,-0.00033413037,-0.0015555199,0.0023605651,0.004816773,-0.028497664,-0.0005633665,0.0034578322,0.012457406,0.0003699597,0.04391472,-0.146998,-0.0035297791,0.00056614116,-4.4380067e-06,0.00045725747,0.0,-0.00022034525,-0.00047694895,-0.00056604994,0.0006961946,0.0007963982,0.0013994217,-7.821682e-05,-4.8376103e-05,-0.00010641001,-0.0005817747,-0.0005220513,0.0008016924,0.0027482715,0.0020841327,4.3583786e-06,-0.0005656666,0.005292368,-0.0005431711
-0.48915315,-0.027876109,-0.39965525,-0.007382122,-0.03692529,-0.012757638,0.029890677,-0.025946964,-0.0015115135,0.026871411,0.03738814,-0.024326056,-0.005758932,0.06981314,-0.07016556,0.009662885,0.000688448,-0.003153165,0.29650253,0.042471465,-0.015502108,-0.00018327069,0.001900699,-0.0007064582,0.0015053904,0.0,-0.0010447484,0.0015598746,-1.1585719e-05,1.6494349e-05,-0.0002354016,2.6011623e-05,0.00068816636,0.026929224,-0.0022080967,0.19300571,-0.025721775,0.012598308,0.001304467,-0.037683755,-0.00030436856,-0.0011091478,0.0025653369,0.006407026,0.024809787,-0.0008905801,0.003294471,0.015116544,0.0013192615,-0.17160647,-0.12364771,-0.0004121717,0.0003353093,-4.338818e-06,0.0013517179,0.0,-0.0001114541,-0.00055126264,-0.00057003205,0.00031001598,-0.0010695141,0.001675213,-6.933418e-05,-3.511347e-05,-0.00016142584,-4.204064e-05,-0.00022919086,0.0014017151,0.0022521752,-0.000885171,3.5143553e-06,-0.00021022487,-0.008607599,-0.0018536446
0.51488817,0.0031598064,0.33474526,-0.002930566,-0.035805613,0.033801004,0.38721105,0.006170549,-0.0014710295,-0.0073833256,0.059372284,0.067086905,-0.057204336,0.48171937,-0.008888674,0.035775684,0.0008923646,-0.03901896,-0.07354689,-0.008662737,0.0073647806,0.00016184735,-0.0031801304,0.00192138,0.0021781994,0.0,-0.0004038427,-0.002092243,-7.307385e-06,-0.00063527795,8.6885884e-05,-1.0631161e-06,-0.00015902422,0.016498642,-0.0046795206,-0.056690197,0.21404353,0.01613798,0.0006752874,-0.01112513,-0.0004366954,0.0016551146,0.0015829055,0.0022220921,0.019213753,-0.0003081972,0.0045290724,0.012066247,0.00045180376,0.018818734,-0.12502325,-0.011752824,0.0003425412,-4.4329404e-06,0.00052744447,0.0,-5.50775e-05,-4.9384344e-05,-0.0015333304,0.00044551858,-0.0008907866,0.0010262599,-0.00018227713,0.00016830873,-0.0001445956,-7.5745505e-05,-0.0005018349,0.00026440987,-0.0010173164,0.0020060164,7.3436304e-06,-0.00043353174,0.0019894603,-1.5146943e-05
0.44744638,-0.6369098,-0.3769845,-0.008395114,0.08636105,-0.02260809,-0.052351672,-0.01739863,0.00407758,0.0034825539,-0.03342716,0.13155368,-0.014218931,-0.21629743,-0.0127943065,-0.019180374,0.00056046585,-0.03805236,-0.08009531,-0.014462417,-0.0010561645,-5.9830134e-05,-0.0022199678,-0.0015561563,0.0008060621,0.0,-0.00108824,0.00094209414,-1.1227225e-05,0.00012165757,-0.0001210527,-6.614893e-06,0.0003754529,-0.090548545,-0.006536649,-0.1097594,-0.028990345,0.022551678,0.010795005,-0.02154764,-0.00012011651,0.051234134,0.0027749455,0.004906551,-0.06640617,-0.00082313427,0.00058411085,0.009452708,-6.4829e-05,0.022406174,0.15278529,0.003570924,-0.026304761,-4.338818e-06,0.0022496285,0.0,-0.0004517922,0.0003872401,-0.00073525525,0.0002722955,-0.0016408692,-0.0050086244,-0.00013229945,-3.1379444e-05,-9.644886e-05,-0.00058708293,-0.00031263326,-0.011276103,-0.0053711846,0.005025174,-0.00017757795,-0.00013579159,0.0065729492,0.0018969086
0.4161257,0.10838945,0.4349553,0.002138894,-0.041235108,0.07343913,0.347423,0.02173379,-0.000852928,-0.011379093,0.029795095,0.032069754,0.06310576,0.17655174,-0.008897262,0.005445446,0.00089336606,-0.04512063,-0.065047085,-0.010221772,0.0005978523,-0.0001391258,0.005118008,0.0007494251,0.0073938156,0.0,-0.00041092295,0.0040062773,-1.1326968e-06,-0.0012893552,7.662278e-05,6.490013e-05,0.00018548923,0.0243666,-0.0056374534,-0.049419083,0.19521545,0.016873775,0.00058856467,-0.016938465,-0.00012018601,-0.0017411106,0.0012768746,0.0029963765,-0.032044116,-0.0008461361,0.0024504836,-0.051353563,0.00037487675,0.030358369,0.21780616,-0.00032821635,0.00049074553,-2.0408525e-05,-5.6958515e-06,0.0,-7.465259e-05,-1.744616e-05,-0.0004341312,0.00014391752,0.0014914069,0.0031317812,-7.816327e-05,-3.6682613e-05,-0.00027788297,0.000339841,-0.0007262458,-0.0008886649,-0.00059681514,0.0021224723,8.920879e-06,-0.00060465786,0.010026054,-0.00014649791
0.25567448,0.17055537,0.33420327,0.004607053,-0.042371552,-0.0054967,0.1200023,0.00040305298,0.0027566198,0.016261881,-0.0046359003,0.0038289193,0.0061058616,0.07705395,0.00383488,-0.15317944,-0.0062251957,-0.0453836,-0.060061883,-0.010497763,-0.0005196376,0.00019984372,-0.005230736,-0.0006388499,0.0009961928,0.0,-0.0005283686,0.00049368956,-5.1696734e-06,-0.0016831668,-0.00018950785,0.0003574258,0.0003606904,0.028889835,-0.005892678,0.14134282,-0.014990444,0.02118066,0.0056369263,-0.014885721,-9.832003e-05,-0.0013552546,0.002746789,0.0030551942,0.032436732,-0.0006018939,0.002622771,0.020346722,0.0002624698,0.054901775,0.21650618,0.0042186463,0.0004990111,-4.4380067e-06,0.00077800726,0.0,-0.0001827629,-5.085302e-05,-0.00042498822,0.00038702073,-0.00010668906,0.0005759169,-0.00015379544,-0.000251926,-0.00031556375,0.0001662196,-0.00044732838,0.00012854871,0.00024690872,0.0017389881,4.3583786e-06,-0.00048361535,0.0008066549,-7.360252e-05
0.2878045,0.15300539,0.44332707,-0.0033995223,-0.025991978,-0.017912777,-0.08572795,0.00019328517,-0.004295009,-0.016900197,-0.010615686,-0.015046428,-0.01831095,-0.2708119,0.0055083744,-0.008784041,-0.0015567341,-0.0040646973,-0.09361485,-0.012537696,-0.0025627697,-0.00017116431,0.0009722793,0.00036237537,0.00057512836,0.0,-0.0005145913,0.00035151493,2.3550513e-06,-0.0013977438,0.0016996785,8.347042e-05,0.0004413378,0.014702513,0.01717986,-0.11172021,-0.019018766,0.034734946,0.0046598976,-0.01995086,-7.2452254e-05,-0.0014964975,0.0028922898,0.0041888687,0.033300415,-0.0013772098,0.0025185458,0.009074869,0.0013798467,-0.20323136,-0.1420544,0.00060626346,0.000103187806,-1.9623727e-05,0.0013307189,0.0,-0.00017288375,-0.00038855907,-0.0006216977,0.00025745967,-0.0002711862,0.0020467616,-0.00018341638,-1.359212e-05,-0.0002211206,-6.272009e-05,-0.00065965095,0.0003572146,0.00036624743,0.00033977686,7.954296e-06,-0.0003302571,0.004123449,0.00016845939
-0.107089646,0.16319376,0.069329865,0.0028225225,-0.031229695,0.0067285984,0.2296399,0.000708767,-0.003931327,-0.007013037,0.034963846,-0.021785026,0.007663242,-0.12144297,-0.006646685,0.030348694,-0.00066520507,0.006354767,-0.13117145,-0.015689636,0.0049832906,0.00040041393,0.0012151682,0.000105897845,0.000522823,0.0,5.6582496e-05,0.00027020244,-7.585504e-06,-0.0011416589,-0.00012800134,8.898194e-06,0.0007906204,0.01900855,-0.0037311804,0.20770836,-0.026618576,0.012063401,0.00019158049,-0.03309214,-0.00030715048,-0.0008998086,0.0022018997,0.004703903,0.027836177,-0.0007940589,0.0033972657,0.01572767,0.00038340854,0.043486223,-0.16469553,-0.0048158905,0.0005307136,-1.9623727e-05,0.0009180387,0.0,-0.00025552828,-3.5803143e-05,0.00026386022,0.0005869784,0.00034887585,0.0024447853,-0.00013228916,-3.7219408e-05,-0.000311033,2.9947325e-05,-0.00071854214,0.00064343784,0.00028755443,0.0014536063,3.5143553e-06,-0.0005460602,-0.0040211305,1.9469873e-05
0.15823846,-0.25672072,-0.40880987,0.0028814832,0.06472086,-0.01854735,-0.4682376,-0.0025893415,-0.0040781684,0.034281448,-0.028407045,0.002741777,-0.0030436236,-0.18176061,-0.08586297,-0.045867603,0.0035521847,-0.035949495,-0.08936484,-0.013244091,-0.0010414786,-0.0004698333,0.0017768274,-0.00018848607,0.0027060152,0.0,-0.0005499853,-0.010331577,-0.00012784204,-0.000440571,-0.00029523094,-0.00029377284,0.00058133324,-0.08124242,-0.014169163,-0.1406136,-0.025774103,0.020757204,-0.090609044,-0.026444849,-0.00023359536,-0.00782657,0.0017954216,0.0040166425,-0.067339115,-0.0006489102,0.001420451,0.018012073,-0.00018974052,0.01802802,0.15145096,0.002545647,8.9105975e-05,-4.9988466e-06,0.00070400524,0.0,-0.00023773525,-0.0002654129,-0.00027617958,0.00055745547,0.0063514276,-0.007189105,-0.00028152007,-4.15205e-05,-9.724097e-05,-0.00013412081,-0.00013836271,6.43329e-05,0.0022367516,0.0050449283,7.343631e-06,-0.0005413056,-0.006694702,-0.001782384
0.4518213,0.17826335,0.053303864,0.007125685,-0.05085684,0.0017346281,0.011978779,-0.007932781,0.0003660749,-0.0059444243,-0.0029074934,0.008793653,0.006049774,0.11748091,-0.021964028,-0.06786235,-0.00013996719,0.015004413,-0.06422781,-0.008326492,-0.001245151,-0.00019685835,0.00078606355,0.0005613314,0.001101167,0.0,0.00082546304,-0.0005027862,-1.7180306e-05,-0.001101612,1.9282248e-05,3.2880147e-05,0.00035897843,-0.1246356,-0.004115287,-0.1456464,-0.032051943,0.01795315,0.0069980705,-0.015503853,-0.00026384415,-0.0010626778,0.002830924,0.004280313,-0.05756784,-0.00064112025,-0.041369613,0.019508943,-0.00012498994,0.033625916,0.16835,0.0029137826,0.00047169247,-1.9623727e-05,0.0020898227,0.0,-9.06424e-05,3.2635468e-05,-0.00020022392,0.00038702373,-0.0021744883,-0.0073230304,-9.483006e-05,-0.00021265478,-0.00028360123,-6.9513044e-06,-0.00066812267,0.00023982837,0.00012511009,0.0036760508,4.3583786e-06,-0.0005634461,0.0013121037,0.0001261619
-0.5302539,-0.03090555,-0.18465376,-0.006158809,-0.043490544,0.004945084,0.12960687,-0.0045339433,-0.0058107446,-0.0144011285,0.03580438,-0.042631764,0.005702535,-0.13242985,-0.03636757,0.056732967,-0.0006500525,-0.032009922,-0.17667574,-0.02736058,-0.0030190817,-0.00017665325,0.0016068716,-0.00026454873,0.0024582597,0.0,-0.00089414435,0.0013268001,-8.094923e-06,0.0007256553,-0.00015379985,2.3986377e-05,0.00083879894,0.034677234,-0.004128538,0.21986704,-0.022144742,0.016650412,0.0018488108,-0.026316375,-0.00018446009,-0.00068244454,0.002340024,0.0064378493,0.034340736,-0.00074665714,0.00460095,0.009793932,0.0015079259,-0.18845695,-0.1587498,0.002124567,0.00043463107,-4.338818e-06,0.001207948,0.0,-0.00015837199,-0.00015848399,0.0002695619,0.00054005056,-0.0014517298,0.00236644,-5.1407693e-05,3.1690433e-08,-0.00016505306,3.4867804e-05,-0.00049796293,0.0017283371,0.0015845054,0.0032443774,7.954296e-06,-0.00024148308,0.008566256,0.00015886707
-0.13809602,-0.30533862,-0.30733657,0.013332932,-0.06679532,-0.04172181,-0.07691078,0.005938948,-0.0011901167,-0.011778254,-0.014137463,0.0040020975,0.03072914,-0.15023352,0.032507736,-0.092584655,-0.00013801952,0.008552803,-0.1141989,-0.01527656,-0.0017238824,-7.8832265e-05,0.0009721027,-6.249635e-05,0.000958304,0.0,-0.00031682162,0.0010867916,-2.6467993e-05,-0.0008380744,-0.00011386491,8.574086e-06,0.00060593203,-0.09854728,-0.0034175636,-0.12085187,-0.024506886,0.020991983,0.004067489,-0.03061796,-0.00025203128,-0.00577553,0.0026709964,0.005428359,-0.05546971,-0.00044407664,-0.030385759,0.010990297,0.00024134933,0.041458026,-0.1299958,-0.0059033213,0.0004596203,-4.338818e-06,0.0018822108,0.0,-0.0001998211,-0.0004865445,-0.0012530016,0.0005519901,-0.0025842248,-0.0025852458,0.021504771,-8.12692e-05,-0.00010389227,-0.00057990296,-0.00039793758,0.00029188502,0.003690282,0.00204411,4.3583786e-06,-0.0003370365,-0.011036218,-3.2784243e-05
-0.073994115,-0.025412753,-0.3770261,0.010293641,-0.051028628,-0.003871146,0.16187446,0.015900405,-0.018969763,0.15337129,0.04612893,-0.005259739,-0.0031580322,-0.08052485,0.015797013,0.035922583,0.0006784731,0.0065893712,-0.12031128,-0.01358832,-0.0037714192,-0.0010014891,0.00041320556,-0.00010713524,-0.00037163944,0.0,0.000114983704,-0.0022828844,-7.546479e-06,0.048736624,-0.0003817918,7.1447903e-06,0.0009471884,0.023481961,-0.0044344137,0.20535259,-0.026260654,0.014468868,0.0018595529,-0.0138962725,-0.00011060144,-0.0006353027,0.0025382757,0.006963944,0.044645224,-0.0006692728,0.0042034863,0.014553516,0.00073666807,0.0456532,-0.13619915,-0.0032610737,0.0006155392,-4.338818e-06,0.00085395895,0.0,-0.00017100885,-0.00046277922,-0.0006309489,0.0006772985,1.5412515e-05,0.0020841165,-8.010037e-05,-0.00024000542,-0.00014709099,2.4266272e-05,-0.00052620005,0.0046323678,0.0017803303,0.002470979,7.954296e-06,-0.00050828565,-0.0071387584,4.275125e-05
-0.07724769,0.17270045,-0.3861138,0.005411621,-0.03877913,-0.00023544696,0.12586813,0.007930229,-0.0065352526,-0.010598536,0.03446378,0.01478806,0.02763722,0.17839617,-0.0020574124,0.0017053846,-0.0069726883,-0.023648102,-0.10374387,-0.013466856,0.003415694,0.0018899932,-0.0043157144,-0.0040012,0.00096240797,0.0,-0.000434772,0.00010737646,-1.3390149e-05,-0.0013635942,-0.00026322476,1.159994e-05,0.0009219987,0.02678612,-0.0028146857,0.13198699,-0.03851336,0.015155187,0.0028923946,-0.025636734,-0.00028313108,-0.0018864817,0.0019547623,0.0042313477,0.024699097,-0.00075581064,0.004346813,0.015813472,0.00039195194,0.05508187,-0.15334451,-0.0014698957,0.0004195642,-2.0408525e-05,-0.00022369188,0.0,-0.00015837199,-0.0005518636,-0.00092144747,-9.505954e-05,2.6094349e-05,0.0013587165,-6.695125e-05,-0.00012556562,-0.00022640373,9.811878e-05,-0.0009173476,0.00080984354,-0.0030569797,0.0012505231,7.954296e-06,-0.00031126916,0.00685396,6.8160007e-06
0.7253516,-0.20473592,-0.37294644,0.003793826,-0.06750439,-0.04781667,0.05040802,-0.009597106,-0.006998151,-0.002570353,-0.0139430985,0.16528784,-0.017151106,-0.12464909,0.03381837,-0.06913493,-0.004386666,0.016641114,0.31472465,0.08068442,0.015703334,-0.0002468074,0.012445357,0.0021436284,0.0007466508,0.0,0.0006786958,-0.0006267565,-2.6021537e-05,-0.00052902213,-0.0001952482,-4.58672e-06,0.00034013478,-0.04325117,-0.0040123407,-0.10114627,-0.024944259,0.016594578,0.012791948,-0.021072289,-0.00017039078,-0.0047700536,0.003130878,0.0025026153,-0.035437908,-0.00059099833,-0.005846512,0.015114504,0.00015058072,0.014219325,0.14876956,0.0024966816,0.00018793509,-4.338818e-06,0.0022171324,0.0,-9.5478084e-05,-0.0038119867,-0.0013933079,0.00016512106,-0.0016128134,-0.00084009697,-0.00023733701,-7.817891e-05,-9.2405695e-05,0.002384665,-0.0003874575,2.546183e-05,-0.011899667,0.0066880826,4.3583786e-06,-0.00017082701,-0.016444841,-0.00037391094
-0.71096843,-0.028390242,-0.29453832,0.00843704,-0.051517162,0.017391576,-0.050640445,0.021777045,-0.014050414,-0.0014573318,-0.039996006,-0.010324097,-0.001131265,0.108662196,0.0365817,-0.012474088,0.00085404405,-0.028336046,-0.14753096,-0.02027925,-0.007017308,-0.00024773076,0.0017129628,-0.00026317328,0.0016552014,0.0,-0.0003392534,0.0008901417,-9.1627735e-05,0.00016011579,-0.00051242264,1.0389341e-05,0.0009460568,-0.17499897,-0.0055087106,-0.16487738,-0.039342206,0.018130256,0.003894001,-0.024592433,-0.00021928498,0.06510419,0.002383249,0.0062046065,-0.042044148,-0.00065797305,0.0048356527,0.014647714,0.00020062856,0.015043329,-0.09118619,-0.00067689415,0.00027435078,-4.338818e-06,0.0012593709,0.0,-0.00059908186,-0.00028217034,-0.003909521,0.0005625542,0.02238192,-0.0115396185,-0.00013503802,-3.321111e-05,-0.000160102,-0.00023244516,-0.00031795667,-0.026613329,-0.015346683,0.0016573302,4.3583786e-06,-0.00022333105,-0.008883726,4.6366447e-05
0.24140449,-0.17917722,-0.35680982,-0.0033615143,0.2593675,-0.013722703,0.06113029,0.015203363,-0.01369475,0.008229802,0.026085222,0.025786811,-0.0071781115,-0.15844972,-0.017988859,0.0031872296,0.0016649864,-0.052227736,-0.07245058,-0.011033141,0.004775344,0.00023678284,-0.005563616,-0.00021199908,0.0020244564,0.0,0.03335991,-0.004321275,0.00016234214,-0.00063768175,-0.000105322106,-9.96175e-06,0.00039365145,-0.11312078,-0.003614624,-0.14477406,-0.02518812,0.019836137,0.00543139,-0.01952603,-0.00015486905,-0.0019324778,0.0028217037,0.0074977158,0.07450165,-0.0004486149,0.0031666413,0.013071699,0.00022399153,0.034926195,0.19763371,-0.0007941935,0.00027721724,-4.338818e-06,0.0013042529,0.0,-0.00023101951,-0.00018813722,-0.0014090758,0.0005418838,-0.00013255104,-0.00085387746,-8.8601555e-05,-0.00025424256,-9.954746e-05,3.3599477e-05,-0.00036007786,0.00027851315,-0.012720821,-0.035160683,5.09148e-05,-0.0003701348,-0.0135208545,-0.00036548002
-0.05724981,0.2195991,-0.32769528,0.0057807574,-0.0378111,-0.01924496,-0.32963958,0.0017089007,-0.002321065,-0.0004134174,-0.0035384933,-0.04350454,0.0059167296,-0.14621091,0.004382319,-0.013622115,1.1823489e-05,-0.02477298,-0.09860261,-0.017519174,0.005174528,-0.00013664716,0.0028434144,0.00057563675,0.001304177,0.0,-0.00034874544,0.0007190335,-1.7062484e-05,-0.00096935895,-0.0014751541,7.7630575e-05,0.0011433274,0.0131128635,-0.0027966623,-0.15562324,-0.018361405,0.01627959,0.005116208,-0.01836342,-0.00026525665,-0.00158856,0.0022378785,0.004378939,0.02706698,-0.0016985559,0.0017196815,0.0077140722,0.0008110063,-0.17436565,-0.10422297,-9.883608e-05,0.00021524381,-1.9623727e-05,0.0013186123,0.0,-0.00017768262,-0.0009408857,0.0009423953,-7.853549e-05,-0.00013267138,0.0015680753,-0.00015380068,-1.4205822e-05,-0.00019478559,-9.37882e-05,-0.00058549264,-0.0003205474,0.0017174075,0.00034628814,8.920879e-06,-0.0003428169,-0.007940533,-0.00015215231
0.677763,-0.5733542,-0.35721964,0.0036231882,-0.10046928,-0.023204941,-0.11822753,0.017643655,-3.002867e-05,0.0054078004,0.010388669,0.13033749,-0.008176872,-0.23477425,0.0042733704,-0.014573587,-0.0022406178,-0.114558116,-0.074424304,-0.015660824,0.0020682856,-0.006638727,-0.0131208,-0.00057841226,0.00084534666,0.0,-0.00011018559,-0.019049682,-2.519412e-05,-0.00033101504,-0.0005629354,-0.00033917266,0.00031205404,-0.07515755,-0.010027341,-0.09440191,-0.031430162,0.018345335,0.012345751,-0.02149449,-0.00023497037,-0.0057592154,0.0027900573,0.0047570546,-0.038715772,-0.0008175805,-0.0038434486,0.013427056,-0.00013485162,0.021013182,0.16140245,0.00029384188,8.676865e-05,-4.338818e-06,0.0018344868,0.0,-0.00011463727,-4.4852277e-06,-0.0009238897,-0.04606529,-0.0016713323,-0.0018720668,-0.0003575164,-9.464721e-05,-9.799072e-05,-0.00058875093,-0.0002674419,-5.3751137e-06,0.00075419224,0.005935764,-0.00017757795,-0.00026485018,0.005119456,0.00017563677
-0.5203155,0.22345993,-0.3365316,0.0015796128,-0.05088706,-0.019708578,-0.374747,0.0018357164,-0.0015948033,0.011223315,0.004854689,0.006751876,-0.002230684,-0.28256088,0.04628272,0.0023376711,0.00022696723,-0.001994362,0.38032588,0.06382478,-0.00075442164,-0.0010232622,-0.010349145,-0.0008881267,-0.03587664,0.0,-0.0008384476,0.0004997272,-2.3022772e-05,-0.0006076277,-0.0013814019,9.758849e-06,0.0016882838,0.021813668,0.011485372,-0.15232997,-0.02926312,0.016693728,0.004429401,-0.020724408,-5.809278e-05,-0.0026367186,0.0024742028,0.0064585693,0.022968292,-0.0011113264,0.005174471,0.011893678,0.00015932783,0.035948202,-0.09665557,-0.0010634435,0.00044850924,-1.9623727e-05,0.0005817682,0.0,-0.00018772141,-0.00050708075,-0.00011467277,0.00015869805,-7.159964e-05,0.0033023763,-0.00014253664,-3.6843165e-05,-0.0003208723,-0.00053896615,-0.0004026286,0.00068994693,0.0040640323,-0.0004741735,4.818934e-06,-0.00034681204,-0.006853827,-0.0003231833
-0.1186217,-0.7669681,-0.23205458,-0.0069283843,0.73546875,-0.005170308,-0.377243,-0.05500104,-0.0011017795,-0.010887006,0.0653719,0.016115118,0.01633326,-0.17744003,-0.033082906,-0.022609306,-0.0042962395,-0.015559029,-0.11343741,-0.011815985,-0.0023470612,0.000643243,0.003970546,-0.0013940735,0.0031745473,0.0,0.017475072,-0.0053424886,0.00019256242,-0.0006019046,-0.0004588972,-0.0004160303,0.0007505319,-0.0015845255,0.026029725,-0.17236927,-0.022477342,0.021633353,0.0069629443,-0.018420568,-6.394247e-05,-0.002368871,0.0021511696,0.0036252004,0.027896991,-0.0006091386,5.062827e-05,0.006042691,5.960734e-05,0.027663797,0.17986399,0.0034155787,0.00032549023,-4.338818e-06,0.0006993985,0.0,-0.0006999033,-0.00018064828,0.0005376898,0.000226333,-0.0019331938,0.0052957763,-0.00027408707,-3.1981293e-05,-9.064726e-05,-0.002289414,-0.0006455363,-0.0006893678,0.008061598,0.007708681,1.0550239e-06,-0.00027814088,0.015108406,0.003948857
0.2029351,0.13634333,-0.4296228,0.004580885,-0.038734745,0.0059509757,0.13746756,-0.015539027,-0.0030114665,0.0133086415,-0.012728974,-0.026142687,-0.0043875226,0.16804041,0.013628848,-0.013830049,-0.0065379776,-0.039084867,-0.06437482,-0.01063711,-0.00034817908,-0.0003304649,0.00081240915,0.0004587224,0.0011868584,0.0,-0.0002763583,0.00026845624,-0.00011431746,-0.0013262475,-0.00018609707,1.15553385e-05,0.00073019083,0.023908066,-0.0017608827,0.13771252,-0.025736747,0.015295842,0.003692558,-0.022582456,-0.0002784573,-0.0017885126,0.0018228232,0.005477092,0.038151484,-0.0007185102,0.0040293103,0.016944723,0.000405306,0.049558815,-0.14396745,-0.0069638463,0.00039550057,-2.0408525e-05,0.0003225456,0.0,-0.00024469596,-0.0006944542,-0.00096857204,-0.0003665087,0.00019199454,0.00094079965,-0.00013557167,-0.00024654326,-0.0002825992,7.7043806e-05,-0.0006454821,0.0004364842,0.00047987295,0.0018473411,3.5380172e-06,-0.00046423473,-0.004484328,-4.8806993e-05
-0.5401753,0.20991106,-0.33802328,0.0003277995,-0.06574953,-0.022971703,-0.37651736,-0.0074649625,0.001808791,0.02205189,0.06290921,0.0013076139,0.009428398,-0.26327223,-0.08338653,-0.18000275,-0.0001716935,-0.009599934,0.2952724,0.03477854,0.015151027,0.00023610724,0.010402259,-0.0008828006,0.0035582997,0.0,-0.0005640646,0.00072463823,-1.31822e-05,-0.0005035912,-0.0033826553,1.0438833e-05,0.0010955711,0.023287471,0.01595829,-0.1259637,-0.026173571,0.018592572,0.010584226,-0.029149275,1.4030169e-05,-0.004521607,0.0020974558,0.004049624,-0.041691918,-0.0010126499,0.005340117,-0.17251904,-0.00032140128,0.03508437,0.15567975,0.002107866,0.00012166184,-4.338818e-06,0.00083121355,0.0,-0.00028720454,-0.00018899827,-0.00015828766,0.00018440007,0.00038944912,0.005987136,-0.00010193164,-2.2836946e-05,-0.00019200955,-8.162157e-05,-0.0002691202,0.00072472834,-0.0014512991,0.0003869542,8.920879e-06,-0.00027358555,-0.004168908,-0.0004887116
-0.054274756,0.19628747,-0.38314244,-0.005342644,-0.03908096,-0.01998438,0.15592214,-0.022460427,0.0035163802,-0.02140874,0.0019697412,-0.03074802,-0.0023492582,0.105423786,0.005943893,-0.016780563,-0.00040901155,0.006044199,-0.08047323,-0.012024282,0.003261861,-0.00025523323,0.0005845943,0.0006024332,0.0013768055,0.0,-0.00021337504,0.00020944042,-1.44969035e-05,-0.00088057766,-0.00012227631,9.986958e-06,0.0009438313,-0.19730233,-0.0015318639,-0.13468838,-0.034337297,0.016559182,0.0043691723,-0.016384276,-0.00035751803,-0.00055016566,0.0021817049,0.0056558177,0.026223278,-0.00085301476,0.0035754656,0.019584235,-0.00047449593,0.047359858,-0.12690175,-0.0018279093,0.00067148526,-2.0431644e-05,0.000860086,0.0,-0.0002003417,-0.0008801756,-0.00048148568,0.00035685793,-3.8514245e-05,0.0009750241,-7.250582e-05,-3.8865855e-05,-0.00031039282,9.890009e-05,-0.0006464878,0.00041855365,-0.011263743,-0.01427871,-5.790025e-08,-0.00034407427,-0.0041203084,-0.00010538065
-0.52325577,-0.56487405,0.31568602,0.0025748443,-0.060956262,-0.047062732,-0.06884715,0.0074229357,-0.015480085,0.029503267,0.10333983,-0.06177503,0.00090744236,0.08932576,-0.007094753,0.06756261,0.00031734345,-0.0016329751,0.4143048,0.05305449,-0.0066402974,-0.00017523425,0.0019026515,-0.0015584844,0.002154643,0.0,0.0015433509,0.00027439356,-1.1639556e-05,0.00014441661,-0.0005083749,4.0516083e-05,0.0007975586,0.031042043,-0.0055228206,0.17990495,-0.024150578,0.017348096,0.0019026047,-0.023224993,-0.00013580265,-0.004108641,0.0025168355,0.004486574,0.024407862,-0.000470924,0.0037946962,0.01344821,0.00021367383,0.039096158,0.19751148,0.0034399051,0.00023239128,-4.338818e-06,0.0006462606,0.0,-0.0001228592,0.00017103682,-0.00014748481,0.00032320345,-0.00056879525,0.0026449263,-8.2568484e-05,-2.9028088e-05,-0.00012887019,-8.6962405e-05,-0.00035674794,0.0020926134,0.0015139997,0.0023982916,-2.5544621e-05,-0.00016970721,0.0037227098,0.0016570827
-0.005973627,0.22653571,-0.35587513,0.0045974986,-0.038405523,-0.019008983,0.22751717,0.003123743,-0.0028873705,-0.00972255,0.0045471927,-0.027775021,0.010747528,-0.17544289,-0.006303093,-0.011691812,-0.0005142578,-0.03375862,-0.090014316,-0.016783277,-0.004134772,-0.0010852836,0.0016012235,0.00037014723,0.00064102607,0.0,-0.00015143263,0.00012083672,-2.2795659e-05,-0.00089440815,-0.00012083763,8.898194e-06,0.0010998736,-0.11147959,-0.0037585036,-0.11221694,-0.026134318,0.014739718,0.0060240394,-0.02733714,-8.200234e-05,-0.0019715386,0.0021665338,0.004194642,0.031882346,-0.001122708,0.0043769223,0.01283173,0.0003223774,0.04184014,-0.1304967,-0.0009171315,0.00035617538,-1.9623727e-05,-0.0070206276,0.0,-0.00028464358,-0.0005367746,-0.00073795696,0.0009675906,-1.8369441e-05,-0.010207222,-0.00012980356,-4.1118197e-05,-0.00028036258,-5.517095e-06,-0.0006234062,0.00044557356,0.0016850019,0.0029499945,3.5380172e-06,-0.00028440883,-0.0044578305,-0.00020219304
0.2623819,-0.16190124,-0.23919411,0.0018405587,-0.10327659,-0.021834858,-0.6575699,-0.014703485,-0.0018097877,-0.01911278,-0.028196622,-0.0021082931,-0.010291782,-0.39751837,-0.0048301113,-0.0973406,-0.0003168602,-0.042123936,-0.0822367,-0.012826403,0.00061841944,0.0010648168,0.0123082725,-0.00023962226,0.0013857407,0.0,-8.651776e-05,0.0010996159,-0.0001781536,-0.00059186015,-0.0013778141,3.2454332e-06,0.000606629,-0.08607829,-0.03322237,-0.1292708,-0.03009653,0.020550877,-0.12863433,-0.023583286,-7.1148024e-05,-0.0056933933,0.0028192932,0.0014372529,-0.06742702,-0.00060296815,-0.00048289722,0.0099748885,-0.00071533787,0.025882736,0.14528017,0.0041480395,-0.00012488713,-4.338818e-06,-7.2047646e-06,0.0,-0.00021108692,-0.00017064912,0.000313009,-0.03300953,-0.0005173121,-0.010818511,-7.209239e-05,-5.474185e-05,-0.00010015858,-0.00010225046,-0.0004106632,2.2201402e-05,0.0003308355,0.005144685,8.920879e-06,-0.0007492014,-0.0022265015,-7.089808e-05
-0.079139225,-0.12835397,0.19096641,-0.0015657283,0.3758707,-0.0057902485,0.29130095,0.023798056,0.0019405158,0.011707416,-0.024357447,0.014099017,0.0032738706,0.25440672,0.012605379,0.041928057,0.0034888834,0.0041607176,0.33531705,0.05349221,-0.0026087542,-0.0018589649,0.0049578315,0.0011945367,0.0015135215,0.0,-0.0012445813,1.6604854e-05,1.4799671e-05,-0.000973355,-0.000104933875,5.5085693e-06,0.00077775127,0.011558151,-0.0031861754,-0.08391922,0.17510217,0.01800383,0.0007265566,-0.018022552,-0.00048923824,-0.0015272461,0.0026556214,0.0034694178,0.009250851,-0.0004753927,0.0014637195,0.009798327,0.00029075114,0.03814932,0.2686097,0.0012815043,0.0002404102,-4.4329404e-06,-0.00032535597,0.0,-0.00022717433,0.00011630636,-0.0003263306,0.0005525411,0.0006503804,0.0014256382,-0.00020852766,-5.022986e-05,-9.0892005e-05,0.00047511223,-0.0007225945,0.0006391828,0.0009467189,0.005622565,8.87079e-06,-0.00034744004,0.0035888765,-8.323751e-05
0.38484764,0.12882355,0.34213,-0.003622459,-0.03698676,0.03398738,0.40240833,-0.00059642346,-0.010432415,0.046673726,-0.005013828,0.022132136,-0.02964079,0.48363677,-0.007239843,0.018628633,0.0005817062,0.0025830234,-0.06293798,-0.009351193,-0.0034060446,8.616804e-05,0.000754587,-0.00014746332,0.0011403724,0.0,-0.00025503646,-3.6644535e-05,-1.2673393e-06,-0.0017022088,8.8257395e-05,6.4840875e-05,0.00033670364,0.015627177,-0.0069912523,-0.057399414,0.22808787,0.012294341,0.0010388755,-0.011339459,-0.0001253461,-0.0007278147,0.0017842075,0.0049613686,0.018066112,-0.00060770736,0.0019295953,0.012097535,0.00031070015,0.020344894,0.20637816,0.0018418878,0.00043952922,-4.4329404e-06,0.00093394326,0.0,-3.741149e-05,-1.540752e-05,-0.00085291057,-0.00024586282,0.0010501898,0.0010771218,-6.7984394e-05,-0.00024856252,-0.00031184405,0.00019872223,-0.0003428816,0.00020041273,-0.0016629682,0.00040281255,7.3436304e-06,-0.0005181884,0.00033773296,-0.00186616
0.16564704,-0.20736745,-0.3820793,0.0031623433,0.07974701,-0.021648757,-0.41730544,0.025752291,-0.0023992856,0.0010744744,0.016171083,0.0019125927,0.05235263,-0.34429434,0.0015150796,-0.045549277,-0.0011425775,-0.04815952,-0.08998542,-0.01536429,0.000198087,-0.0002087859,0.00057427847,-0.00013689106,0.0018795761,0.0,-0.0011427723,0.0032526632,-0.00012472646,-0.00067387754,-0.0003721698,2.1377236e-06,0.00047414398,-0.09314136,-0.023791634,-0.13316369,-0.026117884,0.019517312,-0.11628007,-0.020260612,-1.1782558e-05,-0.00865006,0.0026786788,0.0039459923,-0.07274989,-0.0007918756,0.0021686247,0.011858354,-0.0006645506,0.021261234,0.14003524,0.0015855571,0.00018903286,-4.338818e-06,0.0005911902,0.0,-0.00062787655,-2.9067636e-05,-0.0009301082,0.00074946124,0.0032327361,-0.010463735,-0.00020816468,-3.9695376e-05,-9.709955e-05,-0.00017609682,-0.00016749986,-0.0011153776,-0.008959765,0.0022708068,-0.0008715211,-0.00074367976,-0.014137736,-0.0029272595
0.42776218,0.115183614,0.18508494,0.0046124426,0.316764,0.059953425,0.3061432,0.008646027,-0.0009202293,-0.021881407,0.018456914,0.04328503,-0.02000022,0.36878523,-0.010104452,0.015666025,0.0012609088,0.0026749682,-0.062181406,-0.00944149,-0.009057413,-2.8873095e-05,0.0028119113,-0.0010102224,0.0027128663,0.0,-7.632399e-05,-0.0039235414,3.1550786e-05,-0.0023420919,0.00038247762,-1.6590866e-05,0.00025851847,0.012165008,-0.003700675,-0.054336976,0.1818094,0.014165237,0.0008181077,-0.01233624,0.05047368,-0.0019449538,0.0017597588,0.002762311,-0.025369195,-0.000693021,0.0015541408,0.0065253945,9.556541e-06,0.01897862,0.21648517,0.0014495617,0.00031156198,-4.4329404e-06,0.0015359409,0.0,-2.8796047e-05,0.00012238872,0.00058676925,0.00047547338,0.0011529976,0.0020301586,-0.00022520822,-0.00025494123,-0.0002708912,0.0005103838,-0.0010657818,0.00024023572,-0.0007140494,0.0027940348,8.87079e-06,-0.00054635154,-0.0005595533,-0.00043336264
-0.5419384,0.2157884,-0.34875664,-0.004004662,-0.03205965,0.0051666293,0.101305015,0.012550901,-0.009803365,-0.011254813,0.006497939,-0.0005642877,-0.0038150006,0.11743843,0.044473357,-0.004049297,0.0005027673,-0.02599221,-0.13014987,-0.02000962,0.0006505986,6.6257955e-05,0.0019266141,0.0008070671,0.0014461484,0.0,-9.974988e-05,0.00028252802,-5.1785937e-06,-0.000115173156,-0.00037048158,1.5578216e-05,0.00092520274,0.047500677,-0.002399068,0.17603298,-0.035411768,0.012949936,0.0020589514,-0.045013633,-0.00028910246,-0.001153614,0.00079584087,0.0070502595,0.025058465,-0.0008465741,0.004907003,0.015259183,0.00031601085,0.056299165,-0.13267168,-0.00051229034,0.00042923202,-1.9623727e-05,0.001017449,0.0,-0.00025552828,-0.00049469806,-0.0006133447,0.00050537154,-0.00015416578,0.002323609,-5.6319303e-05,-3.7050602e-05,-0.00028692157,-0.0004969077,-0.0006798111,0.0010886812,0.001586966,0.0014536768,3.5143553e-06,-0.000335994,-0.0051319245,-0.00017693179
-0.45599815,-0.043515682,-0.3660632,0.0013972897,-0.056910276,0.0019617702,0.06266618,0.017631749,-0.0042797956,0.005815168,0.0024780578,-0.022965783,-0.0010361077,-0.12990475,-0.06740096,-0.020927645,0.007939839,-0.02744624,0.28248727,0.04541158,0.0058714347,-1.1333267e-05,-0.01772466,-0.00028871943,-0.032264367,0.0,-0.0008628454,0.0016684433,-2.0321122e-05,-6.468794e-05,-0.000564164,8.43463e-06,0.0007930787,0.02838123,-0.004888183,0.30620646,-0.020375783,0.019478925,0.007244065,-0.036799632,-0.000178125,-0.0023817818,0.0027411971,0.007930523,0.056767195,-0.00081707415,0.0031463513,0.014811775,0.00016003083,0.037868362,0.2334268,0.0033788395,0.00026403644,-4.338818e-06,0.0012998502,0.0,-0.00012349486,-0.00053801667,-0.0011498232,0.00053552963,-0.0002703205,0.002642945,-0.00014954737,-3.5992296e-05,-0.00017851217,1.1986633e-05,-0.00031007297,0.0007475719,0.0031387238,0.003231314,-1.8665874e-06,-0.00014535926,-0.0056060744,-0.00030734544
0.7306197,-0.07759199,-0.335657,0.0066822884,-0.060972534,0.012351971,0.13192804,0.01690735,-0.005388263,0.02606075,-0.0138909295,0.106456175,0.09591005,0.22987019,0.013047073,0.030130735,0.000822239,-0.030766271,-0.06865163,-0.01099668,-0.003377858,-0.000109823995,0.0042382283,-0.0001967327,0.001476264,0.0,0.00042368652,-0.0015114232,9.427298e-06,-0.0007038592,-0.00012312966,-1.1447712e-06,0.00018986152,0.022200417,-0.002757757,-0.05088242,0.30016914,0.015367568,0.0008771526,-0.017949807,-0.0003695983,-0.00019059588,0.0018560257,0.0041030734,-0.0003347438,-0.00070590345,-0.025450766,0.013309165,0.00017853732,0.02481699,0.16113126,0.0019617653,0.00019620945,-4.4329404e-06,0.0016560386,0.0,-1.9451181e-05,-6.8906647e-06,-0.00034622196,-0.032046705,0.00033651022,-0.0029509517,-0.00013130708,-0.0001792143,-0.00014029023,5.6052228e-05,-0.00063650287,0.00013962461,0.0019110698,0.004587028,7.954296e-06,-0.0005247454,-0.0034590042,-1.8551327e-05
-0.5725863,-0.035591476,-0.33443365,0.010861851,-0.0007728255,0.06090227,0.4161358,-0.009987348,-0.00043353258,0.03120305,-0.06628481,-0.0067563322,0.04944852,0.47694537,0.018861184,0.037999712,0.0010346016,-0.017942796,-0.14019936,-0.014122601,0.007962599,-3.206527e-05,0.0011700399,-0.00046854935,0.0010850199,0.0,-0.0013281755,-0.009953833,-6.547666e-05,-0.00018220168,-0.00019251641,9.527407e-06,0.0007800019,0.029408796,-0.003116756,-0.072841406,0.27510068,0.01319945,-0.00044548936,-0.028846893,-0.00029216358,-0.0018044392,0.0017875937,0.0049839607,0.01534731,-0.0005387886,0.004125434,0.009837349,0.00016013726,0.047089927,0.21703465,0.00040579427,0.0003578104,-4.4329404e-06,-0.0005703779,0.0,-9.923231e-05,-0.000525529,-0.0018136647,-0.00020562962,0.0008549553,0.0025767745,-0.00012667253,-0.00015285471,-0.00016913102,0.0014450115,-0.0003813402,0.001260125,-0.010240091,-0.01774859,4.3583786e-06,-0.00024227229,-0.0035048258,0.00012683787
-0.43591005,-0.16472353,-0.31490618,0.00576791,-0.04661608,-0.045504596,-0.011446455,0.010264044,-0.00423475,0.01427052,-0.037708007,0.034805525,-0.00083282334,-0.1623791,0.004029516,0.015879214,-0.0011575354,-0.015172582,0.33431324,0.037617423,-0.007859728,-0.00025262477,0.0015856023,-0.002404562,0.001442379,0.0,-0.0017345855,0.0011624258,-2.5829215e-05,8.04987e-05,-0.00053186424,4.6729133e-06,0.0010650842,0.028163137,-0.0035859498,0.2790796,-0.024055641,0.020534234,0.0019422004,-0.019211782,-0.00032174506,-0.004163472,0.002648646,0.006838658,0.03504705,-0.0006185676,0.0046951016,0.01593278,0.00041381057,0.03713374,-0.10528915,-0.0009908442,0.000298624,-4.338818e-06,0.0022228095,0.0,-0.00012899758,-0.000303489,-0.0010371978,0.0001406743,-3.5056408e-05,0.002907658,-0.00015107577,-0.00013005346,-0.00014122423,-0.00016566527,-0.00039958832,0.0008504427,-0.016107803,-0.020581776,4.3583786e-06,-0.00017861289,-0.014724812,0.0004506899
0.016948787,0.008724328,-0.3893622,-0.00084263284,-0.055763587,-0.043731656,-0.06651082,0.018347932,-0.004105024,0.006644246,0.0011998978,-0.0032940442,0.01123961,0.024220908,-0.011935893,0.002061925,-0.000965554,-0.02332405,-0.09060743,-0.012838783,0.0057325,0.0014800185,0.0013244064,6.812692e-05,0.000595633,0.0,-0.00028242258,-0.0010617004,-1.2814015e-05,1.9406474e-05,-0.00026036747,1.6008546e-05,0.00060264644,-0.12525807,-0.00369552,-0.14961311,-0.035820354,0.02146749,0.002768453,-0.023133602,-0.00034199978,0.016106611,0.0023919207,0.008999369,-0.05946685,-0.0008777592,0.0036487752,0.021468615,1.1295227e-05,0.038789216,0.17695174,0.0010253404,0.0003984916,-4.338818e-06,0.0010544983,0.0,-0.00019012886,-0.00027130873,0.025487224,0.0006452188,-0.00049121934,-0.0052199075,-6.661161e-05,-4.4732617e-05,-0.00017554424,-8.035911e-05,-0.0005043713,-0.0026633986,-0.011405748,0.0047430554,-5.790025e-08,-0.00043025092,-0.013878694,9.650477e-05
-0.16397628,-0.055243213,0.2864463,-0.005501365,-0.036178377,-0.012654949,-0.023842271,-0.026073685,-0.004317143,0.011489846,-0.02708904,-0.015214454,0.010876551,0.12907284,0.042571705,-0.03842272,-0.0006716745,-0.035461728,-0.13728759,-0.01696256,0.0057640583,-0.00025135477,-0.010709397,-0.0046224426,0.00093955576,0.0,0.00072635524,0.00032527125,3.185318e-06,-0.00035344422,-0.00013519869,1.6959526e-05,0.00071236736,0.019626075,-0.004186181,0.1704956,-0.017873365,0.019323437,0.0026744672,-0.025209129,-0.00026951166,-0.0038327319,0.0031919759,0.0050164424,-0.0674664,-0.0012291124,-0.09404205,0.012227829,0.00022109503,0.0415841,-0.14566937,-0.0050559784,0.00017374865,-4.4380067e-06,0.0016791716,0.0,-0.00058155594,-7.348526e-05,-0.0009876912,0.00051528035,-0.0026267662,-0.007487178,-7.2532566e-05,-0.0006464076,-0.000105239684,-1.648589e-05,-0.0004735693,0.00030980253,0.0059234235,0.0026483766,7.954296e-06,-0.00036046564,-0.0062784855,-0.00018838324
0.1556396,-0.83139235,-0.34392017,-0.0005943275,0.2946313,-0.036438573,0.0008386759,0.0056057726,-2.0116913e-05,-0.03196008,-0.04445789,0.057972282,-0.017596822,0.19756848,0.0032149483,-0.02609486,0.0027793236,-0.044665847,-0.082186975,-0.011682092,-0.00017447783,0.00066056923,-0.0012134992,-0.0022024252,0.002565073,0.0,0.001123166,-0.00348845,7.186568e-05,-0.00051890727,-7.164441e-05,-0.0008169399,0.0005127457,-0.1575266,-0.004320167,-0.15073667,-0.030032087,0.018528214,0.00553472,-0.027992794,-0.00026919297,0.0009841203,0.002253594,0.0048725284,0.06260004,-0.00042211098,0.002642808,0.016183922,0.00015848757,0.029383497,0.19882417,0.0036093711,0.00023848897,-4.4329404e-06,0.0005140182,0.0,-0.00021570022,0.007117269,-0.002970568,0.0003608307,-0.0029069649,-0.0040755137,-0.00015434797,-3.4282788e-05,-9.70951e-05,-0.0015984126,-0.00025109126,0.00014505735,0.0034477022,0.0069242017,0.00012348061,-0.0003529006,-0.010060358,-0.00025086064
-0.0707097,-0.20968579,-0.16570392,-0.0070264046,-0.046011295,0.003293747,0.0024528557,-0.018332107,-0.003083458,0.0010706702,0.106689796,-0.014423256,-0.0063241874,-0.14680284,-0.021966642,-0.01810866,-0.00054250454,0.008456981,-0.123750925,-0.016149985,-0.0026153666,-0.00013732178,0.0020147616,0.0021133686,0.0011683237,0.0,-0.00054134487,0.0008865389,-1.2814015e-05,-0.00081757875,-0.00033545104,6.9794005e-06,0.00015761651,-0.10079938,-0.0044303467,-0.124507435,-0.023044787,0.019169148,0.0040125456,-0.01659822,-0.00026794866,0.035039846,0.001638546,0.005967483,-0.044314943,-0.0009200409,0.002156599,0.014578554,0.00027749335,0.03999416,-0.11433741,-0.00481674,0.00035258956,-4.338818e-06,0.0014894326,0.0,-0.00012570941,0.05951849,-0.0006086483,0.00058191334,-0.0021366677,-0.0058933524,-0.00033994875,-4.4627493e-05,-0.000113316084,-0.00053524924,-0.00038675446,0.00032291797,0.0033349067,0.004413054,4.3583786e-06,-0.00025533777,0.004318303,-0.00010282191
0.51709753,0.10875788,0.1883169,0.006120737,0.27052602,0.04222723,0.36978155,-0.026216557,0.0024742074,-0.0064616776,0.0031969883,0.13792032,-0.0014306649,0.4548066,-0.013473634,0.0045199166,-0.00047478307,0.0026810793,-0.06871168,-0.011956823,0.0003214591,-0.003275123,-0.004880503,-0.00028096055,-0.021881435,0.0,0.0002942496,-0.0042252745,-2.358726e-06,-0.00036843313,0.00042160793,-1.7251805e-05,0.00026978768,0.009610842,-0.004411834,-0.056244485,0.18827942,0.011050785,0.0018647055,-0.010307739,-0.0003757622,0.0011862176,0.0012576213,0.0033604726,0.011255672,-0.0006064106,0.0013416656,0.014306767,0.0004117637,0.029965116,0.2184363,0.0016749384,0.00024932073,-2.0408525e-05,0.00072197494,0.0,-1.6469094e-05,-0.00038293347,0.0015393905,0.00022538178,0.00094982993,-0.004217959,-9.3613366e-05,-3.821575e-05,-0.00024311687,0.00019476653,-0.0011679126,0.0001921237,-0.00069850986,0.0041630305,4.421144e-06,-0.00043140358,-0.0025510713,-5.5904165e-05
-0.5575968,0.19791348,-0.2926207,0.0042497353,-0.088401414,-0.030118193,-0.3906509,-0.01135687,-0.0006863084,-0.035133082,0.03266208,0.030545603,-0.0024059473,-0.30366263,-0.018664954,-0.13034174,-0.0015068041,-0.023295905,-0.106812574,-0.0144039355,-5.49069e-05,-0.0019988706,-0.027071677,0.0027853341,0.003604632,0.0,0.00017192824,0.0024993722,-0.0002545274,0.00030939135,-0.0011849803,1.0465505e-05,0.0009406673,-0.12215393,-0.01763971,-0.15155946,-0.02616033,0.015370282,-0.121163584,-0.020114502,-2.6198479e-05,-0.011044769,0.0019741342,0.0045800437,-0.042733308,-0.0010400483,0.00410699,0.0082059065,-0.0003753999,0.03798832,0.15937325,0.00036151957,0.00048668412,-4.338818e-06,0.0012081527,0.0,-0.00068004505,-0.00014790034,1.8637824e-05,0.00026650348,0.0069813686,-0.02077389,-9.623643e-05,-3.751082e-05,-0.00031484995,1.39238e-05,-0.0002611317,0.00033673242,-0.00052694697,0.0030485983,8.920879e-06,-0.000452754,0.008320961,0.000157303
-0.49752647,-0.00819406,-0.4121623,0.00425962,-0.04773439,-0.031225821,-0.013482519,-0.01348991,-0.006545875,-0.00085859303,-0.059876963,-0.06913134,0.019064581,-0.15232663,0.042191975,0.086964756,-0.0038337873,0.0112697845,0.35687006,0.03672301,0.0058799814,-0.00044681458,0.0077420124,-0.002028439,0.0012346832,0.0,-0.000777186,0.0017484024,-1.5640055e-05,0.00031802754,-0.0006590431,6.0253806e-06,0.00073986937,0.03412256,-0.0047739437,0.266001,-0.022772208,0.016067525,0.0024352304,-0.018906944,-0.00045007243,0.029053811,0.0019313808,0.009454482,-0.096283436,-0.0010801458,0.004391639,0.014984879,6.599411e-06,0.03949159,0.19416058,-0.0016354262,0.00021551471,-4.338818e-06,0.0016356217,0.0,-9.65321e-05,-0.00070006325,-0.0011331354,0.00025657457,-0.0003852393,0.0026911849,-8.068169e-05,-3.7124104e-05,-0.00017660997,-2.4849407e-05,-0.00031393094,0.0014048123,0.0025281017,0.0014414699,4.3583786e-06,-0.00023306008,-0.009390785,-0.00015103332
-0.5354824,-0.010837685,-0.34171435,-0.008827358,0.30443838,0.0026654464,0.12068439,0.012898377,-0.0065607997,0.010700262,0.054771964,-0.0055628517,0.02522024,0.037479743,-0.014817237,-0.0003568984,-0.010715707,0.0045174235,-0.1295316,-0.021613173,0.00080950157,0.0004689324,0.0010443681,-0.00039026912,0.0030166118,0.0,-0.001216077,-0.0007166815,0.00018429355,1.3771763e-05,-0.00023327663,-6.0422663e-06,0.0007446267,0.040204894,-0.0032787619,0.19295795,-0.031672202,0.01829146,0.0018338856,-0.028596416,-0.000112987436,-0.0010072901,0.0020599316,0.009467663,0.03352107,-0.000405021,0.004425331,0.013892527,0.0002204062,0.045874484,0.23177344,0.0026468225,0.00038714468,-4.4380067e-06,0.0007617287,0.0,-0.00015874792,-0.0003141939,-0.00041097897,0.0005288593,-0.00015920673,0.0019283799,-6.416705e-05,-0.00012333442,-0.00020002674,0.00015473895,-0.00065734854,0.001466551,0.0038613712,0.0029398089,0.00017307441,-0.00026837602,0.0083336,0.00028846512
0.2147657,-0.005841127,-0.19133992,-0.0029161524,-0.06648546,0.022735126,-0.38318688,-0.0029235017,-0.00088821753,-0.02900026,0.00333702,-0.0039794426,-0.014206582,-0.30848247,-0.0011950596,-0.12640695,-0.001373044,-0.030337704,-0.09297916,-0.010574806,0.00046099012,0.0004103833,0.0036540648,-0.00027053218,0.0026927325,0.0,-0.00016538371,0.0009406853,-0.0001066691,-0.00073339255,-0.0011714654,7.4755386e-05,0.0010430724,0.016632212,0.019094454,-0.13125978,-0.023055278,0.019629326,0.01092632,-0.014486697,-0.0003004136,-0.0029214276,0.0028148468,0.003289793,0.033916734,-0.0006090709,0.0036738294,0.00936767,0.000623432,-0.17695746,-0.10302954,0.0006865345,0.00017546398,-4.338818e-06,0.00084208086,0.0,-0.0001874873,-8.3610066e-05,-0.0003632557,0.0004857332,-0.0015432085,0.0020826834,-8.302561e-05,-1.0136944e-05,-0.00013076619,-8.607999e-05,-0.0002830219,-0.00053507596,0.00018393714,0.0028175362,7.343631e-06,-0.00065167196,0.0037325798,0.0001863634
-0.18796772,-0.55290985,-0.344279,-0.014288087,-0.0812351,-0.03197366,-0.36338314,0.013779647,-0.020006303,-0.027048938,-0.07032992,-0.0024553032,0.032235645,-0.21056972,-0.019748889,0.084639676,0.0015820101,-0.03834477,-0.101697065,-0.013210691,-0.0014858851,-4.7299294e-05,-0.0009856671,-0.0011344219,-0.0020405017,0.0,-0.0023475136,-0.0057243486,-3.4806887e-06,-0.0036561666,0.0073187025,4.5233746e-06,0.00038561205,0.008272493,-0.017167633,-0.14653046,-0.026460413,-1.0462252,-9.0820424e-05,-0.024608282,-0.00019840954,-0.0017680915,0.002059093,0.0048355083,0.017955959,-0.0009990071,0.002351332,0.004456452,-0.00027562102,0.022661801,0.15308508,0.0013096561,0.0003154585,-4.338818e-06,-0.00080642494,0.0,-0.0001100957,-0.002080122,-0.0012849998,0.0006366292,1.3913046e-05,0.0031845185,-0.00030681212,-4.055079e-05,-0.00017709388,-0.0009750522,-0.0010232938,-0.00016124126,-0.010831789,0.0014373121,-4.2452477e-05,-0.0003394487,-0.012972619,-0.00016382153
0.54208046,-0.24806392,-0.21292235,0.0019141878,-0.08309562,-0.009037298,-0.05026438,-0.05644022,0.001212252,-0.009851439,-0.009147514,0.11219342,-0.0028391285,-0.25879747,-0.012921211,-0.028809227,0.0030334513,0.011490319,-0.08210544,-0.013087689,0.0032149353,0.00213362,0.0032322018,-3.3312605e-05,0.0019584768,0.0,-0.00045600603,-0.0018847055,-2.2277789e-05,-0.0006609767,-0.00024177543,-4.58672e-06,0.00054964493,-0.10634129,-0.011371039,-0.10689546,-0.025089726,0.01623177,0.014331643,-0.02565272,-0.00018596162,-0.0011200011,0.0026058222,0.0040128683,-0.07505459,-0.0008089363,0.00078172574,-0.21604083,-0.00024269147,0.005541066,0.17022794,0.006779657,0.0002029949,-4.338818e-06,-0.020860726,0.0,-0.00057351193,-3.3244974e-05,-0.0002503516,0.00025497275,0.0007791396,-0.008181534,-9.127304e-05,-4.333405e-05,-0.000103239356,-9.52025e-05,-0.0003085359,0.00021190534,-0.002016909,-0.039392103,7.954296e-06,-0.0003952562,-0.0016464941,-0.0011807985
-0.17739159,0.2190209,-0.32621688,-0.0047888444,-0.04149872,-0.012821164,0.13311999,-0.034678232,-0.008789376,-0.020739198,-0.037397385,0.020720594,-0.04883694,0.16409925,0.027051425,-0.00868971,0.005174336,0.0072512743,-0.09579141,-0.015072932,0.00796448,0.00040648656,0.0005930855,0.00073434104,0.0011260408,0.0,-4.9043367e-05,0.0040148357,-1.2039143e-05,0.0010285169,-0.000257741,1.4081927e-05,0.0006797718,0.032423947,-0.002145788,0.13629091,-0.025115322,0.013842772,0.0034625472,0.16680248,-0.00029515455,-0.0005411012,0.0022967958,0.0066620195,-0.029144792,-0.00089490006,0.0028693806,0.017552173,0.00031757096,0.042495076,-0.14010622,-0.0024427725,0.00065901014,-2.0408525e-05,0.0005519655,0.0,-0.0005671595,-0.0009783023,-0.0003392131,-0.00062206434,0.00045062118,0.001656966,-7.210734e-05,-3.953996e-05,-0.0002513148,0.00018999842,-0.00059291953,0.0014650818,0.00013448093,0.00035299532,7.954296e-06,-0.0003357332,0.0038416914,-0.00042220202
-0.54650575,0.17348796,-0.36898535,-0.0026622543,-0.049347714,-0.043484274,-0.3122249,0.007885281,-0.0040882747,0.007909598,-0.03288862,-0.046547603,0.0065813577,-0.21397002,0.022125026,-0.008615288,0.00064662984,-0.009714485,-0.13554575,-0.017004093,-0.0039011915,-0.00026322363,0.0022749775,-0.0001008357,0.0028334612,0.0,-0.0005922268,-0.000690372,-1.0540435e-05,0.0016585295,-0.00210664,4.256062e-06,0.0016105374,0.025069974,0.008421895,-0.17271174,-0.026128069,0.019446544,0.0066054757,-0.02574893,-0.00013150087,-0.002110733,0.0009617722,0.0057332125,0.022967262,-0.0014727432,0.0039058127,0.01167932,0.00036162365,0.043589447,-0.105104834,-0.0027592606,0.00019779164,-4.338818e-06,0.001458433,0.0,-0.00017602756,-0.0006364249,-0.00024097467,0.00034596535,-0.00017802286,0.0034331998,-0.0001423123,-3.647223e-05,-0.00027227355,-0.00016684046,-0.00025353022,0.0012131482,0.0011046935,0.0007252561,7.343631e-06,-0.00014837751,0.0041216537,0.00014588394
0.08499962,-0.04435087,0.16713573,-0.0017353136,0.2855422,-0.01848592,0.3547856,-0.017569002,0.0073439274,0.03306991,0.017998047,0.023054203,-0.013802962,0.41669497,-0.013744209,0.025383504,0.0019403961,-0.037627,-0.070083626,-0.0137884235,0.0043783113,0.0024371531,0.0031833015,-0.00048967276,0.002232325,0.0,-0.00034875041,0.0007747963,-9.094815e-05,0.03821529,-0.00014543238,-1.5099497e-06,0.00045763413,0.013731197,-0.0033655048,-0.06977891,0.18546733,0.014795203,6.982667e-05,-0.009462158,-0.0001539756,-0.00084831123,0.002576863,0.004240521,0.019359566,-0.00048445445,0.001595515,0.0128671955,0.0002819308,0.034879044,0.22757977,0.00086880656,-2.269819e-05,-4.4329404e-06,0.00013992326,0.0,-9.136456e-05,0.00061699556,-0.000752469,0.0005851139,0.0008249224,0.0005999865,-6.9648304e-05,-0.00025713982,-0.00012794175,0.00068344886,-0.00066847727,0.0013289797,0.00021539221,-0.016607037,8.87079e-06,-0.0004401984,0.0024486051,-0.00010264508
-0.44880062,-0.29833528,-0.35164645,-0.0045985747,-0.08140377,-0.0032954018,-0.6589824,0.0002583,0.0018192979,0.0040518628,-0.0129919695,-0.026408836,0.0065021426,-0.22025278,0.0021506958,-0.07567767,-0.0012987412,-0.028400121,0.3464924,0.04524452,0.0013627224,0.0010307776,-0.009053148,0.01090648,0.0007972922,0.0,-0.0003753968,0.0026093528,-4.9888364e-05,-0.00060774846,-0.0010043897,1.0983976e-05,0.0006610017,-0.08205079,-0.012664333,-0.14256366,-0.029121459,0.017621147,-0.11669139,-0.026159387,-8.85754e-05,-0.007854602,0.001742796,0.004056718,-0.052554872,-0.000615172,0.0044369698,0.010366567,-0.00066448643,0.024975784,0.1665439,0.0014719457,0.00014410817,-4.338818e-06,-0.0002529201,0.0,-0.00011615286,-0.000105274805,-0.0011954707,0.0005609858,-0.00019592412,0.010693515,-0.0005872927,-3.8616075e-05,-0.00012313263,-0.00023165683,-0.0005347307,-8.986864e-05,-0.019801669,-0.016549753,7.343631e-06,-0.0002457528,-0.010938622,-0.00035779076
-0.4212385,0.09927907,-0.36523813,-0.0036594593,-0.046673786,-0.028396519,0.35870227,0.015841108,-0.0051883776,0.015533771,-0.001813899,0.026820693,0.024487732,0.20144145,0.020949543,0.03378755,0.0027181953,0.016729569,-0.085622884,-0.00832781,-0.001648952,-0.00038574063,0.0012889967,0.00017132082,0.0011353662,0.0,-0.00069767365,0.00064559723,-1.2152727e-05,0.0012506407,-0.0007050986,1.9802112e-05,0.0006799718,0.036679205,-0.0022453656,0.15316126,-0.04020189,0.0142942555,0.0030816002,0.24995403,-0.00018638211,-0.0017314566,0.0015536685,0.006074165,-0.02440873,-0.00071244256,0.0030386595,0.011818101,0.00014793532,0.039316855,0.22828203,-0.0014596051,0.000539641,-4.4329404e-06,-0.0005976969,0.0,-0.00024781667,-0.00048089272,-0.0006546166,0.00044603515,0.0007487937,0.0020152957,-5.8640733e-05,-0.00015599847,-0.00031111567,-0.00031937772,-0.0005100557,0.002218897,0.0019431337,0.0008727039,7.954296e-06,-0.00028477923,-6.72727e-05,0.0015245485
0.20573182,0.1702247,-0.39728397,0.003807301,-0.034916952,0.008147195,0.14096293,-0.02839639,-0.0020228778,-0.007273624,0.0033997514,-0.0056131603,-0.006334583,0.105684206,0.021643056,-0.016426718,-0.0007306037,-0.041127052,-0.07853179,-0.013874177,-0.000968503,-0.00041656924,0.0014183943,0.00043617925,0.0014224923,0.0,2.3386961e-05,-0.005419518,-3.6188394e-05,-0.0005413407,-0.0033550703,7.658075e-05,0.00054022024,0.022980323,-0.00082466315,0.1503611,-0.021698324,0.016104981,0.0035622895,-0.017388457,-0.00024426926,-0.0005067286,0.002079071,0.0040938086,0.038210694,-0.00061534904,0.0036100177,0.012780575,0.0010995528,-0.22140856,-0.14590886,0.0010716175,0.00063425227,-4.338818e-06,0.0015507599,0.0,-0.00028403607,-0.0005564806,-0.0008091729,0.00015170265,-0.0008247603,0.00090241217,-0.00013837346,-1.7214701e-05,-0.00022113265,-3.088675e-05,-0.00018483044,9.053405e-05,0.0016844522,0.0016130026,3.5380172e-06,-0.00038107982,0.01052197,0.00027827595
-0.63577765,-0.024362482,-0.30228606,0.0056338143,-0.041212495,0.015066621,-0.06724544,-0.0031321286,-0.009299335,-0.023175016,0.024671238,-0.03978568,-0.007819048,-0.16593377,0.00349063,-0.014305556,0.0044499934,-0.016223285,-0.14496613,-0.028624292,-0.00012285737,0.0003747471,-0.006244038,-0.00027978228,-0.039110262,0.0,-0.000306636,0.001910811,-4.2669013e-05,-0.00018735346,-0.0005905798,7.2961443e-06,0.00093829015,-0.1485097,-0.0061286213,-0.14271855,-0.026207892,0.01709115,0.0030674415,-0.023871271,-7.7286386e-05,-0.006909551,0.001965021,0.0063500544,-0.052412637,-0.0010474044,0.004129169,-0.20359683,0.00017215063,0.02211454,-0.09585583,-0.010151201,0.00029119983,-4.338818e-06,-0.028157104,0.0,-0.00058056193,-0.00069638126,-0.0006990626,0.00041517656,0.0008751533,-0.018524144,-7.534228e-05,-2.5462798e-05,-0.00015133055,-0.00045821522,-0.00030825075,0.00025492464,0.0024345543,0.0028663676,3.852351e-06,-0.00027041323,-0.002277639,-9.151372e-05
0.17874141,-0.015101032,-0.36532956,-0.006570117,0.2729239,-0.003361675,-0.023332646,-0.016955676,-0.00053516246,0.004238016,0.017401904,0.005259801,0.011868432,0.08454183,0.014011149,-0.012696237,0.0039104237,-0.04639288,-0.08679471,-0.012091849,-0.0066943667,0.0023622906,0.0014043758,-0.0004566138,0.002174123,0.0,-0.00058972754,0.0008255008,0.00016255071,-0.00059060194,-0.0001832789,-8.39107e-06,0.00031953122,0.021339789,-0.0038800403,0.2541863,-0.017451594,0.025578666,0.0039733164,-0.008031043,-0.00011997158,-0.0024846543,0.003145955,0.010065134,0.06771412,-0.00088822906,0.0023831564,0.022108113,0.0002562506,0.04259184,0.22561625,0.00097161985,0.00034685116,-4.4380067e-06,0.0025900288,0.0,-0.0001953618,-0.00036395324,-0.0004295458,0.00020467865,-0.0006532969,0.00086512486,-8.804589e-05,-0.00013271406,-0.00013502206,9.345673e-05,-0.00036299374,0.00021221107,0.0018527218,0.00521713,0.00017307441,-0.0005952924,0.009193185,0.00032613662
0.3392427,-0.22735561,-0.3118121,0.003481928,-0.070351295,-0.017554047,-0.044478722,0.0061604474,-0.0030304096,0.022575602,-0.0033089737,0.02993347,-0.012346464,-0.16662045,0.06376717,0.016265638,-0.0007467836,-0.031673975,-0.07499836,-0.014259083,-0.0013875901,-0.00033534906,0.00017145113,-5.2018942e-05,0.0009266739,0.0,0.001841894,-0.0011691089,-2.4881203e-05,-0.00026049602,0.0011257658,-4.58672e-06,0.00037634952,-0.10017958,-0.0054586297,-0.12012425,-0.031349797,0.018854788,0.0050169406,-0.021342928,-0.00033010956,-0.00029048015,-0.42079857,0.0065434794,-0.09543307,-0.0006740719,0.0014741864,0.015154676,-9.098462e-05,0.010675186,0.18539591,0.0102180885,0.00018491152,-4.338818e-06,-0.008412161,0.0,-0.0001755213,-0.00014419088,-0.00022485973,0.00050036877,-0.00046109533,-0.0067190574,-8.108447e-05,-4.5573048e-05,-0.000109837696,-4.248916e-05,0.0510726,0.0004080748,-0.008154546,0.0044041406,4.3583786e-06,-0.00029132245,0.008395758,0.0015538004
-0.09244347,-0.05468734,0.31481418,-0.0053084204,-0.03420606,0.010274572,0.0071172556,-0.009150045,-0.0016661854,0.0077957297,-0.010962213,-0.0154548455,-0.007537185,-0.09751567,-0.0024932867,0.025589652,0.0007303145,-0.02560022,-0.14385076,-0.011835079,0.0061110235,0.0010321955,-0.0040694945,0.0007030347,0.0012402566,0.0,-0.00032262053,0.00035081813,-6.655255e-06,1.44857e-05,-0.00021611198,8.947606e-06,0.00069859007,0.017267596,-0.006989136,0.24077895,-0.01657008,0.019591441,-0.0002501004,-0.031726424,-0.0004769979,-0.0004785751,0.0030111736,0.0060289623,0.036135495,-0.0009915783,0.003774655,0.019222386,0.00043473954,0.040999033,-0.13524337,-0.0042141075,0.0003362238,-4.338818e-06,0.0015655636,0.0,-7.6710894e-05,-5.2831154e-05,-0.00049473654,8.710289e-05,-8.842794e-05,0.0028992256,-6.640041e-05,-3.5938967e-05,-0.00014520234,2.4193228e-05,-0.00040618147,0.00047844122,0.0010364283,0.002670613,4.3583786e-06,-0.00043908434,0.0069577056,9.115033e-05
0.20028241,-0.44707206,-0.23366405,-0.0011150617,-0.0818473,0.0016799088,-0.062169548,-0.0017984355,-0.00030329174,0.018953102,0.08985785,0.0021717602,-0.043432165,-0.19335406,0.030075068,-0.016694952,0.0016586453,-0.020865792,-0.13558273,-0.021466112,-0.0027348853,-0.00014035981,0.00090293563,-0.00023419692,0.0013578489,0.0,0.0014974339,9.791656e-05,-0.00011646414,-0.00046266112,-0.00016734723,-2.1068117e-06,0.0005354285,-0.09237916,-0.0059421277,-0.1103281,-0.027180742,0.020742187,0.007369113,-0.009963463,-0.00021833743,-0.006121099,0.0028512739,0.0039269417,-0.06408237,-0.0006398991,-0.026753321,0.008547473,0.0012653964,-0.12481224,-0.11715462,0.0075316182,-0.038010858,-4.338818e-06,0.0005871112,0.0,-0.00021137785,1.4301913e-06,-0.00044270957,0.0004301812,-0.0054017063,-0.003948498,-0.00010373922,-0.00058841344,-8.521809e-05,-0.0008338014,-0.00025676572,-0.00018397206,0.0010988921,0.0027829711,-2.5544621e-05,-0.0003278673,0.005321503,0.00031622537
0.37554234,0.19561438,0.0330031,0.0012517059,0.027758805,-0.029855954,-0.39734173,0.021943258,0.0010026587,0.020427005,-0.0012391014,5.9128062e-05,0.012079692,-0.3288756,-0.01799127,-0.02151477,-0.0028606814,-0.04022339,-0.07684863,-0.01188269,-0.0010926775,-0.00012989684,-0.011049966,0.0017038819,-0.026855137,0.0,-0.0001715215,0.0011299346,-2.0868578e-05,-0.0007583106,0.00014826714,1.37557545e-05,0.0005342711,-0.07276136,-0.0311167,-0.13795356,-0.027560906,0.019864153,-0.09067123,-0.02368943,-3.1748998e-05,-0.005790965,0.0022852516,0.003931964,-0.062819295,-0.0016801255,-0.0021547244,0.01020813,-0.0003135392,0.03596324,0.13836303,0.0021530197,0.00022241325,-1.9623727e-05,0.003922152,0.0,-9.912443e-05,-0.000597141,0.0007580778,0.00023096355,-0.0074761943,-0.0067047323,-0.00014203598,-4.3965978e-05,-0.0002665942,-0.00055842684,-0.00037093426,9.8835415e-05,0.00015528256,0.0007674615,3.2416856e-06,-0.00045707135,-0.0004251842,-0.00034420763
-0.40048254,0.11049938,0.37846002,0.0028184527,-0.025806783,0.08144979,0.39833096,0.015572952,-0.010471476,0.003231628,0.06694943,-0.022881215,0.0057008276,0.5287228,0.042963102,0.033585925,0.000104923754,0.016432814,0.3069636,0.045671873,0.0045732404,-0.0005883751,0.0027114789,0.0029561918,0.0014127131,0.0,-0.0008771262,0.004299699,-2.2718565e-05,-0.0003687607,-0.00017593715,7.022825e-05,0.0007484707,0.02953651,-0.00592723,-0.053473275,0.218392,0.012834315,-0.0001762804,-0.018238861,-0.00023574126,-0.0019788484,0.0022675514,0.0055870772,0.01571545,-0.00041136303,0.0029747067,0.008225414,0.00020775295,0.04890838,0.221034,0.0012047114,0.000334791,-2.0408525e-05,-0.0007743716,0.0,-0.00019231385,8.8141205e-05,-0.0007282533,-8.5575375e-05,0.0012791908,0.002952979,-8.683812e-05,-3.1709802e-05,-0.0003187696,0.0005161068,-0.0005321056,0.0009497737,-4.999079e-05,4.3394844e-05,4.5046e-06,-0.00040063885,0.00025324186,0.002723985
0.6618467,0.07995669,-0.33876395,0.0013527648,0.020794228,-0.020500612,-0.04393002,-0.008040741,-0.003738327,0.0027490528,-0.0072513563,0.04563796,0.05328327,-0.13783875,-0.0092058955,0.0016879307,-0.0059966384,-0.04089799,-0.071886815,-0.011114822,0.006067316,0.003945157,0.005516842,-0.00015282125,0.0017108961,0.0,-0.00016265082,0.0004739575,-1.0388791e-05,-0.00015525623,-0.0013252806,-5.333084e-06,0.00028108337,-0.07300198,-0.004845117,-0.091455944,-0.032286055,0.0202155,0.010614747,-0.01933177,-0.00021268179,-0.0023577325,0.0020196354,0.0065076826,-0.06756406,-0.00095795793,0.00037961054,-0.1579859,-0.00014513778,0.025491482,0.17357516,0.0025675418,0.00019301071,-4.338818e-06,0.0032027476,0.0,-0.0002893782,-0.00019650921,-0.00035901045,0.00048331034,0.0011307824,0.0040537966,-0.0001296679,-3.0428975e-05,-0.00016141169,-0.00012726954,-0.0005001178,0.00016805202,0.0020014003,0.0068948995,3.5143553e-06,-0.00053869456,-0.015500028,-0.00015780097
-0.04821794,0.24358822,-0.24194892,0.0155785335,-0.05452509,-0.02595038,-0.13678777,-0.02652218,-0.004759932,0.01065937,-0.00879637,-0.025165252,-0.018996272,-0.17137906,-0.007163309,0.067206115,-0.002187777,-0.035311792,-0.09230493,-0.013728653,-0.0007180653,-0.0001573817,0.002112006,-0.0022663695,0.00097120064,0.0,-0.0025405863,0.0005882132,-2.1303995e-05,-0.0009247996,-0.0006334626,1.4761223e-05,0.00074609293,-0.07948449,-0.00795657,-0.123289675,-0.028580384,0.020663604,0.01244379,-0.01573658,-0.00021584393,-0.008335226,0.0022132313,-0.4084558,-0.07069051,-0.0010336329,0.0038496489,0.013023311,-0.00013897225,0.01354625,0.16495088,0.001010355,0.00046388284,-1.9623727e-05,0.00074991776,0.0,-0.00016803217,-1.6494389e-05,-0.0010028132,0.0004436776,0.002372908,0.025572581,-8.186444e-05,-0.00026355434,-0.0002712165,-0.0036090205,-0.0005416125,0.0007307676,-0.0009147537,-0.027702829,2.6882908e-06,-0.0004837476,-0.0020163353,-0.0008157407
0.3615743,0.106477305,-0.3663616,-0.0016399026,-0.050069235,0.035951223,0.38043556,-0.01416907,-0.00020369087,-0.0114957495,-0.050403163,0.0058036074,-0.020996807,0.36059174,-0.027792457,0.008809011,0.0018722032,-0.028951485,-0.059819587,-0.01045294,-0.0006313316,-0.0013714578,0.001370138,-0.0020305363,0.0008115328,0.0,-0.000328398,-0.00050206773,1.3251707e-05,-0.0011886783,-7.370953e-05,1.4453514e-05,0.00028656542,0.01444888,-0.0032077827,-0.057930563,0.26521444,0.014967623,0.0011361449,-0.016330702,-0.00017230755,-0.0012761183,0.0018345115,0.003025656,0.017225128,-0.0005874066,0.0019389438,0.012022375,0.00024897585,0.03260228,0.19322349,0.0006202866,0.00028009203,-2.0408525e-05,7.05968e-05,0.0,-0.000118326796,-0.00023338216,-0.00065245136,0.00048263549,0.0019558545,0.0011696116,-6.752098e-05,-3.6489757e-05,-0.00028238838,0.00014459302,-0.0007824435,0.000117521115,0.0006159815,0.0023497883,-5.790025e-08,-0.00052779925,0.0066600568,-0.00013614405
-0.5704026,-0.029913101,-0.16566242,-0.0057969373,-0.05625199,-0.0045536854,-0.28190392,-0.0044697295,-0.004611881,-0.013266283,0.034101736,-0.032810066,0.025294987,-0.32624385,0.019997822,0.030818433,0.0040213694,-0.015622411,-0.15491544,-0.025351163,-0.0011543869,-0.0001040283,0.0027906809,-0.00028014494,0.003067414,0.0,-0.00092343456,0.0002118952,1.8919002e-06,0.00033588236,-0.0016131165,7.4755386e-05,0.0013205411,0.023071958,0.018047724,-0.15746935,-0.028407294,0.018033316,0.0021515894,-0.022996005,-0.00011942955,-0.0016819208,0.0026365826,0.0051152576,0.021638652,-0.00078277616,0.00418076,0.0063479086,0.0012008135,-0.17570096,-0.11392298,0.00067492103,7.733988e-05,-4.338818e-06,0.0010046441,0.0,-0.00015837199,-7.264108e-05,-9.4814044e-05,0.00049975765,-0.0004953813,0.0043065376,-6.3855376e-05,2.0049856e-06,-0.00016354199,-4.7958285e-05,-0.0004373417,0.0010155407,0.000535975,0.0019331977,8.920879e-06,-0.00041234217,-0.0024140168,-0.00024269722
0.43849823,0.095831774,0.30039483,0.004076349,-0.04094725,0.061218094,0.40976796,0.012232558,-0.005178982,0.029617436,0.035116848,0.011126811,-0.007859299,0.40123647,-0.006809914,0.016537577,0.0014314314,-0.044774555,-0.054733943,-0.008382364,-0.0012841929,-0.0003720564,-0.003754887,0.0012333918,0.0011507996,0.0,-0.00021766053,-0.00019044557,-9.897176e-06,-0.0018519305,2.9821254e-05,6.488548e-05,0.000246606,0.016510362,-0.006070776,-0.05341755,0.2146916,0.011676865,0.001157475,-0.014942139,-0.00017807624,-0.0013157395,0.0009833013,0.0024449006,0.016863514,-0.00044928337,0.0029343495,0.0067208475,0.00032626488,0.017938418,0.21094824,0.0024635715,0.00024551645,-2.0408525e-05,0.00053896685,0.0,-5.2251784e-05,-0.00029188555,-0.0015157281,0.00056074024,0.0008076152,1.3176385e-05,-0.000108789165,-0.00024636392,-0.00028349055,1.2318858e-05,-0.0006290767,0.00023938317,-0.0010850452,0.0011222735,7.3436304e-06,-0.0005162515,-0.00051978586,8.525632e-06
-0.6464901,0.110891975,-0.2081632,0.0053065754,-0.037523583,-0.011591943,0.23179679,0.016246587,-2.3015964e-06,-0.037831046,-0.011407511,-0.05338109,0.003818253,0.2509885,-0.031364717,-0.014703455,-0.00080115406,-0.026195679,-0.13098621,-0.02891585,0.0017153783,0.0012602892,0.0011847396,0.00029424083,0.0020483742,0.0,-0.0002264153,0.0023541236,-0.00028155025,0.0018419138,0.015841454,7.437149e-06,0.00044540112,-0.21358414,-0.003739888,-0.12842637,-0.053166706,0.015838014,0.0036361974,0.20448813,-0.00035238493,-0.007174893,0.0013396745,0.004872602,-0.02352501,-0.00086820615,0.0056627295,0.01713668,0.00030426114,0.04506614,-0.12978,-0.0037225604,0.0006022926,-4.4329404e-06,0.0006281074,0.0,-9.18013e-05,-0.00036595773,0.0360381,0.00048629253,0.0001676582,-0.011743001,-8.79632e-05,-3.7219415e-05,-0.0002907353,-0.0006717293,-0.0004960965,0.0012957074,0.00018697303,0.002176747,4.3583786e-06,-8.5426174e-05,-0.005615742,-0.00048169054
-0.098324254,-0.04978616,-0.31650132,-0.006545735,-0.050517075,-0.018591791,0.12262386,0.019988779,-0.008065448,-0.012449809,0.049526006,-0.0039062705,0.0024847994,0.077187516,-0.009006143,0.044976413,-0.0011018981,-0.025772672,-0.13842766,-0.018668136,-0.00592343,-0.0021730245,0.0013708847,-4.9159906e-05,0.0007609023,0.0,-0.00038183766,0.0014141096,2.6891014e-06,-0.0008685632,-5.6003093e-05,7.412241e-05,0.00084673305,0.031341724,-0.0042935433,0.13236457,-0.031572808,0.014984041,0.00072420656,-0.026753735,-0.00026141826,-0.00044728193,0.0021680347,0.0048132017,0.027216649,-0.0006596705,0.0044159745,0.00961336,0.0012997127,-0.13481028,-0.13114454,0.00061135937,0.00014868271,-4.338818e-06,6.199116e-05,0.0,-0.000105723804,-0.00032207574,-0.0004063289,0.0009417379,-0.00082043896,0.0012900612,-5.041137e-05,-2.6851207e-05,-0.0001322639,4.189306e-05,-0.0005403142,-8.251042e-05,0.00535152,-0.019161869,7.954296e-06,-0.00028880747,0.01207342,0.0016824573
-0.085224055,-0.24660312,-0.3526429,-0.006002282,-0.051993456,0.0065801507,0.023321599,-0.037214994,0.0016480715,-0.014326694,-0.0070205373,-0.0003687724,-0.0103946095,0.1737706,-0.006540087,-0.01969575,0.00073893386,-0.019568985,-0.13585167,-0.017251277,-0.004084561,-6.596216e-05,0.0007048071,5.3115473e-05,0.001124034,0.0,-0.00066167774,0.0013616974,-4.235142e-06,-0.0003099828,-1.3589582e-05,-6.529028e-07,0.0006808412,0.02490149,-0.0022630554,0.15438934,-0.02516332,0.015707612,0.0026623674,-0.036746915,-0.00041790048,-0.0008854428,0.0020949151,0.0053169737,0.027152432,-0.00054225593,0.0022947052,0.010187026,0.0014964116,-0.16029032,-0.13900204,0.00077123573,0.00043364085,-4.4329404e-06,0.00088558893,0.0,-0.00011558745,-0.0007121721,-0.0004942622,0.0005184474,-0.0011235863,0.0013351691,-7.073566e-05,-2.1862306e-05,-8.80826e-05,-0.00029940082,-0.00038060208,0.00017084948,0.002190345,0.0031814692,4.3583786e-06,-0.00023542592,0.007071222,0.00021667103
0.54011154,0.011910278,0.5508578,0.0070375735,0.10256851,0.051206395,0.3621454,-0.008787433,0.0074503324,0.045539312,0.017806308,0.07187798,0.01845118,0.39639688,0.024430053,0.027790373,0.011019816,0.012945742,-0.049562495,-0.009219698,-0.009742845,4.83992e-05,0.000777833,-0.00043739373,0.002595617,0.0,-0.00042305936,-0.0024737252,5.0323342e-06,-0.0017184251,0.00016893948,-6.685411e-05,0.00027396152,0.01643389,-0.0052854833,-0.051551405,0.21367891,0.015088713,-0.0013188182,-0.016671022,-0.00033172852,-0.0009100439,0.0013571592,0.0027678814,-0.030439124,-0.00065760437,0.0019716471,0.009995764,-0.043715708,0.04568246,0.1915824,0.0014819063,0.00039505845,-4.4329404e-06,0.0007009388,0.0,-7.336421e-05,-7.508112e-05,-0.0006403075,7.7097226e-05,0.0028839987,0.0023711328,-0.0003257806,-3.9121645e-05,-0.00016421135,0.0004094006,-0.00089557545,0.0027816352,-0.00027816868,0.005065277,0.00017142916,-0.00044351735,0.000110639325,-2.395227e-05
0.27781263,-0.030408269,-0.41812682,-0.003359174,-0.04316779,-0.02317043,0.17286977,-0.024873955,-0.008720522,-0.008997043,0.03589581,-0.0058001517,-0.009964245,-0.15210578,0.008397621,0.002059573,-0.0009320115,0.019960942,-0.08782047,-0.012612016,0.0017827982,-0.00043624215,0.0011168856,5.8792124e-05,0.0015383012,0.0,-0.0002951186,0.00027069068,-0.00010269286,-0.00075834297,-0.00028678062,6.934799e-06,0.00037423547,0.01995747,-0.0046333415,0.21204206,-0.022095993,0.02159139,0.0039328043,-0.024025247,-0.00023501417,-0.00068379333,0.0027462568,0.0074376455,0.06914792,-0.0012500318,0.003614333,0.016582819,0.00074531394,0.039183754,-0.16236655,-0.003480266,0.00011618385,-4.338818e-06,0.0007604688,0.0,-0.00017621713,-0.00061316165,-0.00069207756,0.0006371618,3.3986136e-05,0.0024226506,-7.2749026e-05,-4.831307e-05,-0.00014509092,3.3195698e-05,-0.00054003706,0.00033465415,0.0020000418,0.0015511012,7.954296e-06,-0.00028956414,-0.0072804345,-0.00021717919
-0.23855709,0.15984838,0.014498551,0.007546412,-0.035634954,-0.020598967,0.15446176,-0.0065735634,-0.0027671237,0.004193454,-0.022339424,-0.04407849,0.020323824,0.095716156,0.0023723757,-0.021263786,0.0005905168,-0.027645588,-0.13149406,-0.022637598,-0.0029332174,8.986015e-06,0.00091012625,2.0082367e-05,0.000557159,0.0,-0.0006035459,0.00011073591,-1.9818175e-05,-0.00066833064,0.0005747532,7.8077035e-05,0.00079998234,0.02488141,-0.00229104,0.14910732,-0.024950495,0.015561045,0.0030600685,-0.028250871,-0.0003019417,-0.0012476984,0.0019207359,0.003705232,0.021265216,-0.00090007985,0.004572558,0.010832732,0.0013900714,-0.19890302,-0.14616643,0.0009685419,0.00052863784,-2.0431644e-05,0.00016697183,0.0,-0.00058116944,-0.00010294312,-0.00019583435,0.0005258793,-0.00040812872,0.001476938,-0.00014185299,-1.6085341e-06,-0.00022231886,3.162158e-05,-0.0005865789,0.00087536534,0.00061506697,0.0007754451,4.3583786e-06,-0.0004556979,-0.0016409039,-9.467128e-05
-0.58171767,-0.25986674,-0.3258448,4.916134e-05,-0.1084921,-0.049913354,-0.6041859,-0.014650461,-0.0035029368,0.0046501067,-0.033304263,-0.054748237,0.0065277545,-0.39442217,0.008995185,-0.058378413,-0.0009442979,-0.028854972,-0.13593005,-0.021922152,0.001234405,0.0008410202,0.0031352004,-0.00019640208,0.0022969404,0.0,-0.00087899866,-0.009865943,-0.0004705797,0.0010038491,-0.0015870549,9.661433e-06,0.0006695624,-0.10812319,-0.019434782,-0.15283419,-0.02662204,0.015156783,-0.12937509,-0.025371488,-7.8496945e-05,-0.006007954,0.0019954955,0.0039451616,-0.05369482,-0.0004828755,0.0027788826,0.0095000295,-0.0011753395,0.02424555,0.15108466,-0.0009910545,0.0001475923,-4.338818e-06,0.00037811723,0.0,-0.0002416288,-0.0002766212,-0.00014926662,0.00020751564,0.007699038,-0.027405411,-0.00019480962,-3.4117045e-05,-0.00010869885,-0.0003300517,-0.00020485563,0.0011080039,0.0031901926,0.005023694,7.343631e-06,-0.00025591778,-0.0065872916,-0.0001091992
0.19608779,-0.5532719,-0.40872556,0.0047117537,-0.10655943,-0.024065804,-0.10112993,0.0064191413,0.0004855403,-0.0036254118,-0.033654775,0.014997914,0.0060353,-0.19880684,0.004826487,-0.025221484,-0.0012328337,-0.03727022,-0.088856876,-0.01268693,-2.3371864e-05,-0.000693628,-0.0012011027,-0.0001837817,0.0010957248,0.0,0.00010976981,0.0008484444,-0.00011859098,-0.0007746896,-0.00021481082,3.6579172e-06,0.0004524493,-0.089437,-0.006449576,-0.13034163,-0.023404133,0.023944024,0.010817855,-0.018581746,-0.00028958212,0.045228817,0.0023966127,0.0050185155,-0.067786455,-0.0010579224,-0.0008684995,0.013908026,5.793767e-06,0.029506303,0.17268604,0.0028050407,0.00033298176,-4.338818e-06,-0.009741351,0.0,-0.00021169512,-0.00083802745,-0.0008378696,-8.0593396e-05,-0.0024299363,-0.005199271,-0.0002883789,-4.1363346e-05,-0.00010117984,-0.00073721964,-0.00039823673,0.00035674975,0.0047885887,0.0040507866,-0.00017757795,-0.0002401729,-0.0075005027,-9.806193e-05
0.2111067,-0.04053043,-0.38967502,-0.041669652,-0.0676985,-0.019212097,-0.42012146,0.058934323,-0.00980544,-0.04961197,-0.049226202,0.02074752,0.000117124524,-0.10312463,-0.025200628,0.04465777,-0.011315285,0.008111171,0.3879553,0.04888254,-0.00132612,-0.0007546704,0.010210594,0.0015377584,-0.0016296725,0.0,-0.002130204,0.0013009293,-2.4708113e-06,-0.0033439528,-0.0012713639,3.2454332e-06,-0.00011011332,0.006710773,-0.018175883,-0.16832486,-0.030546395,-1.1252923,0.00405574,-0.0131169325,-0.00011098663,-0.0023738013,0.0026227217,0.0051851314,0.027542748,-0.0007452634,0.0011686146,0.008598186,0.0001880272,0.018063929,0.11085194,0.0015691216,0.000303203,-4.338818e-06,-0.0001003115,0.0,-4.8773178e-05,-0.004023081,-0.0007755397,0.00069031765,3.6222278e-05,0.0029257652,-0.00038655443,-3.816429e-05,-0.00022779759,0.00021150336,-0.00030921533,3.644097e-05,0.0005419702,-0.0017315622,7.343631e-06,-0.00064583676,-0.008181654,-0.00037205822
-0.5536934,-0.071989916,-0.180933,-0.007188961,-0.045924045,0.01057371,-0.018367711,-0.004443811,-0.0030224388,-0.010502973,0.013998043,-0.04618404,-0.018317949,-0.17572148,0.0014390863,-0.011556386,0.0051071714,-0.036745723,-0.15056427,-0.0190926,0.003436227,-0.0005417166,0.0020329913,-0.00024140885,0.001843185,0.0,-0.0001443522,0.00010826376,3.2949833e-07,-0.00019098393,-0.00042973383,9.186611e-06,0.00078213296,0.030298064,-0.0048348242,0.23100533,-0.022523154,0.015754068,0.0045090765,-0.039879423,-0.0002732905,-0.0022963178,0.0030564347,0.0071817604,-0.072177105,-0.00090199546,-0.08455368,0.014950544,0.0003474696,0.033619825,-0.1123388,-0.0040672054,0.00038526283,-4.338818e-06,0.0013807755,0.0,-0.000678395,-0.0001662871,-0.0007514337,0.00010142519,-0.0028384998,0.005852325,-6.763847e-05,-0.00014263872,-0.00018091899,-0.0006032989,-0.00026408982,0.00074660557,0.0012075213,0.0033584933,3.5380172e-06,-0.0003497968,-0.0062363856,-0.00018194213
-0.4901092,0.19381617,-0.32325834,0.0052524535,-0.04054628,0.03622333,0.15049262,-0.018742925,-0.01398137,-0.020969838,0.046576183,-0.028904343,0.001737512,0.082901485,-0.027046861,-0.002364216,0.0009209425,0.011721738,-0.12375422,-0.023949383,-0.0033097651,-0.0007888851,0.0011796084,0.00023245122,0.0016476639,0.0,-0.00037634984,0.0008476089,-9.500549e-06,0.0014131078,-0.0007671627,9.024906e-06,0.0008710762,0.040935174,-0.0027080076,0.18238907,-0.031127034,0.014027417,0.0024122442,0.21139935,-0.00015024481,-0.0013277832,0.001991919,0.0047339527,-0.033987887,-0.00048676872,0.0052813077,0.015212482,0.00038655184,0.045592446,-0.1327088,-0.0031187125,0.0006732312,-4.338818e-06,0.0015825476,0.0,-0.00057782215,-0.00039792925,0.00010077403,0.0005877742,0.0006953378,0.0026949795,-6.782444e-05,-3.9769882e-05,-0.00020840984,-0.00031246248,-0.00027580836,0.0022417018,0.0022463636,0.000684944,7.954296e-06,-0.00035670382,0.0052202777,0.0011148815
-0.550044,-0.5353323,0.39322343,0.0008453231,-0.07049823,-0.04730631,-0.42298672,-0.00314283,-0.00951735,-0.029403208,-0.07287902,0.016046513,-0.0016848614,-0.36102647,0.0012712978,0.017894967,-0.004619375,-0.01124539,0.32091713,0.049912542,-0.0018833252,-0.00011021845,0.0025743903,-0.0012838326,0.001705932,0.0,-0.001722647,6.697384e-05,-0.0004553222,-9.145428e-06,-0.00079415017,6.2242675e-06,0.0008833581,0.02545493,0.029277414,-0.1419554,-0.023648398,0.019503318,0.004804806,-0.027343776,-0.00012952709,-0.0030246368,0.0030375673,0.003226324,0.020241523,-0.00084930396,0.0048498735,0.00873564,-0.00021793073,0.045828182,-0.11177283,-0.011093474,0.00019712404,-4.338818e-06,0.0007975581,0.0,-0.0004048578,-5.679163e-05,-0.00024503795,0.00026783597,-0.0003005067,0.0060806614,-0.00038407705,-3.2660682e-05,-0.0001261395,-0.00028953384,-0.00019435673,0.0007853426,0.0010621101,0.00036522953,-3.80362e-05,-3.372306e-05,0.0013760381,0.0008407043
0.15656127,0.003510125,-0.3787904,0.0050441786,-0.04941343,0.023001822,-0.116249345,0.002831695,-0.0021484282,-0.007397774,0.04428732,-0.0004871085,-0.0131055135,0.14790711,-0.065993614,-0.01087698,-0.00081366673,-0.033479236,-0.08707479,-0.01483333,-0.0008109615,-0.00032687793,-0.006327551,8.858531e-06,0.00082785194,0.0,0.00034418542,0.0011619176,-4.7850088e-05,-0.0007141057,-0.0007023725,7.5991506e-05,0.0005360427,-0.10991551,-0.003583989,-0.13064943,-0.032812305,0.019644206,0.0047228383,-0.016841603,-0.00017618726,-0.005151726,0.0017724171,0.0048355083,-0.057231605,-0.00080418214,-0.04636667,0.016095228,0.0010085199,-0.10711854,-0.10230128,0.0032545635,0.00036889993,-4.338818e-06,0.00070452766,0.0,-0.00028403607,-0.0003430788,-0.002037777,0.0005934547,0.09861373,-0.0023698334,-0.00013385815,-4.60529e-05,-0.00012938285,-0.00010957197,-0.00036829675,8.692608e-05,0.0019238497,0.005747033,3.5143553e-06,-0.0005979675,-0.0131322,-0.00021412421
-0.48734012,-0.17169505,0.13303731,-0.0039234567,-0.0524262,-0.045145366,-0.033068772,-0.032041192,-0.0022495433,-0.022308607,-0.025626002,-0.028883427,-0.03065843,-0.06196348,-0.020521296,-0.07559703,0.0011545483,0.0034253688,0.39418575,0.045338683,-0.0038153657,3.5837513e-07,0.0014903963,-0.0014770715,0.00031618675,0.0,-0.0015585994,0.00017023826,-6.5639106e-06,0.00023433096,-0.0006296978,1.0315119e-05,0.0007722966,0.02509272,-0.0045566815,0.343406,-0.022036515,0.017938629,0.002826327,-0.033859234,-0.0002472336,-0.0033827408,0.0030996802,0.005087982,0.03616007,-0.00033784195,0.0051599173,0.017602291,0.00016112199,0.03869467,0.20190987,0.00036307832,6.794523e-05,-4.338818e-06,0.0014041325,0.0,-0.0002123729,5.9372935e-05,-0.0020500964,0.0004090597,-4.839677e-05,-0.0022388713,-0.00013396943,-5.281367e-05,-0.00010900598,-7.156781e-05,-0.00025480415,0.0007067191,0.00069787726,0.0037147384,7.954296e-06,2.433815e-06,0.005218938,0.00026558488
-0.58906794,-0.013223335,-0.337663,0.0054606884,-0.06833144,-0.03825529,-0.1620435,-0.035820108,-0.010334036,-0.0026283239,0.0015568299,-0.032429412,-0.01743597,-0.2704867,-0.015793173,0.001044999,-0.005791786,-0.025227532,-0.14015576,-0.022417337,-0.0022123097,-0.0004997651,-0.0044158967,0.004340489,0.0022094748,0.0,0.0048372564,-0.0019844817,-3.4045424e-05,-5.613218e-05,-0.00171964,9.19031e-06,0.0004889514,-0.09859715,-0.02029394,-0.13441023,-0.02939026,0.018053094,0.006335906,-0.022466011,-0.00020004853,-0.0090624355,0.0015996136,0.006097201,-0.043273427,-0.0012103264,-0.060402546,0.012956106,-0.00034933907,0.02472509,-0.09943842,-0.0041141207,0.00023133979,-4.338818e-06,0.0014206101,0.0,-0.00017433337,-0.00033554158,-0.0012738053,0.00079891185,0.010528877,-0.014184814,-0.00011793096,-8.940443e-05,-0.0001532326,-0.00014045979,-0.00035203688,0.00040314678,0.0025571603,0.0014338631,4.3583786e-06,-0.00030570317,-0.007247312,-5.14524e-05
0.13341789,-0.2185199,-0.2677228,0.022045832,0.36872974,-0.020298235,-0.48525187,-0.06745735,-0.003566255,0.04396996,0.04500289,-0.024520429,-0.07819474,-0.19119431,-0.0543454,-0.013105986,0.019201515,0.0009977029,-0.07056921,-0.009508751,0.0017834377,0.0007158065,0.0011421583,0.00011051996,-0.0001576706,0.0,-0.0007665987,0.000798207,-6.665563e-05,-0.0044490937,-0.00042976695,-3.6508823e-06,0.0005088543,0.008699091,-0.012731379,-0.19212043,-0.02368627,-1.0879807,0.008491726,-0.015868004,-5.7721532e-05,-0.003598983,0.0019749836,0.0027642085,0.036311664,-0.0006801877,0.0026007607,0.01095694,5.5020526e-05,0.020680506,0.13891286,0.0009852385,0.00021852017,-4.338818e-06,-0.0011577235,0.0,-0.00029402168,-0.0023793417,-0.0005931271,0.0003619616,-0.0025288523,-0.018092591,-0.00036062783,-0.00016084164,-0.00018059475,0.00014936879,-0.0013647287,0.0001048197,0.0008362235,-0.0076224105,0.00017362477,-0.00049617596,0.014252128,0.004110266
-0.11395798,-0.35455173,-0.30655327,0.0058261687,-0.09566309,-0.03809396,-0.43872043,0.029120773,-0.0016691205,0.027240757,-0.011555288,-0.0165518,-0.006569009,-0.418974,-0.014100812,-0.080577895,0.00041189493,-0.01527745,-0.107727274,-0.01845091,0.0077715437,-4.596142e-05,0.0011365328,0.0011858193,0.001896536,0.0,-0.002055008,-0.009406692,-8.701513e-05,-0.000991575,0.016221367,9.443911e-06,0.00054885546,-0.06888931,-0.025638806,-0.11557896,-0.021383988,0.017661639,-0.09914596,-0.025982307,-4.597349e-05,-0.006912304,0.0021359986,0.0036573578,-0.052482024,-0.0007964252,0.0013662761,0.009022347,-5.012489e-07,0.033263475,-0.112202466,0.00026286117,0.00028547575,-4.338818e-06,-0.015672773,0.0,-0.00020067906,-0.00067536643,-0.00012387289,0.00022478381,-7.4709445e-05,-0.012938969,-0.00043573038,-0.000121753925,-9.694704e-05,-0.0005182579,-0.00018388039,6.535137e-05,0.0051923366,-0.0008951295,7.343631e-06,-0.00026801706,-0.008279636,-0.00021926567
-0.0941637,-0.023151787,-0.3613242,-0.006165379,-0.060677838,-0.028092273,0.16472815,0.0054545477,-0.017561024,0.0040299823,-0.011487468,-0.011573547,-0.0013436842,-0.08304479,0.010223442,-0.10980959,-0.0002612527,-0.0013204898,-0.12086432,-0.015541721,0.005762363,-0.00021983325,-0.0076836743,0.00025333214,0.0010435364,0.0,-0.0001507794,0.0013445446,-4.235142e-06,-0.0007961285,2.732228e-05,7.381491e-05,0.00091309374,0.022548,-0.003304551,0.20313956,-0.01741816,0.015992017,0.0033093707,-0.021259593,-0.00047894675,-0.00053578796,0.0023753115,0.003334926,0.039997462,-0.00033040505,0.0030395365,0.013980899,0.0012159311,-0.19174634,-0.14439577,0.0008691819,0.00023601638,-4.338818e-06,0.00043632297,0.0,-0.0001874873,-0.0005110569,-0.0011953922,0.0009472345,-0.00029659653,0.0019386664,-7.190807e-05,-2.1182048e-05,-0.00013494889,-4.0405026e-05,-0.00037660432,0.00039145714,0.0022572633,0.0012319267,7.954296e-06,-0.0003961222,-0.011257481,-0.0001112314
0.2011904,0.15002367,-0.005276646,0.0050507085,-0.03222987,0.017384127,-0.004398389,-0.02985518,-0.0008284786,-0.021678345,0.014104772,-0.015886294,-0.016217602,0.1263926,0.010051465,-0.024279308,-0.00087689434,0.0115138935,-0.08167801,-0.013475543,-9.687782e-05,-0.00011954911,0.0010536185,0.00027402825,0.0010925872,0.0,-0.0004368404,0.0001059084,-3.0999534e-05,-0.0014214448,0.000518867,8.0675716e-05,0.0004349168,0.019980837,-0.0026698115,0.20011151,-0.022628786,0.018791715,0.002525845,-0.017041046,-0.00033751532,-0.0008546423,0.0029381502,0.004603349,0.03425256,-0.0007566553,0.0031557982,0.015413761,0.0011803235,-0.2183012,-0.15205088,0.0011609124,0.0005275524,-2.0408525e-05,0.001489949,0.0,-0.00017682466,-3.360211e-05,-0.0005887166,-2.181754e-05,-0.0012535049,0.00076388026,-0.0001473696,-6.780605e-06,-0.00022143575,5.2333988e-05,-0.00080587616,0.0001586722,0.00035418043,0.0013919448,7.954296e-06,-0.00058385043,0.0033929755,0.00027627344
-0.0042055855,0.031954862,-0.37708554,0.0012435159,-0.06132486,-0.04245137,-0.37746,-0.021447737,-0.007503859,-0.004734115,-0.0006692587,-0.0042612366,-0.019833717,-0.28505212,0.012663535,-0.03613944,-1.7649203e-05,-0.007645911,0.43160522,0.051567063,-0.0008748553,-0.00028315597,0.0058983737,-0.0012447775,0.0015306422,0.0,-0.00045618555,0.0011880343,-4.410869e-06,-0.00031417006,-0.001960826,9.439544e-06,0.0013448788,0.012199829,0.019834848,-0.12906754,-0.0242821,0.020908723,0.006448432,-0.019120432,-1.4318455e-05,-0.0027217357,0.0029979772,0.004030782,0.02802044,-0.00089671195,0.0041107186,0.011711005,0.00012382712,0.04144267,-0.09073078,-0.0031434968,-9.0613335e-05,-4.338818e-06,0.000781245,0.0,-9.535094e-05,-0.0010227517,-0.001061891,0.00038032728,-0.0001275299,0.004315564,-0.000214699,-4.3135005e-05,-0.00014134885,-1.6178818e-05,-0.0002039486,3.423284e-05,0.0005352504,0.0011524714,8.920879e-06,-0.0002866199,0.0077124657,0.00033703897
0.1614545,0.09078118,0.2839901,-0.009692677,0.146777,0.043046176,0.37009507,0.019529367,-0.0076009124,0.013143261,0.004415114,0.00069439877,0.01098863,0.44131923,-0.011964818,0.012200449,0.0013718323,0.044498667,-0.065811485,-0.013135753,0.00075255486,-0.003949176,-0.0030841837,0.0013658062,0.001473795,0.0,0.00022963955,-4.1258045e-05,-8.812203e-05,-0.00175188,2.1701857e-05,5.676079e-05,0.00031331685,0.018377544,-0.005859654,-0.06595834,0.21332105,0.016012562,0.0008559117,-0.013215692,-0.0002239967,-0.0011239013,0.0021655909,0.0051411763,0.023335794,-0.00053046126,0.002247901,0.012492866,0.00039795617,0.038085435,0.21794078,0.0015870846,0.0003683115,-4.4329404e-06,-0.0005532197,0.0,-6.832242e-05,-2.5098238e-05,-0.0009341808,0.00031860184,0.0012752669,0.0010879944,-8.779873e-05,-0.00024856252,-0.0001957507,0.00016656247,-0.00057993905,0.00026811557,7.4326213e-06,0.004293244,0.00017272671,-0.0007509235,0.0013479793,6.559174e-06
-0.5424675,-0.056410905,-0.31426284,-0.0056616873,-0.052957423,-0.030642642,0.01780375,-0.0077187913,-0.004471174,0.008344476,-0.011703082,-0.04274375,-0.00035779632,-0.13077088,-0.0050340286,-0.02171391,0.001103215,-0.035445113,-0.1704992,-0.018122446,-0.0031876785,-0.0008942796,-0.003313961,0.00074172695,0.0013753952,0.0,-0.00024930004,0.00030899374,-3.885561e-05,-0.0004986054,-2.9767316e-06,7.381491e-05,0.00079886016,-0.15440466,-0.003809216,-0.13255917,-0.024466071,0.0145820975,0.003749623,-0.031870436,-0.00037125527,-0.008879121,0.0011344176,0.0057105557,-0.049922984,-0.0003511167,0.0031447401,0.012845857,0.0011649876,-0.18024255,-0.121864825,-0.00040692103,0.000112207425,-4.338818e-06,-0.016213918,0.0,-0.00019591257,-0.00048080424,-0.001464028,0.0008371547,-0.0013752857,-0.017834974,-9.9153316e-05,-1.63305e-05,-0.00013690736,-5.281117e-05,-0.00037871144,0.0005891989,0.0013807262,0.0028337021,4.3583786e-06,-0.00022794705,-0.007304254,-0.0011619044
-0.51858133,-0.7084645,-0.20720197,0.00035807877,-0.07889811,-0.038652543,-0.38182893,0.032600906,0.013161582,0.012359606,-0.042572312,-0.054914244,-0.014567263,-0.29818186,-0.0063379654,-0.10609335,0.0039375667,-0.04400679,0.35367116,0.032943495,-0.004069999,-0.00044605523,0.0017794993,-0.0015427169,0.00017704014,0.0,-0.0011759831,0.00016473638,-1.1656532e-05,0.00010722881,-0.0008723747,-0.0003097341,0.0008579327,0.022354536,0.040779993,-0.13934752,-0.030893179,0.015731806,0.0063480055,-0.021979205,-0.00011365444,-0.003097317,0.0022874516,0.003185098,0.019068457,-0.00033369262,0.0018780731,0.006921681,0.0001578799,-0.109790355,-0.10515045,0.0059983064,0.00031070044,-4.338818e-06,0.00028408982,0.0,-0.00042698745,0.0023241837,-0.0014177432,0.00023850788,-0.00071853295,0.012117469,-0.00066400593,1.1605847e-05,-0.00011169525,-0.0017707064,-0.00016668836,0.0001838378,0.0006316589,-0.00070245424,-3.80362e-05,-0.00010685604,0.0028511018,0.0010194748
-0.560629,-0.023527365,-0.36372533,0.0069125653,-0.046951786,0.008677251,0.030939508,-0.0073840558,-0.0021610619,-0.019786883,-0.02204311,-0.039910994,0.0037131156,-0.19201763,0.032804914,-0.018996013,-0.0012898853,-0.029181864,-0.12936108,-0.01334653,-0.0036003748,-0.00035022976,-0.010180924,-0.0001789206,-0.04380477,0.0,0.00058961,-0.00058699556,-1.7859686e-05,0.0006516388,-0.00046371744,3.0292597e-06,0.00060413673,0.036718115,-0.0028711655,0.24147041,-0.018023321,0.013302068,0.0041846647,-0.04261493,-6.4989625e-05,-0.0028626153,0.0009574382,0.0060562887,-0.06673006,-0.0006973733,-0.09133536,0.012379242,0.00054831797,0.042095907,-0.1209079,-0.0015757354,0.00037262894,-4.338818e-06,0.0005485178,0.0,-0.0006777182,-0.00039942117,-0.0002633556,0.0007870726,-0.001955532,-0.0013996752,-0.00013899543,-5.585505e-05,-0.00017760368,-2.9866756e-05,-0.00043064042,0.0005857219,0.0021383744,0.0009688447,1.7223401e-06,-0.00039486465,-0.009338466,-7.643871e-05
-0.025159841,0.02479089,-0.3962405,0.0031278108,-0.049706757,-0.022919053,-0.4050904,-0.025236307,-0.0068787914,0.0106387315,-0.03795873,-0.04999896,-0.005575152,-0.29350138,0.027173609,0.032796808,-0.0012140287,-0.004129204,0.43638885,0.06583384,-0.00012855789,0.00028643754,0.0018180629,-0.0014923962,0.0017981143,0.0,-0.00030701366,0.0010733979,-3.8782764e-06,-0.0005330448,-0.0016801647,7.4755386e-05,0.0010195378,0.0145598985,0.013277073,-0.1224754,-0.02476997,0.020633312,0.0021286907,0.22678256,-0.00032698698,-0.001278566,0.0020437639,0.0041376,-0.023458682,-0.0010157104,0.0033444376,0.011291926,0.0012215592,-0.123302765,-0.089941844,0.001403385,7.151376e-05,-4.338818e-06,0.0007376425,0.0,-7.127388e-05,-0.0006074044,-0.00041268376,0.0005897956,-0.00040490727,0.0038100209,-0.00036674459,-1.604779e-05,-9.558515e-05,-0.0002772859,-0.00016919906,0.00040249008,0.0008501982,0.0013950666,7.343631e-06,-0.000110524765,0.006162985,-0.0027221988
0.19137678,-0.114787556,-0.37453276,-0.0028680172,0.017333971,-0.031505123,-0.08069867,-0.014965451,-0.003247668,-0.0030309707,-0.008463467,0.0034633328,0.005705827,-0.17359059,0.006915993,-0.010630338,-0.00093841477,-0.03042232,-0.088117726,-0.012250324,-0.00040193915,-7.549985e-05,-0.0011770529,-0.00041767684,0.0012868713,0.0,-0.00063220575,0.0010455527,-0.00010835229,-0.00064259284,-0.00016964124,1.2722667e-06,0.0004826194,-0.074798204,-0.0051269094,-0.13325295,-0.024602354,0.026431872,0.011358855,-0.024203787,-0.00015603934,0.044717744,0.0019686653,0.0065985303,-0.077078745,-0.0012658539,0.00029866246,0.013398268,1.4373072e-06,0.035447538,0.17002225,0.0008345031,0.00017208715,-4.338818e-06,0.0013056243,0.0,-0.0008237969,-0.00096980983,-0.00078210403,0.00057082775,-0.0023063521,0.0014071922,-0.00012870134,-4.6911922e-05,-0.0001036979,-0.0002345732,-0.00038081818,0.00027883568,0.004854353,0.0046676174,4.3583786e-06,-0.0003062121,-0.0067634545,-8.109352e-05
0.19223833,-0.02725791,0.3255701,-0.0029006368,-0.03051446,-0.00011057507,-0.07254115,0.013865648,-0.004105848,0.002792301,0.031142754,0.008381239,-0.008913343,0.1597552,0.010042786,-0.017190363,0.0011579001,0.0051357476,-0.1272936,-0.019085726,-0.00043862977,-0.00023368429,0.001649228,-0.00018344451,0.001591939,0.0,-0.0004624136,0.0004447465,-2.0819307e-05,-0.00029208916,0.00017144835,8.2275365e-05,0.00042245668,0.018912971,-0.005067345,0.1753191,-0.023469483,0.021566933,0.0016993948,-0.026728572,-0.00042919876,-0.001165383,0.0025181714,0.005494025,0.034904156,-0.0005067522,0.0030037542,0.012679609,0.0018866847,-0.18654586,-0.15026733,0.0035570315,0.00015789269,-4.4329404e-06,0.0009499309,0.0,-0.00017791937,-6.332068e-05,0.00056018593,0.00047378047,-0.0016629457,0.0009957692,-5.8426253e-05,-7.3326664e-06,-0.00013160176,2.6147893e-05,-0.00037014042,0.00023846937,0.0015392293,0.0025824571,7.954296e-06,-0.00040635426,0.007096367,0.00031244976
-0.49937713,-0.8389804,-0.3770969,-0.005595543,-0.078844614,-0.040744048,0.0044318726,0.0052092792,-0.0042632064,0.018602502,-0.014070193,0.0066144797,-0.022493884,0.016619701,0.0041588624,-0.084078565,-0.0016539441,0.0074466593,0.361568,0.037943818,0.0052378075,-0.00052392576,0.0021689227,-0.0023430146,0.00011063431,0.0,-0.00073783967,0.001318003,-0.00019899469,4.355749e-05,-0.00039797626,-0.00034499398,0.0006897282,-0.15669954,-0.00508037,-0.15020013,-0.03210471,0.013394234,0.0041571674,-0.031235708,-0.00028080025,0.06469571,0.002449179,0.0034698502,-0.03287392,-0.0006256962,0.0038907912,0.017238742,0.00012422251,0.032776754,-0.101284936,-0.0019253097,0.00028044605,-4.338818e-06,0.00091959845,0.0,-0.00021253676,-0.00064800907,-0.0024556802,0.00012095319,-0.0009850125,0.0069504185,-0.00012678807,-2.5053025e-05,-0.00012952485,-0.0018980927,-0.00028316936,0.0011622489,0.0025410368,0.0011434592,-2.5544621e-05,-8.709784e-05,-0.010733017,-0.00030655562
-0.11627132,-0.015691737,0.021063056,-0.0031899337,-0.049213365,-0.022673592,-0.37570706,0.0019678297,-0.0031748568,-0.0005469199,-0.016718814,-0.031370547,0.014420834,-0.3207534,-0.0074436823,-0.0129368175,-0.0026633216,0.005202333,-0.13291575,-0.016057843,-0.0016871594,-0.00037909733,0.0017796363,-0.00017862342,0.0022296999,0.0,-0.00030779635,0.00018606108,-6.4497785e-06,-0.000700169,-0.00078574213,8.161602e-06,0.0010990718,0.016231336,0.023338374,-0.1377137,-0.024770146,0.019703994,0.005565644,-0.030965418,-0.00012216406,-0.0013306333,0.0031266653,0.0036089472,0.02529418,-0.0008116045,0.0045601837,0.014280528,-0.00018433093,0.050062038,-0.10659879,-0.0031683298,0.00024334497,-4.338818e-06,0.0008513551,0.0,-0.00058116944,-6.719255e-05,-1.4469466e-05,0.0006030675,-6.5654705e-05,0.0023334993,-8.36976e-05,-5.3408225e-05,-0.00014529022,-2.965442e-05,-0.00014157635,0.0002569647,-0.008467318,-0.0003333846,8.920879e-06,-0.00035200355,0.0033466925,0.00018956195
0.16619664,-0.02524949,-0.38565344,0.006951991,-0.06019986,-0.010150676,-0.057575874,0.000838505,-0.0039751455,-0.004874126,-0.0071808263,-0.006047173,-0.027742274,-0.14363538,0.0050812233,-0.025712052,-0.00084681564,0.013057848,-0.08764644,-0.011746839,-0.0013007603,-0.00026054677,-0.0030339775,0.0008704461,0.0014425265,0.0,3.3672317e-05,0.0010922187,-0.000120846606,-0.0014937163,-0.00019327048,7.3368783e-06,0.00050725735,-0.08629334,-0.0046247756,-0.12866434,-0.02537099,0.02106398,0.0066765295,-0.01680568,-0.00013612148,-0.005089028,0.0029506204,0.0061083357,-0.07165462,-0.0009102025,-0.04723456,0.01773254,0.00027011105,0.034509033,-0.100145906,-0.005439218,0.0004591747,-4.338818e-06,0.0015518084,0.0,-8.3775914e-05,-0.0003381127,-0.0012435844,0.00059327343,-0.0026905125,-0.0094475895,-0.00017234351,-0.00018488645,-0.00014805958,-9.520474e-05,-0.00030449108,0.00021520135,0.000934485,0.0037584507,4.3583786e-06,-0.0005376206,-0.0063575613,-4.284725e-05
-0.43199992,-0.060631406,-0.30381295,0.010387462,-0.0445955,-0.008102414,0.023502711,-0.0002522316,-0.0050410624,0.0056860303,-0.02706815,-0.04074436,0.0018405794,-0.13650464,0.011167006,-0.021010935,-0.0015119408,-0.032503992,-0.114505626,-0.016070904,-0.0018732233,-0.00018562516,0.001204865,-0.0010262671,0.0016848937,0.0,-0.0006568214,0.0010740113,-6.9897524e-06,-0.0007901123,-0.00038899697,8.578452e-06,0.0009909132,0.02377324,-0.004118512,0.2801222,-0.022581443,0.017693577,0.0045263045,-0.03280564,-2.0400952e-05,-0.0029873084,0.0026697386,0.0073590954,0.04806361,-0.00090021355,0.0042888457,0.0147562465,0.00066556,0.042730954,-0.121595554,0.0068480694,0.0003610137,-4.338818e-06,0.0017584205,0.0,-0.0006783257,-0.000573002,-0.0008018084,0.0004422127,-0.00040775613,0.0025996435,-0.00013878464,-3.836245e-05,-0.00016786819,-0.00010293725,-0.00027773232,0.0006223543,0.002081289,0.0020583556,3.5380172e-06,-0.0003201209,-0.011204929,-0.00020834482
-0.092078075,0.005509671,-0.35983652,-0.0050298227,-0.059954446,-0.019559644,-0.060717724,-0.02055658,-0.0068824543,-0.03094134,0.0050304993,-0.025757823,-0.035306357,-0.30200478,0.042076714,-0.03255844,-0.00380001,0.008052677,-0.12792818,-0.017640326,0.0025707174,0.00043429388,0.0008907866,-0.00017014187,0.0016818143,0.0,-0.0005617075,0.0012877759,2.1617798e-06,-0.00055086473,-1.0088428e-05,7.388606e-05,0.00066503405,0.018820427,0.009055357,-0.13051847,-0.023245638,0.020913905,0.0050262744,0.15239878,-0.00021147227,-0.0016179581,0.0021947816,0.005141703,-0.033703916,-0.0007622655,0.0034851748,0.011987016,0.0007911685,-0.20442575,-0.10948766,0.0033529443,0.00023189865,-4.338818e-06,0.0008612503,0.0,-0.0005390895,-0.00032226046,-0.001123106,0.0004470571,-0.00016047098,0.0024118805,-6.915009e-05,-4.9844515e-05,-9.930272e-05,-0.00033640355,-0.0003301559,0.00057470176,0.002690203,0.0020751143,7.954296e-06,-9.567366e-05,0.0048148623,-0.00026230176
-0.49820298,0.18601522,-0.30924243,8.0978185e-05,-0.039190542,-0.012754032,-0.3933034,0.005125157,0.0027403587,0.026612928,-0.037127174,0.039903548,0.05430708,-0.34404245,0.04467788,-0.11180796,-0.0011116788,0.021385869,0.25202605,0.048268702,0.0064473837,-0.00015902061,0.0031445608,-0.0009353636,0.0018325913,0.0,-0.00070898223,0.00041050412,-2.0106443e-05,-0.0013304659,-0.0024650793,1.1041158e-05,0.0014037939,0.017497646,-0.0006744961,-0.14754488,-0.02548265,0.015185625,0.0044935113,-0.022268865,4.4993612e-07,-0.003030845,0.000824173,0.0045506405,0.018992133,-0.0010866929,0.0021788934,0.0069173784,6.348854e-05,0.044102475,-0.08700665,-0.0023885914,0.00019942,-1.9623727e-05,0.0007249997,0.0,-0.00019880988,-0.00046068145,-0.00025071518,0.00034146965,0.00013297607,-0.007496047,-0.00017092,-0.00012244015,-0.00032467628,-0.00010813716,-0.0003635061,0.00031199737,-0.0033948647,-0.00043216217,2.90369e-06,-0.00022123818,-0.0026263613,-0.0002861733
-0.64113283,0.015955256,-0.36243477,-0.005084888,-0.050551925,-0.026812263,-0.36661696,-0.0051337685,-0.0059379586,-0.0020203094,-0.019382617,-0.015630076,-0.08424688,-0.18340652,-0.0067895236,-0.008618206,0.0012947812,0.012593785,-0.15932001,-0.025785917,-0.0011917726,-0.004879931,0.001023846,-0.00024923423,0.0021543263,0.0,-0.00064940745,0.0003674817,-1.2972523e-05,0.0002514666,-0.0027104428,9.439544e-06,0.0012539047,0.021357782,0.009673566,-0.14732821,-0.025691604,0.019669486,0.005443004,-0.026917715,-0.00015029608,-0.0022638354,0.0016463819,0.0060554035,0.027745076,-0.0010872431,0.0028347222,0.011042941,0.0003625039,0.033745807,-0.10504278,-0.0053148028,0.00029807288,-4.338818e-06,0.0013260825,0.0,-0.00017602756,-0.00077024935,0.0007032673,0.00033339136,7.8973164e-05,0.0027514368,-8.707949e-05,-3.647223e-05,-0.00021253021,-0.00057123654,-0.00040400308,0.0012933868,0.0022745193,0.001494415,7.343631e-06,-0.0002446762,-0.007651052,-7.72225e-05
-0.14608349,-0.027139628,-0.32908797,0.0003055354,-0.08961202,0.0013548633,-0.6614985,-0.0052978466,0.004902058,0.010763155,-0.039309144,-0.031627778,-0.013151085,-0.32932863,-0.0047011105,-0.11447819,0.001637998,-0.05669476,-0.10392453,-0.011164803,-0.00015268393,0.00096890633,-0.014745823,0.007911086,0.002971598,0.0,0.031796414,-0.017073177,1.8411758e-06,-0.0009063096,-0.0022857483,1.0988342e-05,0.00073263515,0.036559936,-0.025596568,0.243919,-0.021599034,0.017445954,-0.107693456,-0.025034977,-1.9361036e-05,-0.0046682237,0.0021886467,0.003497414,-0.13155355,-0.00061459304,0.0027045913,0.010548922,-0.0008724161,0.029826742,0.18536682,0.00092406396,0.0004598552,-4.338818e-06,-2.3218918e-05,0.0,-0.00021564639,-0.0001441361,0.00015836471,0.00056500745,-0.00014783716,-0.012287206,-7.995189e-05,-4.6009343e-05,-0.00013321807,-9.3108494e-05,-0.00048810372,0.00043040246,0.0013094484,0.002692517,8.920879e-06,-0.0005252899,-0.009195586,-0.0013074366
0.24254012,-0.16635399,-0.37949485,0.004524037,-0.06325032,-0.012897415,-0.00029925,-0.020688543,-0.0030540493,-0.00014155637,0.023189014,0.0113389995,-0.0072206417,0.069977224,-0.007772676,0.012814774,-0.0012742778,0.01694654,-0.10709344,-0.011574738,-0.00037606357,-0.00038270658,0.001001765,9.780326e-06,0.0012765564,0.0,-0.000677198,0.0010658616,-0.000112928436,-0.001054054,-0.00023826724,7.3407336e-06,0.00047122096,0.024179675,-0.0033669302,0.31830153,-0.024716455,0.021153444,0.0010932301,-0.015503151,-0.00021222027,-0.0016313378,0.0030410443,0.008325451,0.07129743,-0.0008981242,0.0030692355,0.021440078,0.0002513016,0.038763244,0.26388833,0.0009683853,0.00045848644,-4.338818e-06,0.0014675457,0.0,-0.00017632543,-0.000554172,-0.00045315325,0.0003820942,-3.0779913e-05,0.0014277251,-6.9480295e-05,-4.945008e-05,-0.00011424778,-0.00012658702,-0.00046892944,0.00023488098,0.002313167,0.0035255253,7.954296e-06,-0.00044924222,0.004482679,0.0002467051
0.45671788,0.19482583,-0.34246084,-0.0036658894,-0.04500466,0.008795619,-0.0062497323,0.008669082,-0.008008255,0.0065455507,-0.00022892078,0.01490138,-0.026507642,-0.09201937,-0.017288294,0.0064329305,-0.0012316877,0.0103805335,-0.086444154,-0.010803135,-0.0021440345,-0.002124064,0.0010786603,0.00033499816,0.0015351664,0.0,-0.00026788958,-0.00029291154,-5.585048e-06,-0.0010217731,-0.00013801898,3.4247146e-06,0.0003316769,0.0134271495,-0.0038924243,0.23058614,-0.022667248,0.020612683,0.0034901053,-0.013352315,-0.0002071118,-0.001515655,0.0020493187,0.0061412444,0.05560708,-0.0004030761,0.002366879,0.01445787,0.0007498473,0.03694189,-0.1313139,-0.003386987,0.00048342746,-1.9623727e-05,0.003180155,0.0,-0.00018421114,-0.00029141185,9.698604e-05,0.00065732806,6.147744e-05,0.0035404859,-7.427881e-05,-4.6375615e-05,-0.000312488,-7.767668e-05,-0.0003412115,0.00026828606,0.001180634,0.0023389468,4.3583786e-06,-0.0006055811,0.0074513364,0.00011798824
-0.4196576,-0.5082634,-0.28526333,-0.005700271,0.110731594,-0.03943339,-0.35786992,0.069259726,-0.0041259946,0.015319945,0.0033585606,-0.012665482,0.016936483,-0.21033789,-0.008649213,-0.026143014,-0.0013015673,-0.030742552,-0.12612392,-0.022062125,0.006990037,-1.2388603e-05,0.0006198353,-0.0008256295,0.00023164676,0.0,-0.0026826626,-0.0052688215,-2.5783103e-05,0.0030962816,-0.0009389699,7.271915e-06,0.0005721344,-0.09597379,-0.00029785567,-0.14761467,-0.02357478,0.013139588,0.0101414,-0.028003769,-0.000100944555,-0.0073875277,0.001862922,0.0050116414,-0.05420025,-0.0006876289,-0.02828169,0.010743314,-0.0001747572,0.028586976,0.1734061,0.0028993161,0.0003684607,-4.338818e-06,0.00085628586,0.0,-0.0002997866,0.030483466,-0.0002781098,0.00033729995,-0.003309634,-0.026074877,-0.0003971033,-0.0002022878,-0.000104108934,-0.00081503787,-0.00021152358,0.00027922264,0.00042905132,0.0041990583,-3.80362e-05,-0.0001657909,0.0053682546,0.0043861964
0.2243547,0.14920382,0.2782032,0.005880946,-0.0298783,-0.019251887,0.17284499,0.009453991,-0.00019784416,0.0029084869,0.0046101697,0.0047568283,-0.0054040165,0.10953359,0.016257832,0.0034530042,-0.0010128451,0.0070085893,-0.08020518,-0.01326377,-0.00083181553,-0.0004460398,-0.0032986898,-0.0006359336,0.00092341687,0.0,-0.00019818645,0.0007379857,-0.000115684124,-0.00065751164,-0.0002513837,7.743802e-05,0.00049331336,0.020986564,-0.0063208705,0.13646698,-0.019546099,0.017706078,0.0027354572,-0.019647641,-0.00052915944,-6.388058e-06,0.0023576254,0.004070743,0.029688703,-0.00053100917,0.0017817662,0.013711086,0.0019765417,-0.18366332,-0.18033274,0.0015905026,0.00046959775,-4.4380067e-06,0.00021076032,0.0,-0.000105723804,-7.8846315e-05,-0.00065788295,0.0010550151,-0.00011097934,0.00075077976,-0.00013881669,-9.704958e-06,-0.00018629756,6.825686e-05,-0.0005796932,0.00025640338,0.00040195114,2.3301702e-05,7.954296e-06,-0.00059816183,0.0030298673,0.0015887974
-0.5851752,-0.039172553,0.11878519,-0.0021454366,-0.04815091,-0.041166686,-0.3041223,-0.008398242,3.2233296e-05,0.0048162327,0.042369686,-0.047582913,0.01863535,-0.28368935,0.010148735,-0.023219613,-0.0021031469,0.0016646174,-0.15887734,-0.02462255,-0.0009790964,-0.00016143578,0.0020830014,-0.0010791627,0.0020002741,0.0,-0.0005362021,-0.00041068415,-1.3931322e-07,0.004769333,-0.0006817113,8.161602e-06,0.0009841039,0.021441575,0.018858539,-0.15924332,-0.02493135,0.017660793,0.004206049,-0.033953913,-0.00016292381,-0.0026400182,0.0027906038,0.0032681178,0.025664184,-0.0011497887,0.0045766146,0.010739602,-0.00022423716,0.048473645,-0.105199106,-0.0037301905,-5.3718526e-05,-4.338818e-06,0.001236169,0.0,-0.0005705068,-0.000104382765,-0.0010598556,0.00038624942,-0.000241911,0.0029006335,-7.271862e-05,-4.632788e-05,-0.00018054506,-0.00011223005,-0.00021650086,0.002229661,0.0004083913,0.0020223479,8.920879e-06,-0.00016696341,0.0028553884,0.00020965694
-0.5004321,0.16393632,0.07466559,0.00790246,-0.031210344,0.002289375,-0.32424715,-0.0042680786,0.0014505885,0.12712428,-0.053307507,-0.009168144,0.00033859364,-0.4033389,0.067958996,0.005058338,0.0023167825,0.016628182,-0.087913014,-0.011817772,-0.00089298363,-0.00013616914,0.0021618698,-0.0001633789,0.0018280846,0.0,-0.00023472948,0.000167955,-8.0125115e-05,-0.0013569256,-0.0007550926,1.1041158e-05,0.00089861004,0.02344263,0.015115701,-0.16466483,-0.027104547,0.016591504,0.0056257895,-0.030525204,-2.914603e-07,-0.0023642106,0.0029056452,0.0023638834,0.019395204,-0.0010354372,0.0060805897,0.008379886,-0.0005653533,0.06168479,-0.10128844,-0.0012931761,0.00041784544,-4.338818e-06,0.0011291327,0.0,-0.000638378,-0.0001176461,-0.00021657792,0.00048168958,0.00022148668,-0.0016246373,-0.00010316282,-0.00012327138,-0.0003439327,-0.0005563962,-0.0002540405,0.0006105088,0.00040241177,0.00024684335,2.90369e-06,-0.00017671505,-0.0013786311,0.00068276096
0.7670976,-0.6042889,-0.29882964,-0.003050982,-0.0951372,-0.017199636,-0.04474471,-0.0042140842,-0.008050111,0.021452144,-0.022379722,0.14882231,-0.052115895,-0.108671084,-0.049055923,-0.009009683,-0.0027705312,-0.029499067,-0.08436925,-0.014745911,-0.007018381,-0.00047891145,0.0014487652,-0.0002485752,0.0013915945,0.0,0.00104775,0.0006855956,-1.9023055e-05,-0.00053748646,-0.00015096259,-5.725206e-06,0.00039169358,-0.067958504,-0.0050501,-0.0850656,-0.027258292,0.019938242,0.0072473395,-0.022948135,-0.00024634312,-0.003934667,0.0022635483,0.0040174,-0.03921102,-0.00051005307,-0.0032281177,0.010242417,0.00033105726,0.017885633,-0.113673136,-0.015287065,0.0001119861,-4.338818e-06,0.0021780308,0.0,0.00884934,-0.00044061278,-0.0005034621,0.00026347247,-0.0019697992,-0.0004007392,-0.0002756685,-0.00019966369,-0.00010076333,-0.0006397229,-0.00023315506,0.00027032138,0.002311871,0.0050683194,-0.00017757795,-0.00017002906,0.0045242105,0.0001886294
0.23075785,0.17066842,-0.44390517,-0.003082527,-0.03904303,-0.016288761,0.15012057,-0.004300945,-0.010932043,0.0002513984,0.028290454,-0.027553018,0.050854694,0.16152586,0.04978216,-0.0034977698,0.004002805,0.007866905,-0.060980275,-0.010712956,-0.0011376145,-0.00029072395,-0.0066981884,-0.0044336375,0.0013558044,0.0,-0.0004676718,0.011998139,1.9811308e-05,-0.0011977192,0.0023998024,1.1527849e-05,0.00035518376,0.025952347,-0.0023599477,0.13500234,-0.03119214,0.015333773,0.0027966064,-0.022357238,-0.00025554595,-0.0005481195,0.0021658835,0.0049107387,0.033486083,-0.0010376698,0.0028273654,0.01251786,0.00044182022,0.052269958,-0.16794682,-0.0005740808,0.00023691193,-2.0408525e-05,0.0003548283,0.0,-7.3811076e-05,-0.00059953553,-0.0006566342,0.00048097616,-2.0148e-06,0.0013893455,-7.284962e-05,-3.9308554e-05,-0.00028415988,9.50455e-05,-0.0008292084,-2.2072796e-05,0.0013217811,0.0007824457,7.954296e-06,-0.00051712006,-0.0034183331,-6.7711204e-05
-0.508041,0.24823926,-0.20353007,0.002284119,-0.045841888,-0.030287622,-0.37628424,0.0078045614,0.0024466994,-0.009965182,-0.021042557,-0.017098844,-0.007470066,-0.2077569,0.034546863,-0.03795107,0.00024938502,-0.0014750394,0.36478537,0.051461395,-0.004692753,-7.91348e-05,0.0014915201,-0.00031470167,0.0009268802,0.0,-0.0011352237,9.876849e-07,-2.0106443e-05,-0.00058075413,-0.000679864,1.1041158e-05,0.0017659883,0.018377304,0.013224761,-0.15062222,-0.026728919,0.020909425,0.00624697,-0.022231696,-4.332763e-05,-0.003022935,0.002004426,0.004515052,0.02440773,-0.0011422428,0.0055492823,0.011955606,0.00032109887,0.03611266,-0.08012628,-0.0027266643,0.0004144168,-4.338818e-06,0.0007889857,0.0,-0.00010511085,-7.768649e-05,-0.0006611018,0.00047100114,5.6321118e-05,0.0033049732,-0.00033660282,-3.5210618e-05,-0.00032134875,-0.00011334966,-0.00025177273,0.0008971259,0.00049118075,0.0010114588,7.343631e-06,-7.5966425e-05,-0.0014477834,-0.00027930792
0.633369,-0.22535121,0.0398779,-0.003635969,-0.059402976,-0.017700449,0.049101714,-0.014685958,8.8437286e-05,-0.0054694526,0.009009599,0.12019545,0.074332684,-0.18113478,0.034717146,0.0014310314,-0.00022089247,-0.050752178,-0.08908073,-0.016233962,0.0016578614,-0.0003031983,-0.004878267,-3.7528313e-05,-0.0018923653,0.0,-0.00049108797,-0.0015872339,-1.9927103e-05,-0.00044053872,-0.00014671349,-3.0904307e-06,0.00042374016,-0.07434578,-0.0051248106,-0.13847648,-0.028851334,0.02016008,0.006053794,-0.021825604,-0.0003353206,-0.0006314884,0.003460326,0.0038209856,0.041930776,-0.0008924845,0.00058626325,0.011049923,0.00025252433,0.034791376,0.19800144,0.0042154077,-5.121956e-05,-4.338818e-06,0.0015787523,0.0,-9.928855e-05,-9.429907e-05,0.0033590205,0.00050651556,8.498037e-05,-0.005517422,-7.670807e-05,-4.6792975e-05,-0.00010965822,-0.00010441966,-0.00049961125,0.00031292383,-0.0024717753,-0.03620631,2.564334e-07,-0.0003334314,-0.00021710336,-7.740228e-05
-0.4644548,0.09151512,-0.341298,-0.0076500997,-0.040952418,-0.0042260666,0.26458204,-0.051388092,-0.00047456613,-0.015181483,-0.012495897,-0.116511695,-0.02790158,0.11440988,0.017312516,0.011745384,0.0006644184,-0.026113443,-0.10465267,-0.00941774,-0.0075115385,-0.0016341328,0.0017152352,0.00047277537,0.001976118,0.0,-0.00026641338,0.00038139272,-1.49812295e-05,0.0015979195,0.00019299565,2.7038535e-05,0.000675014,0.03303479,-0.0018248307,0.155195,-0.033107426,0.013262176,0.0010527277,0.25180438,-0.00021172452,-0.0008594948,0.0010926111,0.003396338,-0.021026092,-0.00052020844,0.0029839745,0.007070556,0.0010302333,-0.18105295,-0.15039791,-0.0024064302,0.000572372,-2.0431644e-05,0.00082031544,0.0,-0.00027494982,-0.00054628396,-0.0002826636,-6.923947e-05,-0.0009347389,0.0017414412,-6.083939e-05,-1.351486e-05,-0.00019204256,0.0050564706,-0.0007851717,0.0018434713,-0.00072683813,0.00019858466,7.954296e-06,-0.00042426566,0.0066055553,-0.00040421847
-0.6176808,-0.023233732,-0.3012188,0.006669809,-0.06958271,-0.015890084,-0.0862877,0.01966294,-0.010780944,0.0100041,-0.012398596,-0.016848367,0.006766666,-0.201621,0.004505281,-0.00932054,-0.0013048864,-0.019044828,-0.17344484,-0.025119366,-0.0071863495,-0.00044192307,0.0012311621,-0.00035811623,0.0036853552,0.0,-0.00028658094,0.0009964749,-2.8222856e-05,0.0002807797,-0.0012491515,7.2961443e-06,0.00089766394,-0.13666481,-0.009412828,-0.14131762,-0.028413342,0.018288054,0.006226681,-0.021250729,-0.0002296678,0.066208705,0.0026428849,0.006806063,-0.04596563,-0.0010033362,0.0044364706,0.0151176965,0.00025412772,0.022510331,-0.09909468,-0.0010399921,0.00028640812,-4.338818e-06,0.0009929787,0.0,-0.0006011237,-0.00016103027,-0.00492833,0.00058093364,0.021709502,-0.012520287,-6.92104e-05,-3.9041402e-05,-0.00015794011,-5.6906756e-05,-0.00028696522,0.00059517793,0.0031122437,0.0025402543,7.954296e-06,-0.00038274023,0.0055362424,0.00041721482
-0.49643487,-0.3108595,-0.2029127,0.00068466336,-0.06809086,-0.051516183,-0.45366964,0.0015008474,0.0052678497,0.0154183945,-0.036860492,-0.02870776,-0.0076785856,-0.29031006,0.010463699,-0.17340145,-0.0010028728,0.010955056,0.34339577,0.04717174,0.0005720404,-0.00026812812,0.00014454166,-0.0016670288,0.0018771242,0.0,-0.0011670757,0.00014399207,-2.0106443e-05,-0.0004486026,-0.0026695104,4.256062e-06,0.0010224386,0.019785643,0.0127859665,-0.15321289,-0.026305657,0.019203264,0.006502269,-0.024851328,-0.00015866179,-0.00446324,0.0025920062,0.0043284646,0.022586571,-0.00075649633,0.0029173328,0.01567416,0.00010918652,0.038309805,-0.09548817,-0.0033607977,3.7222606e-05,-4.338818e-06,0.0012280775,0.0,-0.0001389595,-9.1993556e-05,-0.0007362892,0.0003499338,-0.00016436288,0.00093252317,-0.0006058677,-3.5210618e-05,-0.00013047935,-0.00025943833,-0.00022166604,0.0005337999,-0.003281551,0.0013021434,7.343631e-06,-3.203907e-05,0.002884692,0.0005322609
0.26208347,-0.015202884,-0.4242618,-0.0031403424,-0.050197437,-0.0027086763,0.04107874,-0.009530084,-0.0037350357,-0.0032530664,-0.019915173,0.027032945,-0.001419698,0.0741108,-0.05238622,-0.017775381,-0.0011109742,0.008114193,0.2734797,0.035997774,-0.00042574032,-0.00032718692,-0.005746292,-0.009184366,0.0015357613,0.0,-0.0005389477,0.0009792786,-5.033394e-06,-0.0008718621,-0.00031106433,8.881625e-06,0.0003165724,0.0234015,-0.0035153413,0.21820635,-0.01896261,0.02083393,0.004824631,-0.012156096,-0.0003123016,-0.0014166529,0.0034780763,0.0061881845,0.054737087,-0.0006891922,0.0011191439,0.021190928,0.00023948183,0.024771536,0.20149593,0.0011829538,0.0003024466,-4.338818e-06,0.0011712828,0.0,-0.00010931716,-0.00056965224,-0.0014652781,0.00057722034,-0.0009606874,-0.0050576893,-0.00021343054,-4.0662893e-05,-0.00014116416,9.968889e-05,-0.00037302473,9.4098825e-05,0.0020549933,0.003364394,-5.790025e-08,-0.00043070936,-0.01859796,-0.0002923293
0.18415523,0.13948026,-0.38962832,-0.0035818287,-0.044313315,-0.008305353,0.09549038,0.010198492,-0.005747541,0.029883929,0.043564226,-0.013940042,-0.040883433,0.13039279,0.028620413,-0.005668095,0.00012922147,-0.016147418,0.3691159,0.04753181,-0.0010625916,-0.0019511775,0.0027939791,0.0014044493,0.0017421679,0.0,-0.00043613437,0.00072943774,-2.5297935e-05,-0.0005719619,-0.00030577258,1.4081927e-05,0.0006115525,0.01970409,-0.0034309854,0.1424812,-0.030940527,0.01816938,0.0030968522,-0.007886553,-0.00016367302,-0.0018922528,0.0030020087,0.007660192,0.035372846,-0.0003090098,0.0031496717,0.017582623,0.00072585413,0.0400637,-0.1481397,-0.0037387845,0.00018526227,-2.0408525e-05,0.0016079249,0.0,-9.4743424e-05,-0.00062505435,-0.00058007333,0.000734266,-0.00022721871,0.0024768868,-0.00013776272,-4.195171e-05,-0.0002831907,0.00012499609,-0.00038838392,0.0003699263,0.0016600059,0.0012560881,7.954296e-06,-0.00043826536,0.0049262014,0.0017910682
0.3311438,0.12909395,0.029685384,-0.0030176435,-0.037391506,-0.0240148,-0.33283716,-0.015152023,-0.0046447758,-0.0041503604,-0.014437003,0.011759446,-0.028177464,-0.24425082,0.016417015,-0.009681724,0.00054880005,0.0041520484,-0.09605473,-0.0180543,-0.0019281348,-0.00018262671,0.0027571295,-0.000120039804,0.0011879312,0.0,-0.0004532519,0.0010382159,-3.40776e-06,-0.001334768,-0.0006730069,7.634877e-05,0.0004298888,0.013961021,0.019847652,-0.14436981,-0.027480973,0.022969844,0.0061208727,-0.014659806,-0.00026009075,-0.0011735663,0.003212519,0.0045778034,0.036349818,-0.001254267,0.0015023941,0.009144389,0.0012938501,-0.18990806,-0.11507739,0.00074263755,0.0003835564,-4.338818e-06,0.0011422322,0.0,-8.0590595e-05,-9.0329384e-05,0.00019925115,0.00022746834,-0.00027802016,0.0012226646,-0.000100936464,-3.624711e-06,-0.00015528547,-7.459085e-05,-0.00017505465,0.00020541777,0.00030027246,0.000980315,7.343631e-06,-0.00036073482,0.0017695801,0.00017120088
-0.12240775,-0.03958825,-0.37892792,0.0063140583,-0.085031085,-0.032614887,-0.40251136,0.007044854,-0.0043821507,-0.014249667,-0.02021366,-0.034402687,0.00741344,-0.325149,0.0027040036,-0.05986081,0.0012806572,-0.030359337,-0.105978735,-0.012427082,-0.0006863375,-9.417682e-05,0.005720642,0.00044805332,0.001352074,0.0,-0.00032220138,0.0025913718,-9.3721665e-06,-0.00043442298,-0.0011058659,1.0943741e-05,0.0008710313,-0.08764779,-0.025801282,-0.12335168,-0.025447538,0.018976785,-0.1173443,-0.022101505,-4.9736926e-05,-0.004861976,0.002023648,0.004538806,-0.06012482,-0.0007502671,0.003936016,0.007638931,-0.0007077,0.03374766,0.15596971,-0.0023010734,-0.00019472925,-4.338818e-06,0.0008817975,0.0,-0.00058116944,-0.00020192482,0.00050842005,0.0003302905,-0.00058232027,0.0057531325,-8.735653e-05,-0.00012769164,-0.00012548565,-9.6327174e-05,-0.0002557242,0.0003954224,0.0010570933,0.0021420303,8.920879e-06,-0.00036214778,-0.0042873323,-0.00021322788
0.73450637,-0.015874531,-0.29410914,-0.007961067,0.44234538,0.009214593,-0.46640545,0.015003622,0.0031357203,0.05913023,0.020831637,0.16293661,0.013691637,-0.32120612,-0.029789122,-0.057013854,0.0060596527,-0.040035322,-0.07786865,-0.008582146,0.008084915,0.0037709046,0.008480661,0.0012181549,0.003918022,0.0,-1.2237968e-05,-0.0011145253,2.862761e-05,-0.00077372626,-0.0008009513,-2.7434311e-05,0.00042787413,-0.07081356,-0.018091587,-0.09860531,-0.023897963,0.021705577,-0.0429991,-0.019133573,-0.000113426664,-0.0034335132,0.0013650911,0.0044586356,-0.05793965,-0.00086951966,0.00093557214,0.00762591,-0.00056766026,0.029915325,0.11519905,0.0012699865,-8.12362e-05,-4.338818e-06,0.002228311,0.0,-8.9728426e-05,-7.1482835e-05,0.00086171384,9.2147086e-05,-7.5859876e-05,0.013995631,-0.0003512367,-4.126085e-05,-0.00012852023,-6.316014e-05,-0.00080372783,-7.315157e-06,-0.020016545,-0.027583806,0.00017272671,-0.00050519983,-0.02514838,-0.000368445
-0.00619729,0.2044124,-0.33908734,0.0013442509,-0.055028122,-0.002502754,-0.41809365,-0.0027113839,-0.00015678756,0.0017118226,-0.027726097,-0.01809441,-0.0116107585,-0.302547,0.045032866,0.0016817314,-0.0005644162,-0.015164631,0.34289038,0.0689622,-0.0009897689,-0.00091660366,0.0056241513,0.00036292925,0.0017125566,0.0,-0.00054273626,0.00022635316,-1.2302855e-05,-0.001652599,-0.001004405,9.754982e-06,0.001690165,0.0115304105,0.0070508774,-0.13586603,-0.026569197,0.019320302,0.0039829705,-0.018609883,-0.00010831824,-0.0029256523,0.0028079243,0.006122152,0.028437756,-0.0012834594,0.0038793497,0.011899782,0.00014796533,0.040457185,-0.10866613,-0.003079707,0.00022480826,-1.9623727e-05,0.00070717663,0.0,-9.9680976e-05,-0.00019775487,-0.00020662048,0.00038226417,0.00015404505,0.003940502,-0.00013857364,-0.00012973153,-0.0002856374,2.3642763e-06,-0.00033222127,7.0836235e-05,0.0030187008,-0.001386281,7.343631e-06,-0.00033145462,-0.007870984,-0.00022791389
0.17115375,-0.029148879,-0.38377017,-0.0014334546,-0.07827033,-0.03887014,-0.41774505,0.012674256,-0.002853446,-0.015545548,0.0009425795,0.008992584,0.00081086013,-0.42885783,-0.020985857,-0.04749713,0.00044025344,-0.04501922,-0.09317131,-0.015122304,-0.0007507576,-0.00018043944,-0.0144429635,0.004243135,0.0031363312,0.0,0.0001893858,0.0013356913,-9.816164e-05,-0.00069325615,-0.001693187,9.484145e-06,0.0008346558,-0.074081615,-0.030016927,-0.124775134,-0.02312592,0.019946406,-0.11119045,-0.018837657,-1.8879411e-05,-0.006536075,0.0025688538,0.0034566347,-0.06290577,-0.0014190759,-0.00018287078,0.00903725,5.7340327e-05,0.019109052,-0.093850054,-0.0025274062,0.00024739202,-4.338818e-06,0.0008469227,0.0,-0.0001874873,-0.000684278,0.00041505756,0.0005671594,0.007539727,-0.00770544,-7.378739e-05,-4.461858e-05,-0.00013122667,-0.00010888786,-0.0003366424,7.379215e-05,0.00057809195,0.0019477097,8.920879e-06,-0.0009026041,-0.0065248045,-0.00023086288
-0.5032797,-0.3455205,-0.3483177,-0.009224054,-0.09501567,-0.024435157,-0.48066553,0.0025004908,-0.0006332923,0.25113952,-0.0069205384,-0.045533143,-0.028087204,-0.3633402,0.008947021,-0.098517746,-0.002175918,-0.015570202,-0.11943829,-0.018831743,-0.0018139235,-0.00048537977,0.0015116454,-0.00030395048,-0.017332304,0.0,-0.00067893317,0.00022394997,-9.197785e-06,-4.8919246e-06,-0.0010672922,4.2521942e-06,0.0009630831,0.020183612,0.025613422,-0.15470628,-0.024203794,0.015637318,0.00709322,-0.017362978,1.9993695e-06,-0.0043841396,0.0021671206,0.0034418786,0.025372935,-0.00052723,0.0052186972,0.0096102785,0.000120151875,0.033619184,-0.115377285,0.003279039,-0.06443436,-4.338818e-06,0.0009405659,0.0,-0.0008515343,-0.00027209264,-0.0004240335,0.00035417767,9.4982046e-05,-0.011738567,-0.00034996966,-0.00012074499,-0.00010981187,-0.00091107545,-0.00022686014,0.0006512779,0.00090155925,0.00083820755,4.818934e-06,-0.00014674784,0.0067395116,0.0021063199
0.34606412,0.16166317,0.3948712,-0.003485879,-0.027428297,0.01885342,0.14589511,-0.008824974,-0.0091424715,-0.00016979291,-0.013851172,0.01861197,-0.03200425,0.086760245,0.0020462854,0.020337867,0.00047689927,-0.036496945,-0.072637156,-0.010485881,-0.0009774289,-1.4524608e-05,0.0006981403,-0.0001396436,0.0009286513,0.0,-0.0003627715,-4.2624688e-05,-9.147621e-06,-0.00042649006,-0.00017694419,1.4674204e-05,0.00032253368,0.02304226,-0.004785534,0.14291607,-0.029758215,0.020410944,0.00074437703,-0.013736022,-0.00020338534,-0.00088987965,0.0025080265,0.0046989797,0.02808792,-0.0006896445,0.003458415,0.015162658,0.00045778108,0.038326755,-0.15600899,-0.0064574946,0.0005345514,-4.4380067e-06,0.0005156413,0.0,-6.62199e-05,-5.682059e-05,-0.000105467356,0.00018041872,0.0004016084,0.0010266445,-0.00017748564,-3.876753e-05,-0.00020714657,0.00014742673,-0.00052664813,0.00027092724,0.00015545345,0.0011523174,4.3583786e-06,-0.0006464748,0.0008168202,-4.1197156e-05
-0.47827914,0.1967889,-0.4160183,-0.0018658024,-0.04283468,-0.025602262,0.14426546,-0.012759341,-0.0072460426,-0.01987742,-0.018177707,-0.07622984,0.0021573629,-0.083650686,-0.031341333,-0.017190045,-0.0008385129,-0.0023909998,0.31808874,0.041733645,-0.002405526,-9.489557e-05,0.0033192667,0.0018900413,0.0015500814,0.0,-0.0010960106,-0.0024573577,-2.6870466e-05,0.0001851661,0.007552795,3.7063564e-06,0.00089990575,0.02709436,-0.0026418972,0.20857853,-0.02225688,0.015558446,0.0035671461,-0.023965957,-5.792204e-05,-0.0027507467,0.0020701871,0.0061185816,0.026155883,-0.0010164307,0.0049376525,0.013414271,0.0006899544,0.05086418,-0.13336487,-0.0014858425,0.000291735,-1.9623727e-05,0.0009977351,0.0,-0.00028659703,-0.000590801,-0.0018414691,0.00039901075,-0.0001997895,0.001960207,-0.00013281201,-3.567175e-05,-0.00032014842,-2.068859e-05,-0.00055375363,0.0010833429,0.0021386908,-0.0005657374,7.954296e-06,-0.00018487374,-0.007174818,-0.00028748123
0.46838275,0.089879535,0.2769126,-0.0022365001,-0.040634267,0.03756182,0.41613618,-0.010492313,-0.010997419,-0.0061208773,0.00402369,0.014401049,0.0035356393,0.46430555,0.002110163,0.013986954,0.00014821778,0.0032723693,-0.059659768,-0.0074785515,0.0010595798,-0.00026272313,0.0010671314,2.9380162e-06,-0.00012496502,0.0,-0.00022882539,0.0017742619,1.9376125e-07,-0.0018042799,0.00015263732,6.475957e-05,0.00030320222,0.011527924,-0.0055867177,-0.053953134,0.23253506,0.015208261,0.0006607121,-0.016958173,-0.00022370197,-0.00062985637,0.0017055133,0.0027913272,0.0147225205,-0.0007043516,0.0015925677,0.0074307583,0.00033534065,0.017851664,0.21226826,0.002122455,0.00033311365,-2.0408525e-05,0.002123714,0.0,-9.296733e-05,-5.513396e-05,-0.0008394789,-0.0001773587,0.0015641171,0.00085539446,-7.8218116e-05,-2.737966e-05,-0.00028149696,1.8778135e-05,-0.0008797043,0.00018229503,-0.000944155,0.0010391305,7.3436304e-06,-0.00050163834,9.170751e-05,9.540496e-05
-0.5234351,0.20211783,-0.29806048,0.006437455,-0.039142024,0.0074227364,0.08939737,-0.015976166,-0.006287396,0.0012596955,0.00075177476,-0.0258201,0.009960043,-0.16411842,-0.016314274,0.030972619,0.00042661768,-0.024331804,-0.11768022,-0.016455034,-0.0039279363,0.00015809484,0.0029094818,0.000358589,0.0010613538,0.0,-0.0008672674,0.00026546902,-1.9422087e-05,-0.00014919255,-0.00057157874,8.50318e-06,0.0012328852,0.027065916,-0.0033531408,0.26683724,-0.023241688,0.016108973,0.0007020308,-0.039654247,-0.00017499548,-0.0013565889,0.002153652,0.008128457,0.042482216,-0.0011102712,0.0041460074,0.013028832,0.0006975499,0.047264397,-0.13815409,-0.0023463338,0.00058578624,-4.338818e-06,0.0011086536,0.0,-0.00019341666,-0.00079168275,-0.00032257452,-2.9731003e-05,0.00013425727,0.0033056191,-0.00013642249,-3.563133e-05,-0.00023997591,-0.00051943725,-0.0005906294,0.0012449648,0.003138354,0.0016169627,-5.790025e-08,-0.0002435843,-0.0043209866,2.6985559e-05
-0.698873,-0.008617312,-0.29667893,0.009797459,-0.050058495,0.0080240965,-0.054927893,-0.01244607,-0.0083610015,-0.046494838,0.008738687,0.023954527,-0.008811268,0.11575731,0.014473411,-0.014106365,-0.001756127,0.014709877,-0.15161516,-0.017901402,0.00052416994,0.00023459367,-0.0038959498,0.016446715,0.0025469384,0.0,-0.0002909461,0.0012395006,-5.3785418e-05,0.00019465703,-6.751447e-05,5.232531e-06,0.00044697666,-0.19626817,-0.004547543,-0.16243276,-0.038518142,0.019940525,0.0036631445,-0.021309523,-0.00031241626,0.059995383,0.0011200637,0.0063261273,-0.030728469,-0.00094610115,0.0041831764,0.020238612,0.00023968503,0.0454447,-0.091735095,-0.002702173,0.00041347882,-4.338818e-06,0.0011785264,0.0,-0.00017602756,-0.0006999997,-0.00094148784,0.00032698395,-0.0024337908,0.002718132,-0.00026358943,-3.7007816e-05,-0.00018152721,-4.11826e-05,-0.0002902242,0.0009513346,0.0043421513,0.0029686152,4.3583786e-06,-0.00012587353,-0.010142472,4.3247514e-05
0.20220968,0.16405225,0.33413538,-0.00075844204,-0.027375448,-0.009918803,-0.349372,0.010505044,-0.0020720582,-0.04153738,-0.02966394,-0.038664762,-0.002719006,-0.28834626,-0.010812315,-0.012337169,-2.746092e-05,0.009361095,0.3443863,0.05995971,-0.00057560863,-0.00010219666,0.0024460796,0.00028966705,0.00040286512,0.0,-0.00042063525,0.00024412679,-0.00010520297,-0.0019645714,-0.0006355317,8.4036765e-05,0.00076954445,0.014608618,0.017730022,-0.12553906,-0.018152509,0.025914451,0.0061837,-0.017243076,-0.00017006259,-0.0015937049,0.003417927,0.0036260828,0.022188138,-0.00096287637,0.0022030491,0.008178438,0.0008709938,-0.1907902,-0.1181684,0.0014434049,0.0002818153,-1.9623727e-05,0.0012374911,0.0,-6.990582e-05,-0.00011841968,-0.00059786235,0.00053627434,-0.0010618287,0.0012764939,-0.0005018402,1.2416511e-05,-0.00019659873,-3.291849e-05,-0.00038807516,6.0491147e-05,-0.0014328618,0.0030354154,7.343631e-06,-0.0006465394,-0.0022707942,-0.00023520345
-0.3942378,-0.5314502,-0.25080246,0.0032389322,0.4872638,-0.029543648,-0.19498691,0.0053039333,-0.0101331165,-0.011764287,0.060342375,-0.013380972,-0.02844857,-0.18280186,0.0187768,0.052887835,8.446531e-05,-0.012166192,0.36330736,0.058914114,-0.0072742417,-0.0022031413,0.0049877726,-0.002597618,0.005365202,0.0,-0.0002809524,-0.000940223,1.1057658e-05,-0.0006455307,-0.0007191542,-8.657857e-06,0.0008479888,0.025129914,-0.0050164023,0.3629062,-0.021954713,0.02344491,0.005150217,-0.020110598,-0.00021435479,-0.004599295,0.0025371436,0.010635374,0.04675108,-0.00062202266,0.0017199836,0.012195413,0.0001993307,0.03067299,0.23582058,0.0030151787,0.00029964725,-4.338818e-06,0.0011285315,0.0,-0.00023442111,-0.0002460141,0.0028148498,0.00030794906,-1.5369858e-05,-0.014689944,-0.000248728,-2.601847e-05,-9.7443e-05,-0.0002114105,-0.001167619,0.0009296941,0.008090715,0.014262239,0.00015774755,-0.0001895833,-0.012520528,-0.0019275548
0.43034568,-0.04238513,0.082865864,-0.0077997046,-0.04434059,-0.061717898,0.024151774,-0.022943737,-0.0024174694,-0.014133064,0.0058215056,0.016455155,-0.022507349,-0.1382158,-0.02516615,-0.015925616,-0.0066760927,-0.038732678,-0.097090006,-0.012560487,0.0043357937,0.0022153805,0.0023252773,-6.9290516e-05,0.0026947958,0.0,-0.00016099463,8.980926e-05,-2.4748475e-05,-0.00040803174,-0.00016725763,1.4661221e-06,0.00041929152,-0.103934705,-0.008852175,-0.12804964,-0.027696576,0.017182218,0.004981168,-0.023169138,-0.00017433669,-0.002732093,0.002683223,0.003409883,-0.08400275,-0.00072633656,-0.00054285163,-0.2640197,0.00016466441,0.01920449,-0.11345182,-0.008147914,0.00012855309,-4.338818e-06,0.0014406246,0.0,-0.00011052742,-4.5317305e-05,-0.00032554747,0.00069834245,0.0008656546,-0.011598272,0.025239233,-2.9370425e-05,-0.00014303785,-0.00021993672,-0.00042091508,0.00013296996,0.00025575378,0.001457842,4.3583786e-06,-0.0006300379,-0.0008566279,-0.0011816383
0.21779099,-0.09142903,0.2541352,-0.0024422673,-0.036605023,0.011806736,0.38117903,-0.024108874,-0.00077747623,-0.001530303,-0.0004883851,0.019489763,-0.01779332,0.43215537,-0.004682309,0.036982868,0.00076997245,-0.03399198,-0.077784814,-0.0072052656,-0.00091182673,7.499978e-05,0.001478811,-0.00011169996,0.0013873788,0.0,-0.0004512598,0.00011400272,-7.4600384e-06,-0.00063070597,-0.0001230468,5.4976335e-06,0.00036474198,0.020912904,-0.0064294683,-0.054611575,0.17887701,0.019193226,-8.568214e-05,-0.02783103,-0.0003590079,-0.0007074333,0.00261117,0.003536651,0.02545169,-0.00065534236,0.003171816,0.0111046815,0.0004337698,0.03159842,-0.18405984,-0.0044484218,0.00020450664,-4.4329404e-06,0.0052124118,0.0,-7.520535e-05,0.00046790967,-0.0011816385,0.00046373165,0.0006672854,-0.0038008413,-6.3290514e-05,0.00015973143,-0.00014334517,-9.839177e-06,-0.00039572292,0.00019199835,-0.0020142433,-0.011811903,8.920879e-06,-0.00038834408,0.0021336323,4.9891678e-05
-0.45234248,0.1967995,0.3690924,0.0039398447,-0.031533435,-0.0056131217,0.1235479,0.0077785915,-0.005800831,-0.015795033,-0.048636194,-0.043125182,0.013072968,0.07099004,0.0074892943,-0.0016241029,0.000783625,0.006225975,0.33852252,0.058044776,0.0048826365,-4.111827e-05,-7.776673e-05,0.0008586186,0.0003184478,0.0,-0.000966461,0.00036433607,-2.0907393e-05,-0.0001407699,2.541662e-06,4.5926976e-05,0.0007586879,0.031318042,-0.0058445325,0.13517681,-0.030918086,0.0124647785,0.0027256426,-0.02443507,-0.00043953236,-0.0021407756,0.002665125,0.0054119364,0.022177389,-0.00079651835,0.0052135196,0.016498433,0.00039928427,0.04249705,-0.14748111,-0.0036540483,0.00046558413,-4.4380067e-06,0.000656497,0.0,-0.00017876101,0.000118502205,-0.0009583879,-3.1270625e-05,1.9317948e-05,0.0017883966,-0.00012986048,-3.6158133e-05,-0.0003166729,2.2663326e-05,-0.00038549324,0.0013971563,0.0003627961,0.0003241721,4.3583786e-06,-0.00017532332,0.0042292224,0.0003534222
-0.09726047,-0.20140614,-0.36663973,0.009324509,-0.053412285,-0.03750501,0.1687273,0.009541485,-0.00634111,-0.0047426275,-0.011084908,-0.003168123,-0.010107237,-0.11293477,0.007674051,-0.016115723,-0.0009608121,0.0067512356,-0.1272169,-0.017996399,-0.0033785133,-0.00028883995,5.5968892e-05,-4.471386e-05,0.0017178233,0.0,-0.0007763299,-0.0045948685,-1.5719834e-05,-0.0007596593,0.00043991837,6.473536e-06,0.0008153944,0.025001679,-0.0040606516,0.19659899,-0.01756418,0.015223097,0.004097812,-0.02058036,-0.0003257796,-0.001094513,0.0021750464,0.0074003325,0.036732957,-0.0006076904,0.0030506137,0.015995845,0.00040676625,0.040821444,-0.15421921,-0.0033419544,0.0005368486,-4.338818e-06,0.0007611855,0.0,-0.00067104853,-0.0004869872,-0.0011816466,0.00064122817,-0.0028851372,-0.004528546,-9.7748234e-05,-4.8444927e-05,-0.00011219829,-0.00014340627,-0.0002043751,0.00025832426,-0.00031082245,0.0023006247,4.3583786e-06,-0.0002930605,-0.007413609,-0.000109714274
-0.7638106,-0.45094243,-0.29810128,-0.0077447663,-0.0633456,-0.045162953,-0.030000554,-0.020706687,-0.0052473936,-0.048573937,-0.0080742035,0.01509595,0.0049389005,-0.22193061,-0.034027517,-0.026649904,-0.0011667956,0.02881768,-0.17198052,-0.024481343,-0.002784256,0.00013848435,-0.009609214,-0.0009310089,0.0004108789,0.0,-0.0009706996,-0.011082189,-3.069978e-05,0.000112033,-0.0018055011,-0.00010190209,0.0006076268,-0.1790515,-0.007184619,-0.15318488,-0.023432704,0.015498436,0.005309393,-0.026175095,-9.885291e-05,-0.0057344055,0.0019614482,0.0045590918,0.039875776,-0.00079942576,0.003303043,0.009908467,0.00020591197,0.03177184,-0.117541805,-0.00052165054,0.00036366004,-4.338818e-06,-0.021461718,0.0,-0.00060505996,-0.0004493866,-0.00087010383,0.00044449445,-0.00013061028,-0.015756056,-0.00012367938,-3.1816293e-05,-0.00010898764,-0.0010345911,-0.00028197016,0.00030551857,0.00273998,0.0046295067,-2.5544621e-05,-0.00012346516,-0.010556224,-8.528108e-05
-0.46551326,-0.34319103,-0.34311414,0.0045421273,0.3672921,-0.03497491,0.056275234,-0.018827586,-0.0043722065,-0.009518229,0.05290569,-0.04699426,-0.032372728,0.09595609,0.03288647,-0.020225218,0.005437825,0.017244538,0.3661219,0.04829493,-0.0030570237,-0.0020663235,0.0021423982,-0.0019241803,0.004292599,0.0,-0.0005153987,-0.00043418503,2.8691242e-05,0.00014324735,-0.0004394861,-4.9750397e-06,0.0006525277,0.03267947,-0.0030479373,0.22178409,-0.022635078,0.019093154,0.003281278,-0.02088018,-0.00022651847,-0.0012268363,0.0026203836,0.0068571316,0.045518532,-0.00079444755,0.0037420136,0.017037207,0.00044582918,0.038012546,0.20743237,0.0029568905,0.00010160932,-4.338818e-06,0.0010539034,0.0,-0.00027272297,0.0021127614,0.016945047,0.00050873135,-0.00030866647,-0.021492029,-0.0002968561,-3.9832128e-05,-0.00010288941,-0.00027790733,-0.0008402742,-0.026370192,-0.009165984,0.0091110235,0.00015774755,-9.1542635e-05,0.012597394,0.0015435221
0.49399242,-0.018736592,0.23695691,0.0022176981,0.30710834,0.047226284,0.38925534,-0.015521128,-0.008663116,-0.003822766,-0.018662822,0.06619231,-0.0011439145,0.47670907,-0.023543663,0.020759862,0.0038841753,-0.032160453,-0.081952885,-0.010984431,0.0010394438,0.0005792579,-0.0039538974,0.0011579735,0.0013070187,0.0,0.0002788201,-0.0030545644,3.1920983e-06,-3.4828226e-06,7.3968426e-05,-6.40255e-05,0.00027603406,0.011804381,-0.005274433,-0.057166588,0.21092582,0.0146495225,-8.580872e-05,-0.012358401,-0.00043028741,0.00047344062,0.0013028355,0.002648981,0.017031109,-0.00033887135,0.001416763,0.008898993,0.00040464065,0.019391619,0.18769826,0.001454874,0.00019108283,-4.4329404e-06,9.27993e-05,0.0,-9.12456e-05,-3.079509e-05,-0.00069678825,-8.4826315e-05,-0.0010853038,0.00072747056,-9.23962e-05,-4.679305e-05,-0.0001384965,9.952105e-05,-0.0011669754,0.00026817858,-0.0005951993,0.0054147136,8.5230895e-06,-0.00048929814,0.0015561219,-5.2679476e-05
-0.12632605,-0.2136055,0.31781098,0.015127411,0.27196944,-0.004507853,0.022670722,0.015487079,0.013477859,-0.016100675,-0.006587404,0.01424771,-0.023270145,0.18234068,-0.04141006,-0.03237026,0.0060527157,0.0037337348,-0.11336627,-0.014663007,-0.0023725422,0.00046140474,0.00036086157,0.0004251141,0.0029953397,0.0,-0.0013425767,-0.00028871678,3.227906e-05,-0.0014248717,-7.83633e-05,2.1554999e-05,0.0008336263,0.024667915,-0.0053177215,0.15158416,-0.012895889,0.017041713,0.0036449938,-0.024676276,-0.00034250307,-0.0010351593,0.0023522493,0.0044477875,0.024051817,-0.00012922254,0.0040455763,0.014187129,0.00032782074,0.034985352,0.24384257,0.0033561331,0.00020925138,-4.4329404e-06,0.00015760993,0.0,-0.0003333618,-4.7814166e-05,-0.0007650919,0.0006787301,-5.58343e-05,0.0012283071,-0.00025479292,-5.655523e-05,-9.755861e-05,0.000115964074,-0.0006664775,0.00023388409,-0.013121149,-0.013310684,0.00017142916,-0.0003345297,0.0042512473,0.00020249176
-0.47118732,-0.18510999,-0.19607674,0.0010711343,-0.04954583,-0.013537504,-0.33724865,-0.032646228,0.0025923643,0.045830447,-0.037561014,-0.08402115,-0.005329508,-0.325893,0.08046631,-0.011676387,0.007647001,-0.01753532,0.37439385,0.06395707,0.002839069,-0.00013692571,0.0016543529,-0.0013991948,0.0015745998,0.0,-0.00080509257,0.002608835,-1.4065759e-05,0.0005070946,-0.004985521,7.4755386e-05,0.001094655,0.025186198,0.015121443,-0.14497618,-0.024755394,0.017416574,0.0054658386,0.1784038,-0.00022582833,-0.00266271,0.0024462086,0.0044088196,-0.022921031,-0.0007439729,0.0024129418,0.011144278,0.0011425075,-0.14956585,-0.09801769,0.001390901,-7.90405e-05,-4.338818e-06,0.001262773,0.0,-0.0002290866,-0.000116014126,-0.00026823604,1.0919977e-05,-0.0005730919,0.0023555371,-0.00016902338,1.1536685e-05,-0.00011688927,-0.0004150667,-0.00026280497,0.00095596816,0.0014916697,0.0034254394,7.343631e-06,-0.0001839289,0.0027538529,-0.0027801925
-0.109440476,0.01906509,-0.17070468,-0.0045395144,-0.069907725,-0.027935542,-0.3451483,-0.017997041,-0.0014198835,-0.01213114,-0.027155146,-0.02706919,-0.04302905,-0.3489414,-0.025956841,-0.111831844,-0.00043291828,-0.017230991,-0.11444487,-0.011591882,-0.0019754798,-0.001983176,0.0032028758,-0.00014476126,0.0026727314,0.0,-0.00015938676,0.00021495397,-5.2950563e-06,-0.00059384777,-0.0010112732,7.4755386e-05,0.0012933441,0.012978879,0.014342898,-0.12835626,-0.02202976,0.019827122,0.00675395,-0.010497578,-0.00017169042,-0.0022055735,0.0025291264,0.0035942795,0.023760132,-0.00047174512,0.002506572,0.008194313,0.00031732713,-0.19303621,-0.11432016,0.0020034972,0.00034653692,-4.338818e-06,0.000973229,0.0,-0.0002953957,-0.000111616435,-0.0006772428,0.0005375033,-0.00028212543,0.004949146,-9.759759e-05,-9.5019277e-07,-0.00013245549,-0.00011863955,-0.00015350105,-0.00082648307,0.00042602772,0.0020490573,7.343631e-06,-0.0001962331,0.0028616413,0.00014788618
0.16971146,0.00071538094,-0.39030686,0.012994466,0.30580816,-0.0033432615,0.32713255,0.010472447,-0.001805539,-0.007719954,-0.021703603,0.0042531923,0.050097883,0.44557896,-0.0064799036,0.020084085,0.006013138,0.01049523,-0.07062117,-0.011743822,0.0038445012,0.0060466477,-0.0035636858,0.0011683261,0.0013243785,0.0,-0.00022426916,0.0011103657,1.8156874e-05,-0.0014219653,-2.718637e-05,1.2668095e-06,0.00030541926,0.01943921,-0.002847419,-0.07234441,0.25839233,0.012086104,2.6768364e-05,-0.01786478,-0.00034768326,-0.0016731154,0.0020075273,0.004735519,0.025174405,-0.00045786228,0.0019081462,0.010339947,0.00031097574,0.034568503,0.18189083,0.0005260379,0.0003596177,-4.4329404e-06,-0.00038252567,0.0,-7.378069e-05,0.00043239893,-1.5256075e-05,0.00018581568,0.002192213,0.0011279278,-0.0002308001,-4.211637e-05,-0.0001302665,0.0001312398,-0.0013249511,0.0001044809,-0.011148073,-0.01561208,0.00017142916,-0.00063283514,-0.015071435,-8.258459e-05
0.27080974,0.19939312,-0.41524217,-0.001535664,-0.04746933,-0.018442128,-0.3520228,0.0035062325,0.0014580789,0.002138243,-0.022345949,-0.024374524,-0.012808801,-0.38872343,-0.02704632,-0.01557164,0.000426357,-0.029160257,-0.07848723,-0.011864207,-0.0016037854,-0.0009594656,0.0034076096,0.00048598147,0.0021077155,0.0,-0.00022333057,-0.0060176402,-0.00044704377,-0.0006479327,0.011746674,9.758849e-06,0.00075909664,0.018205648,0.024206938,-0.13870855,-0.021432098,0.021808662,0.011682253,-0.015439476,-4.4782784e-05,-0.002026247,0.0024102447,0.004168735,0.04317521,-0.0010584234,0.0011298686,0.008642287,0.00014840906,0.04654894,-0.117437325,-0.0029614095,0.00028981682,-1.9623727e-05,0.0010443369,0.0,-9.186075e-05,-0.0010518682,-0.0003569838,0.00026681635,-3.055577e-05,0.008771178,-8.858976e-05,-3.788157e-05,-0.0002850449,-6.6683533e-06,-0.00054213376,-2.5832325e-05,0.0004471151,0.0010402276,7.343631e-06,-0.0005264217,-0.0039311303,-0.00015370497
-0.15668195,-0.03172999,0.3225969,-0.005990683,-0.0391834,-0.011413121,0.1336216,-0.009034177,-0.0022206365,-0.005931055,0.026728665,-0.024567999,-0.014889203,-0.12676586,-0.009460735,-0.028836032,0.0013247461,0.015099992,-0.13792908,-0.022816503,-0.0036999504,-0.00027836877,0.0014750358,-0.000112297974,0.0011869633,0.0,-0.0003805705,0.00079037127,-9.801229e-07,-0.0011400036,0.009974091,8.9030045e-06,0.0006907148,0.016182015,-0.0055269185,0.21042688,-0.01713067,0.018115403,0.0039844764,-0.017710783,-0.00021033509,-0.00083426177,0.002974111,0.0056156665,0.03681707,-0.0011623119,0.0021694414,0.016886106,0.0003948634,0.043220527,-0.16059607,-0.0052515613,8.9799e-06,-4.338818e-06,0.00095165684,0.0,-0.00068004505,-5.0189126e-05,-0.0020527833,0.00076725415,-0.0030291118,-0.006027279,-9.06462e-05,-3.6878486e-05,-0.00014364655,6.7298286e-05,-0.00028588396,0.00047781688,0.00044292686,0.0019503849,7.954296e-06,-0.00036165325,-0.010705496,-0.00023697052
0.24667417,-0.020561786,0.3267675,-0.0028192904,-0.032090805,0.043799464,0.37977427,-0.016248167,0.0006403031,-0.009485598,-0.014753951,0.02974528,-0.0030264666,0.5526577,-0.0070953504,0.03122443,-0.00016083472,-0.04513307,-0.083576486,-0.012114958,-0.0015347332,7.869788e-05,0.0009990231,-0.00024142952,0.0007118735,0.0,-0.00034131625,-2.0852633e-05,-7.686521e-06,-0.00050263316,-8.9088746e-05,5.4976335e-06,0.00032347557,0.017301658,-0.0051332326,-0.0454262,0.21502613,0.017745953,-6.876982e-05,-0.019356834,-0.00023443166,-0.00071416085,0.0026242244,0.003862895,0.02063758,-0.00065966934,0.003971227,0.009079416,0.00043953612,0.027694488,-0.1489788,-0.004362453,0.00029675185,-4.4329404e-06,0.0003775465,0.0,-8.501003e-05,-2.2292224e-05,-0.0017324005,0.0003217852,0.000825868,-0.0005466265,-0.00016715747,0.00015973143,-0.00014517372,2.4320096e-05,-0.00040281116,0.0002513243,-0.0007408992,0.0017873541,8.920879e-06,-0.000528384,0.0022716753,1.0194781e-05
0.31947598,-0.04598613,0.40501434,0.0035134258,-0.030748727,0.00933257,0.12374606,-0.0033814998,0.015745334,0.010595828,-0.0012029107,0.03943852,-0.043624107,0.057838395,0.0035589947,-0.016865838,-8.3094026e-05,0.005387924,0.32051528,0.038998283,-0.00044395294,-5.5790297e-05,0.0015395372,-0.0006284448,0.001452142,0.0,-0.00056374416,-0.00011189875,-1.2398559e-05,-0.0006500657,1.0579891e-05,5.089225e-06,0.00038667888,0.018227756,-0.004787692,0.124466956,-0.02524012,0.022711823,0.0029466033,-0.009460746,-0.00031684118,-0.002030764,0.002095594,0.0031566983,0.027117457,-0.00046769134,0.0039039005,0.016941637,0.0003773276,0.032045867,-0.15295897,-0.007193058,0.00027720656,-4.4380067e-06,0.0011750718,0.0,-5.982489e-05,-2.2631844e-05,-0.0013216425,0.00056056737,0.00014292591,0.0012698463,-0.00045089977,-3.2265667e-05,-0.000142695,0.00015622722,-0.00010992398,0.0004282818,0.00026159873,0.0029399202,4.3583786e-06,-0.00039276513,0.0041564223,0.00029152044
0.23708452,0.15372404,-0.39636314,0.003107772,-0.07540318,-0.011430483,-0.3062423,0.0069509507,-0.002854452,-0.005256093,-0.012334319,-0.01121793,-0.0075450838,-0.35107315,-0.011719752,-0.08185347,-0.0065268613,-0.025247363,-0.07738533,-0.010860077,-0.001679447,-0.00013687983,-0.013492102,-0.00730249,0.0017123068,0.0,0.0003166912,0.002506824,-0.00012523863,-0.0008080847,-0.0007684996,9.803451e-06,0.00077905343,-0.06819131,-0.022819484,-0.12187226,-0.024466822,0.021620879,-0.10015656,-0.01423093,-4.1851585e-05,-0.008953829,0.0024898534,0.004227767,-0.06315322,-0.0015246335,-0.001469177,0.00938664,0.000121814126,0.040796883,-0.096579514,-0.00040269617,3.6455313e-05,-1.9623727e-05,0.0010401877,0.0,-0.00019073638,-0.000262167,-0.00036682957,0.00063928467,-0.0007517826,-0.010160021,-0.00029947414,-3.50655e-05,-0.00030228746,-0.00010746545,-0.00044213264,-0.00022520944,6.19263e-06,0.0010624509,2.927352e-06,-0.00090740464,-0.009280416,-0.00011907299
0.30620337,-0.042681675,0.525964,-0.01316395,-0.045154754,0.024495596,-0.093736514,0.011800019,0.011087898,-0.0076659406,-0.0055919793,0.04406147,-0.0389642,-0.14621745,0.015562217,0.039514106,0.0036242404,-0.031017639,-0.10833675,-0.0122856395,-0.0039164517,-0.0004207031,0.0017333638,-0.005153112,0.0021458927,0.0,-0.0003623275,3.3748234e-05,-1.3127514e-05,-0.00072401937,-0.00014992306,8.150519e-06,0.00022957483,-0.074838966,-0.010501735,-0.12070241,-0.02518371,0.03771702,0.005280525,-0.014227136,-0.00022664072,-0.005851869,0.003204595,-0.38165513,-0.06623443,-0.00058586674,0.00034193776,0.014125887,0.00036113462,0.009953459,0.21734573,0.0037750816,0.00011546719,-4.338818e-06,0.003133866,0.0,-0.000111982525,-5.2607844e-05,-0.00015981014,0.00044802995,-0.00048300816,-0.015596072,-0.00018733158,-4.9616392e-05,-0.00011209521,-0.003835651,-0.00042726076,0.00020015515,0.00027432354,0.0041832905,2.6882908e-06,-0.0006375615,0.0029055376,0.0015641003
0.40300244,0.079939,0.32124475,-0.0070834192,0.17623323,0.031282235,0.33442584,-0.020682575,0.0072143124,-0.011267662,-0.0054883454,-0.0006045497,0.008715544,0.4238938,-0.006670358,0.0067793517,0.00042070303,-0.04405622,-0.06613391,-0.010371855,-0.004583663,0.0003903234,0.001146051,-0.00050024077,0.0011880678,0.0,-0.0001629113,-0.0011428108,1.3762705e-05,-0.0011649126,7.257481e-05,8.567639e-06,0.00033808456,0.016330065,-0.0052605323,-0.05703782,0.20472555,0.016367316,-0.00045088626,-0.015423519,-0.00026258643,-0.0006114903,0.0016366034,0.0030711098,0.016133258,-0.0003635065,0.0027350143,0.004543796,0.00036129018,0.02669031,0.19305125,0.0011493163,0.00044312092,-4.4329404e-06,4.835138e-05,0.0,-9.2939306e-05,-1.3250134e-05,-0.0014067842,0.00029890533,0.00060749106,0.00046420176,-8.551209e-05,-4.899162e-05,-0.00019317982,0.0001344877,-0.00053910963,0.00027813087,-0.0013488214,0.0024672826,0.00017362477,-0.0005550264,0.003298665,7.625738e-05
0.44698125,-0.045153834,0.3468992,-0.003898924,-0.044122588,-0.011280233,0.13342653,-0.010590652,0.0011718018,-0.005697379,-0.01645228,0.012935688,0.06340087,0.059022665,-0.007841972,0.027888892,0.0013788001,-0.0053532724,-0.087038666,-0.013469322,-0.0013306623,-0.0002944802,0.00065205316,-0.00022798628,0.00082709634,0.0,-0.0003549171,0.00035222786,-6.2109266e-06,-0.0006088933,-6.911728e-05,1.5585907e-05,0.0002281776,0.022829656,-0.0055489684,0.15554069,-0.02502646,0.021025842,0.0010317463,-0.024035364,-0.0004835606,-0.0003911003,0.0022605816,0.0062547247,0.035386205,-0.0005892382,0.002534262,0.016558154,0.00031343414,0.02812733,0.22687869,0.0030420579,0.00020771992,-4.338818e-06,0.0018497218,0.0,-7.599031e-05,-4.7500347e-05,-0.0007113251,0.0003208929,0.0005115026,0.002529809,-6.692576e-05,-5.8053392e-05,-0.00014453167,7.572893e-05,-0.00061877194,0.00023226147,0.00018759102,0.0019519741,7.954296e-06,-0.0003701489,0.003555041,5.6579447e-05
-0.18623057,-0.61466306,-0.21993633,-0.007682075,-0.08465428,0.0006057278,-0.2477314,-0.017673088,-0.015955754,-0.012259275,-0.02043215,-0.014012444,-0.03029597,-0.39587474,0.0055192304,0.009065504,0.0033882137,0.014776119,-0.11486567,-0.01995445,-0.0017786762,-0.00023176771,-0.0003380758,0.00010094841,0.00089709135,0.0,-0.00018982461,0.0026450758,-3.2911237e-05,-0.0005497527,-0.0016696693,1.4517677e-06,0.0006543495,0.025090743,0.0282629,-0.13030389,-0.024522832,0.020037675,0.0054726466,0.24719483,-0.00015534842,-0.004130275,0.002891617,0.004317429,-0.027683437,-0.0010470405,0.00187717,0.0086663505,0.00013359103,0.027978152,-0.10655995,-0.005363832,0.0003116213,-4.338818e-06,0.0009425562,0.0,-0.00018345733,-0.00021693663,-0.00040163958,0.0004486842,0.00028459364,0.0051435246,-0.0003150403,-2.9607658e-05,-9.335521e-05,-0.002108155,-0.00021559435,0.0006973366,0.0002026799,0.0020690367,-0.00017757795,-5.9484973e-05,-0.0027482694,-0.000154262
0.24674796,0.0040974077,-0.42390522,-0.0018445341,0.030007511,0.01467126,-0.12715444,-0.021263234,-0.011058344,0.021666553,-0.016723849,0.06113633,0.020126745,-0.14256978,-0.012195887,-0.014716528,0.0036692605,0.015466555,0.37085277,0.059355326,0.0065731984,0.00286134,0.004226201,0.00023375245,0.0033904272,0.0,-0.00035528975,0.0010495987,-0.00011145568,-0.0001667168,-0.0011035732,1.2722667e-06,0.00024101867,0.01722143,-0.005909771,0.22998129,-0.020203328,0.027604798,0.006154646,-0.029434599,-0.0001008766,-0.003974846,0.0029036053,0.008109586,-0.14517371,-0.0011103356,0.00086723635,-0.1884187,-5.414831e-05,0.02326435,0.16036521,0.0039588264,0.00020528272,-4.338818e-06,0.0025149952,0.0,-0.00010322545,-0.00057266885,0.025097443,-0.00015119404,0.0014700161,-0.007756489,-0.00020258264,-2.4123236e-05,-0.0001290508,-6.645439e-05,-0.00022401338,-0.00035160338,0.00202656,0.001469993,4.3583786e-06,-0.00054901786,-0.015722228,-0.00022488205
0.4574579,0.067249626,0.3013285,0.012545754,0.30536646,0.07111336,0.37480468,0.014701991,0.0061225337,-0.01098639,0.016012814,0.04525106,0.0015158168,0.49954548,0.03257659,0.011444049,0.00038681857,0.028139476,-0.055611234,-0.008084915,-0.0024983417,-0.0003962238,-0.0036253065,-0.001243455,0.0020556464,0.0,-0.00014091602,-0.0037188872,-8.0040286e-07,-0.0014180996,0.0007145955,-1.4711283e-05,-0.00023225277,0.013743696,-0.0049721114,-0.056450084,0.20581451,0.015183744,0.0014687668,-0.0012427864,-0.0002839624,-0.00015381625,0.0012374085,0.0025778713,0.008484229,-0.0004342794,0.0019623798,0.0038473315,0.0003983209,0.02702103,0.22070447,0.001180707,0.00043109898,-2.0408525e-05,0.00042928522,0.0,-6.1007868e-05,-0.00017395258,3.204448e-05,0.00026038097,0.0005655137,0.0010713387,-0.00027846333,-3.821575e-05,-0.00026902178,0.00042350998,-0.00082517625,0.00019724504,-0.0005075031,0.0037979626,8.5230895e-06,-0.0005857538,-0.0011435993,-6.185798e-05
0.21592379,0.18829668,0.43407327,0.0020427417,-0.03585095,-0.007871656,-0.26210266,-0.02980139,-0.0015920657,-0.0042851157,0.0123927435,-0.030595122,-0.00027602393,-0.32036808,0.04449148,-0.018660497,-0.0014647993,-0.01746083,-0.10006202,-0.013680053,-0.0021786988,-0.00012393158,0.0036894453,0.00040975172,0.00096921064,0.0,-0.0004626321,0.0005043974,-0.00011222674,-0.0007355708,-0.0002908346,8.2370134e-05,0.00056926865,0.016959036,0.024146127,-0.12781535,-0.014823978,0.026108127,0.005548154,-0.019457644,-0.00018046061,-0.0010630027,0.0023815618,0.0031141643,0.025428873,-0.0010124625,0.0019067143,0.009443203,0.00033840715,-0.22222784,-0.1210405,0.00071628124,0.000107925676,-1.9623727e-05,0.0014461979,0.0,-0.00017768262,-0.0003949137,-0.0003640846,0.00025328074,-0.0010873618,0.003734929,-9.017406e-05,-6.896559e-06,-0.00022088492,-5.6678648e-05,-0.0005260367,0.000117497715,0.00020852163,0.00054379454,8.920879e-06,-0.000316964,0.0031553532,0.00020278734
-0.4840057,-0.058655486,-0.43833843,-0.002638804,-0.046577495,-0.009096766,0.3265097,-0.024672603,0.012155646,0.0063489825,0.021332089,-0.0542702,0.01478762,0.20110002,-0.043884244,-0.020284772,0.0015811842,-0.0018669742,0.24600047,0.037002545,6.532045e-05,-3.039487e-05,0.0019613977,-0.0004145328,0.0026927774,0.0,-0.00029740809,0.0005683633,-0.00021567274,-3.1506515e-05,-0.0017551758,3.833068e-06,0.00075085525,-0.1693301,-0.0024431378,-0.09969608,-0.043031614,0.013484947,0.0020564615,0.1549525,-0.000289296,-0.004682082,0.0017242288,0.0047671087,-0.017599208,-0.0006328243,0.003763782,0.01851364,0.00031311897,0.035848245,-0.1374786,-0.0026400841,0.00032175757,-4.4329404e-06,0.00067003793,0.0,-0.0001109649,-0.0004888195,-0.0008075925,0.00012716421,0.00026177938,0.003510558,-7.1032984e-05,-3.504651e-05,-0.00014200075,-0.00013418923,-0.00024604186,0.0024594471,0.0014722772,0.00070799596,3.5380172e-06,-0.00028373953,-0.005259063,9.3990486e-05
0.3466113,0.091486335,0.3482901,0.0060506114,-0.05100276,0.029227948,0.3600821,0.0075760866,-0.008466909,-0.0105273705,-0.03580149,0.017348183,0.006794503,0.35476813,0.0026588521,0.010919002,-6.583138e-05,0.046976406,-0.059249833,-0.010454304,-0.0014323336,-0.00045768436,0.0010178775,4.363228e-05,0.00076767773,0.0,-0.00019703085,-0.00012952017,-9.897176e-06,-0.0016164974,6.83947e-05,6.5599954e-05,0.00028478404,0.015066997,-0.0060527893,-0.057769056,0.21889155,0.014134428,0.00028095595,-0.014753722,-0.00021238605,-0.0010051699,0.0020890604,0.005357318,0.018562881,-0.0004940301,0.0012877779,0.0031733587,0.00030977558,0.029267345,0.19489138,0.0009534777,0.0004943443,-4.4329404e-06,1.2996564e-05,0.0,-8.922633e-05,-5.141208e-06,-0.00033989677,0.00016833236,0.0016442875,0.0010001095,-0.00014579782,-2.5181089e-05,-0.00030997396,0.00015954723,-0.0005877182,0.00023013569,-0.0015944083,0.00072755315,7.3436304e-06,-0.000721787,0.007692582,4.1502062e-07
-0.45645282,-0.17302081,0.060829446,-0.0039894907,-0.04082207,-0.025658684,-0.061155688,0.0017523679,-0.000113232614,-0.009652048,0.07601304,-0.050525468,0.003546516,0.05383734,0.018142855,0.024990804,0.004102531,-0.025492964,0.49606103,0.06301757,0.0005845184,-0.0003965276,0.0013780465,-0.0014090025,0.0014236434,0.0,-0.0012864091,0.00013055501,3.6033293e-07,-0.00037338643,5.606729e-05,2.6162978e-05,0.00079246034,0.032902654,-0.0040558507,0.25393796,-0.024121607,0.018911412,0.0006642754,-0.018421628,-0.00029590772,-0.0022228402,0.002851879,0.0033558586,0.028382361,-0.0005784117,0.0046857167,0.016515268,0.0014955511,-0.18035112,-0.12550709,0.0012923065,1.8144194e-05,-4.338818e-06,0.0017711164,0.0,-0.00013203606,9.5510244e-05,-0.00014741674,0.00046231234,-0.0013256981,0.002282582,-7.710289e-05,1.9596955e-06,-9.1077665e-05,-0.00011961705,-0.00030525052,0.0013934677,0.002728987,0.002803645,7.954296e-06,-0.00018939956,0.0020177318,0.0017732003
-0.6401088,-0.5621749,-0.32773435,0.0026528062,-0.07578263,-0.036061604,-0.28346318,-0.0020932085,-0.007888482,-0.018912286,-0.032272488,-0.06804071,0.0037493608,-0.34793368,-0.0931625,-0.031727154,-0.0056618564,-0.0043827617,-0.13487056,-0.024292268,-0.0015521194,0.0002584315,0.0016173499,-0.00035407793,0.0015005909,0.0,-0.0013273892,0.0011556734,-1.1954011e-05,-0.00023847891,-0.0010701292,2.6491121e-05,0.0007219226,0.024422865,0.008169319,-0.13475424,-0.02528229,0.01415692,0.0055771754,-0.037463807,-2.8335446e-05,0.016755573,0.0011872575,0.0039827283,-0.017573697,-0.00088880013,0.0030032895,0.0042910418,0.00039038665,-0.15912905,-0.11514656,0.0014704152,0.00035856158,-4.338818e-06,-0.00043213076,0.0,-0.00022265529,-0.00085662806,-0.00076473417,0.0004972974,-0.001242674,0.008641048,-0.0008090112,-1.34246475e-05,-0.000115975134,-0.0024520666,-0.0002636676,0.00045572774,0.0048498902,0.0013268011,-4.2452477e-05,-0.00013852803,-0.015240057,-0.00017388322
-0.16064209,-0.0374526,0.071192205,0.010196106,-0.039058823,0.0054914174,0.19371264,0.0105180545,-0.0055405134,-0.00306766,-0.017808808,-0.003709467,-0.0056537422,-0.077005565,0.0014738118,0.032786384,0.0010769963,-0.019498818,-0.15118618,-0.02351342,-0.003425733,-7.538264e-06,0.0012505018,-0.00026375297,0.0005722664,0.0,-0.00028370912,0.00019464223,-1.4310083e-05,-0.0005598657,-0.0002620075,6.473536e-06,0.0008476722,0.016684914,-0.005062174,0.22232181,-0.02483675,0.01645585,0.0013104539,-0.028633514,-0.00030040805,-0.00065487984,0.0029098187,0.004009818,0.028774196,-0.0006260914,0.0038329242,0.013634092,0.00041731237,0.042050492,-0.14853063,-0.0053902096,0.00030329527,-4.338818e-06,0.0010149141,0.0,-0.00015904878,-4.8086622e-05,-0.0005012794,0.00089965365,9.454907e-07,0.0023268445,-8.416781e-05,-5.451926e-05,-0.00014778657,3.0653533e-05,-0.00064616237,0.00083085394,0.00041307183,0.003003539,7.954296e-06,-0.00037813632,0.0064996574,7.153135e-05
-0.5487782,0.027358208,0.32748258,0.0010371692,-0.030357178,0.006496462,-0.022821873,0.002011977,-0.0016069625,0.010120787,-0.028911754,-0.051056735,0.03463232,-0.18089144,0.0143748475,0.008620037,-0.0013536479,0.027119434,0.3846051,0.06054276,-0.0024652209,-0.002014147,0.00040630042,-0.0023874005,0.00044863255,0.0,-0.0006016243,0.00012395982,-1.7312279e-05,0.0005673683,-0.0011135481,7.713607e-05,0.00058978645,0.0279954,0.0076529505,-0.13775553,-0.022286164,0.020275911,0.0028308497,0.21127157,-0.0003043456,-0.0014121021,0.002905702,0.0040949387,-0.025846673,-0.0007986053,0.0029018205,0.008723045,0.0014310629,-0.1647723,-0.10978113,0.0022860083,0.0002399626,-4.338818e-06,0.00033320163,0.0,-6.0611248e-05,5.8049554e-05,-2.5292058e-05,0.0005480345,-0.00014597265,0.0024052728,-0.00015275851,6.99044e-06,-0.00013549239,-0.0007689978,-0.00053423434,0.001238186,0.0005153655,0.0008144329,4.3583786e-06,-0.00012513035,0.0002072751,-0.0029324132
-0.1798605,-0.066170216,0.2560433,-0.0020938658,-0.03124848,-0.023333302,0.21641809,-0.011952628,-0.0077719446,0.012625178,0.084155135,0.024578188,0.0055967327,0.006103255,0.028945249,-0.018101223,-0.00051050243,0.010440099,0.44610497,0.06343292,0.001268808,-0.00013973852,0.0026470234,-0.00065490685,0.00042197644,0.0,-0.00070176827,0.00012568064,-8.0140717e-07,-0.00060718803,-5.1619532e-05,7.715169e-05,0.00082680443,0.016823776,-0.0041462085,0.15734234,-0.015366988,0.017635562,0.0023270627,-0.021114545,-0.0003565966,0.00027614058,0.002947798,0.0031982705,0.019906383,-0.0004845172,0.00238971,0.016733302,0.0017088826,-0.14513442,-0.15580048,0.0010072561,6.911423e-05,-4.338818e-06,0.001077731,0.0,-0.0001883982,-3.6268808e-05,-0.00059305574,0.00063851674,-0.0009123937,0.002022518,-0.00016022346,-1.1027499e-05,-6.894284e-05,-2.0580615e-05,-0.00023729258,0.00088161253,0.0016603646,0.0022647479,7.954296e-06,-0.00024037993,0.0061693764,0.00016618302
-0.48816016,0.012293392,-0.37618795,0.0019730076,-0.06513366,-0.03685369,-0.36864346,0.023094052,0.0027947177,-0.018266508,-0.0412737,-0.018085908,-0.001014172,-0.32000569,0.020031411,-0.017127488,0.003964063,0.010337926,0.35723618,0.040124133,-0.0019565823,-0.00021483126,0.0008969817,-0.001775568,0.0024831141,0.0,-0.001133862,0.000308786,-2.0106443e-05,-3.401772e-05,-0.0017750895,4.2521942e-06,0.0015062931,0.018642202,0.018185327,-0.1413628,-0.027986292,0.018402245,0.0070458706,-0.021911379,-4.874926e-06,-0.0035969277,0.0017645189,0.0049214093,0.024407437,-0.00070496864,0.0048964415,0.013040234,6.9257185e-05,0.037017155,-0.09598146,-0.0021125968,0.00038621543,-4.338818e-06,0.0005366528,0.0,-0.00012438833,-0.0002765178,-0.0004706247,0.0005691161,-0.0003702623,0.0040259,-0.00033675638,-3.48784e-05,-0.00017503361,-8.761396e-05,-0.00022125701,0.00058491516,0.0022763396,0.00078280387,7.343631e-06,-0.00016145236,-0.0076554664,-0.0006454468
0.6360764,0.11979383,-0.31233004,0.00055823993,-0.0332488,-0.013983808,0.4161612,-0.026773969,-0.007897819,0.01825039,0.0071198316,0.050104998,0.042239323,0.33694386,0.02874231,0.03660721,0.0064790174,0.004960318,-0.05352758,-0.011413864,-0.0002527659,0.0015149165,0.0018740443,-3.5698295e-06,0.0017017251,0.0,0.00056358235,-0.0028969669,-1.0476263e-05,-0.0016472836,7.0841714e-05,6.7807623e-06,0.00025297393,0.012562033,-0.004398919,-0.055164438,0.2829849,0.01480612,0.0026250894,0.13458066,-0.00025523597,-0.0005205734,0.0011071642,0.0036264616,-0.0067932983,-0.00050744903,0.0009520896,0.008028942,0.00027026638,0.02312554,0.15262026,0.002319017,0.0002600186,-2.0408525e-05,0.00042294775,0.0,2.8636396e-06,8.561346e-05,-0.0006880286,0.00022885617,0.0031133078,0.0022493128,-5.878678e-05,-0.00012469382,-0.00025376398,-0.00015223591,-0.0008678058,0.00047789543,0.0010855299,0.003468664,7.3436304e-06,-0.0005344147,0.002815661,-0.003148567
-0.018839683,-0.21174768,-0.383556,-0.0010640955,-0.05695732,-0.024548443,-0.0060964255,0.01556626,-0.00589918,-0.007508125,0.021463262,-0.021264248,-0.010831135,0.17340963,0.0052855713,0.0124049615,-0.0008812561,0.012166886,-0.13774252,-0.015694724,-0.005849368,-0.0013856381,0.00044130147,-6.5468403e-06,0.000768194,0.0,-0.0010054773,0.0010897721,2.6891014e-06,-0.0015633458,-0.00028692215,9.107532e-06,0.0008010828,0.027181938,-0.0036298977,0.19247656,-0.027317457,0.018773988,0.0013986572,-0.01892417,-0.00010452112,-0.0021918307,0.002939644,0.00697585,0.03773455,-0.00056825235,0.005403214,0.015304653,0.0003780901,0.0404629,-0.12616745,-0.007140872,0.000439043,-4.338818e-06,0.0017048178,0.0,-0.00016907728,-0.00039350725,-0.00042214218,0.0006348083,-2.3159573e-05,0.0014131218,-6.24691e-05,-0.00025646127,-0.00011499114,-0.00018301774,-0.00050703133,0.0004737392,0.002677472,0.0021924896,7.954296e-06,-0.00037966692,0.0043369597,-0.0001477596
-0.44699597,-0.32108834,-0.18870908,-0.00819348,-0.051838208,-0.008706179,0.075250156,0.008793398,-0.0017991911,-0.010844924,-0.0020016127,-0.023605138,-0.0048385947,-0.105110705,-0.008376454,-0.009998396,0.001097757,0.0063673714,-0.17959204,-0.028999202,-0.0018665912,-0.0002536831,-0.0014100925,-9.08631e-05,0.0013631805,0.0,-0.002504113,6.894844e-05,-6.594745e-06,-0.0013943458,-0.00028933727,8.815287e-06,0.0009155381,0.03522305,-0.004987783,0.23584267,-0.021253636,0.017521732,0.0038609793,-0.027545331,-0.0003243955,-0.001157893,0.0028334584,0.0064008012,0.03825538,-0.00024350244,0.0030221154,0.017499972,0.00042278963,0.038118735,-0.14953882,-0.00400713,0.00036866893,-4.338818e-06,0.0011431696,0.0,-0.00048602285,-0.00015631945,-0.00058120134,0.000937682,-3.275269e-05,0.004369762,-9.0528236e-05,-4.4052147e-05,-0.00013330237,-0.0004279105,-0.00023951339,0.00093576126,0.0018383308,0.0025030505,4.3583786e-06,-0.00010524242,0.0051117092,0.0016142677
-0.0060068946,0.0058085658,-0.38196784,0.00586107,-0.0921389,0.024775969,-0.43252715,0.0138309,-0.0070793615,-0.006101697,-0.018939469,-0.03075534,-0.012786587,-0.38339385,-0.017722225,-0.109783806,-0.0010596903,-0.02797127,-0.11368955,-0.013493705,-0.0002576306,-0.0010210717,-0.018335607,0.004649553,0.002868652,0.0,-0.00011388121,0.00015404903,-8.701513e-05,-0.00078313,-0.0018919334,9.706035e-06,0.00056510424,-0.07984793,-0.023544906,-0.12587868,-0.022388976,0.020576801,-0.09397142,-0.021015685,-0.0001210814,-0.0057094027,0.0022010566,0.003342604,-0.055439677,-0.0007420509,0.0030459443,0.009051976,-0.0003072281,0.037765376,0.1314054,0.0017467323,-3.686997e-05,-4.338818e-06,0.0008864912,0.0,-9.186075e-05,-0.00023351616,0.020238861,0.00041696895,-0.00015176229,-0.0072922725,-9.3347626e-05,-4.126085e-05,-0.00013222548,-7.787178e-05,-0.00038734646,-0.0001918613,-0.0010508039,-0.018461261,7.343631e-06,-0.00066972594,0.008929112,0.0001950287
-0.09697377,0.17431977,0.29007226,-0.005184602,-0.022620803,5.351939e-05,0.12855034,0.006081216,0.00033954953,-0.0011060042,-0.0038611384,0.0027352602,-0.016562494,0.18233007,0.012138024,-0.006987255,0.00040030773,0.0065252967,-0.092043154,-0.01607456,0.0060518854,0.001456587,0.00064407336,0.00018096146,0.00094012456,0.0,-4.6317076e-05,0.00048388244,-3.7389252e-06,-0.0006364083,-0.0002328187,1.7200728e-05,0.0007890923,0.023378843,-0.0037802495,0.1381176,-0.02050513,0.015529713,0.0039900145,-0.02673944,-0.00035085564,-0.0013135672,0.0028611561,0.00404682,0.021276077,-0.00056881073,0.0062540043,0.0170076,0.00040258467,0.0506481,-0.14609863,-0.0055093,0.00052637636,-4.4329404e-06,0.00021975594,0.0,-0.00018840954,-8.9071254e-05,-0.0008703456,0.0007130273,0.00014776873,0.0006067264,-9.021833e-05,-4.187326e-05,-0.0002059363,9.785069e-05,-0.00040484185,-0.0038913793,-0.001375569,0.0013774093,-8.156212e-08,-0.00056203717,-0.00045210472,0.00032765424
0.18973783,0.1707081,-0.40293244,-0.0037542128,-0.04173163,0.0020131483,-0.058487117,-0.010508691,-0.0070165186,-0.0020936267,0.00020302803,-0.024720307,0.013884896,-0.1297433,0.004608254,-0.01464253,0.0024435509,0.022410106,-0.06912488,-0.011324624,-0.0023437368,-0.00016719854,0.0008104223,0.00052675547,0.0013852511,0.0,-0.00025060427,0.00034663104,-0.000109070636,-0.0007574504,-0.00022595421,1.2719601e-05,0.00052812183,0.01945082,-0.0028723625,0.2756513,-0.016432216,0.02079145,0.003640135,-0.021160912,-0.000108163076,-0.0025757623,0.0021533996,0.009630946,-0.15061586,-0.0012663115,0.0018886067,0.014741647,-0.01009238,0.05220211,0.19484295,0.0033712029,0.000369365,-1.9623727e-05,0.002003544,0.0,-0.0001874873,-0.00053992297,-0.0004009222,-0.00060653564,-1.41341e-05,0.0014276769,-6.720593e-05,-4.5686058e-05,-0.0002843207,-6.3933476e-05,-0.00072973175,0.0006720568,0.0007510735,0.0022838262,7.954296e-06,-0.0005912305,-0.0067602154,-8.900903e-05
-0.05241535,-0.014208222,-0.3485105,-0.004362493,-0.042874563,0.0073886327,0.14484055,0.007496242,0.0061379657,-0.008215312,-0.046035398,0.0036746392,-0.022646178,-0.105094954,0.0027821038,0.022757765,-0.00051924196,-0.019589048,0.46261796,0.079031035,-0.0005632088,4.502159e-05,0.0050237603,-0.00030520518,0.0015703734,0.0,-0.00021695024,0.001312648,-2.2488342e-05,-0.0006112861,-0.00038798276,6.934799e-06,0.0007976883,-0.13273224,-0.0039867307,-0.09743805,-0.025196485,0.019083789,0.003577423,-0.022603339,-0.00041493002,0.019636946,0.002508272,0.0065292725,-0.04880731,-0.0006717411,0.004546009,0.018147837,0.0003073933,0.038097892,-0.10128378,-0.0027540743,0.00024952454,-4.338818e-06,0.0016375433,0.0,-7.4690404e-05,-0.0004460524,-0.0013579715,0.00080164766,-0.00047844884,0.0026372443,-0.00020311459,-3.622705e-05,-0.00014531244,-2.5905849e-05,-0.00033378508,0.0003424913,-0.0062043625,-0.023330586,4.3583786e-06,-0.00031757427,0.006619147,0.00029563345
-0.5395553,-0.18905419,-0.29132944,-0.0067629497,-0.056566976,-0.028487096,-0.02454605,0.0035079333,-0.0025774064,-0.011423556,0.03100592,-0.031378523,-0.00036779026,0.11009016,0.003910859,-0.015170323,-0.0012588771,0.011503945,-0.181691,-0.024309741,-0.0012642962,-0.00013880641,0.00031901934,-0.0002117765,0.0016147245,0.0,-0.00087284215,0.0012138595,-5.1785937e-06,0.00021993018,-5.3097905e-05,2.5801632e-05,0.0009475806,0.03155735,-0.0022008773,0.2004264,-0.016547939,0.01581946,0.0032297478,-0.03074267,-0.0001373852,-0.0007139041,0.0022680203,0.005177494,0.023869164,-0.0006719347,0.004654017,0.011768398,0.0010610762,-0.20324762,-0.12722285,-0.004387804,0.00022508053,-4.4380067e-06,0.0011070215,0.0,-0.0006916566,-0.00047072626,0.00012805178,0.00014732241,-0.0012299479,0.001985943,-6.0318132e-05,-1.8085007e-05,-0.0001299986,-0.0002574488,-0.00028164143,0.0018319063,0.0032204955,0.00254324,7.954296e-06,-0.00019068323,-0.007753004,-0.00021251538
0.35380358,0.1597344,0.088059835,-0.0047129435,-0.04442605,0.026556134,-0.07202174,0.0008563653,-0.0013420115,-0.0015623833,0.0110145155,-0.0007702553,-0.0016287385,-0.1279948,0.025932522,-0.019440789,7.169598e-05,-0.046230175,-0.09013628,-0.014316798,-0.00210242,-0.00029325162,0.0015855443,5.947703e-05,0.00086561585,0.0,0.00047000963,0.00018632607,-1.4512895e-05,-0.0008954905,-0.00015905223,3.3272977e-06,0.00033203862,-0.10032403,-0.0054833917,-0.15468892,-0.028491767,0.024128763,0.006086217,-0.008018811,-0.00017231173,-0.006082283,0.003803367,0.0064653303,-0.06913513,-0.0006194271,-0.033469055,0.015948102,-9.616889e-05,0.011786624,0.18718404,0.0014260765,0.00042146645,-4.338818e-06,0.0033825247,0.0,-0.0001874873,-2.980409e-05,-0.00010696586,0.00068759226,0.011734082,-0.000885268,-7.851644e-05,-0.0006319535,-0.00023555114,-5.1642197e-05,-0.00044524553,0.00034678789,0.0002840463,0.0046877987,7.954296e-06,-0.0006210345,0.0044713174,0.000104688355
-0.5788804,-0.014833588,-0.18126595,-0.027144153,-0.057632755,-0.031688046,-0.1710402,-0.053192146,-0.01315784,-0.025837202,0.051500395,-0.05212403,0.008298567,-0.16813383,0.0031364723,-0.012702436,0.01657228,-0.015751345,0.38951015,0.046457287,-0.0032799935,-0.0022503359,-0.0003201004,-0.0026530898,-0.0032193656,0.0,-0.002274623,0.0002664714,-1.8806904e-05,-0.0010488781,-0.0017100417,2.4347723e-05,0.00085304567,0.016292447,-0.005345711,-0.14693101,-0.02978079,-1.2484411,0.002369261,-0.021966523,-0.00022962334,-0.0028082514,0.00231667,0.0057021366,0.00961901,-0.0005403373,0.0033338272,0.007342937,0.0012258578,-0.12723023,-0.097150795,-0.0021264579,0.00034458673,-4.338818e-06,4.9754486e-05,0.0,-0.00018772141,-0.00086258736,-0.00032501778,0.0003364053,-0.0011151902,0.0043447544,-0.00011075027,1.0966305e-06,-0.00013860909,-1.5823824e-05,-0.001327817,0.0008609022,-0.0015049304,-0.0037378543,7.954296e-06,-0.00041943628,0.0012873239,0.00023598014
0.25563368,0.14778559,-0.20941524,0.004430182,-0.0055901078,-0.014500084,-0.0141428895,0.011403239,-0.0012961642,0.0041052736,-0.0075079184,-0.01139119,-0.011987832,0.056986492,0.0011144365,0.032691427,-0.00022089969,0.011233156,-0.07282871,-0.011994732,-0.00052509364,-0.00030833026,0.0010708456,0.00021958472,0.0009454766,0.0,-0.00024979765,-0.00015400525,-0.000117357544,-0.0013887641,-9.8846176e-05,3.7843667e-05,0.0005119759,-0.14335278,-0.003224701,-0.17880844,-0.045795325,0.025736196,0.0013396945,-0.017320985,-0.0001638291,-0.0011585283,0.0030710658,0.008871309,0.056568943,-0.00070308597,0.0022979183,0.020303087,0.0002662932,0.036042076,0.18320963,0.0012863089,0.00040933248,-1.9623727e-05,0.0014465431,0.0,-8.4550404e-05,-5.1529507e-05,-0.00096597837,0.00070894347,-0.0013129304,0.0012239781,-7.957799e-05,-4.8214737e-05,-0.0003017857,0.0001444138,-0.0010165807,0.00022050594,0.00023604688,0.0058446107,4.3583786e-06,-0.00055560016,0.0023371468,2.4910012e-05
-0.44092396,0.16271928,-0.2442253,0.006115066,0.5408794,0.008432039,-0.05498467,0.01110158,-0.016903626,-0.0060492237,0.025420971,-0.021946315,0.036652114,-0.14874792,-0.0047838613,-0.015510948,0.006799459,-0.045979694,-0.13437314,-0.02244836,0.0022756825,-0.0019560342,0.003218779,-5.6223733e-05,0.0036057925,0.0,-0.00063276716,2.8496708e-05,2.0998814e-05,-0.0001229047,-4.2722175e-05,-7.2971734e-06,0.0006841153,0.032165673,-0.0038494463,0.32183018,-0.016867582,0.014617212,0.0013468191,-0.022371352,-0.00021887748,-0.0024436542,0.0020468372,0.013843675,-0.1262167,-0.00048872025,-0.044268675,0.01617468,-4.8917893e-05,0.034009755,0.21404178,0.001592883,0.00052667153,-4.338818e-06,0.0014646598,0.0,-0.00060671725,-0.00040275973,0.00018000192,0.0002555441,-0.0019005759,0.0048315744,-0.00022816833,-9.4820425e-05,-0.00020003576,0.00025456923,-0.001297873,0.0012578019,-0.024391953,-0.039582204,8.87079e-06,-0.0003458563,0.010636077,-0.00023292849
-0.13332711,-0.022565397,-0.3157428,-0.0057816263,0.010253065,-0.009823932,-0.12559968,0.010426972,-0.0067692343,-0.014044732,-0.04710445,-0.030293338,0.0004375252,-0.13759093,-0.03693505,-0.0154726375,0.004345458,-0.022648918,-0.10725846,-0.018965602,-0.0026143093,-0.00041965995,0.0013724089,-0.00043031145,0.0023289302,0.0,-0.0008517585,0.0010923289,-2.3526172e-05,-0.00071064354,0.0015559024,6.4103256e-06,0.0006911831,-0.09316574,-0.003603351,-0.12806322,-0.025978284,0.025780965,0.004994052,-0.020055246,-0.00020437466,-0.0070154876,0.0012317406,0.008983,-0.069219165,-0.0002470817,-0.054775685,0.018386783,-0.00011235023,0.030828899,0.16194028,0.0026262822,0.00035205108,-4.338818e-06,0.005664516,0.0,-0.00021419927,-0.00034187135,-0.0006531076,0.0005749464,0.012830608,-0.0033271797,-0.00012435159,-0.0001267703,-0.00013612305,-7.75411e-05,-0.00012274188,-1.20633995e-05,-0.0023504416,0.0037149214,4.3583786e-06,0.07506064,0.003944691,0.0015494358
0.25293374,0.17280221,0.05887372,0.0066808416,-0.042601917,-0.02722604,-0.11507369,-0.004177159,-0.0011182507,0.026586387,-0.022154592,-0.005978951,0.012004071,-0.17840873,-0.0040217796,-0.022597441,-0.003245326,-0.052461047,-0.07840548,-0.011164913,-0.0011228927,-6.399286e-05,0.0018235553,0.0005521506,0.00063356734,0.0,0.00052871375,-0.0006248374,-0.000120913086,0.04967049,-0.0001323997,1.4761223e-05,0.00032777095,-0.08081862,-0.005851773,-0.14524685,-0.026061984,0.023328496,0.009565869,-0.010899158,1.9667557e-05,-0.0043347618,0.0030550028,0.004638953,-0.070980005,-0.0012694681,-0.018356647,0.017841322,-0.000100586425,0.04014755,0.17773825,0.0008896871,0.00032578057,-1.9623727e-05,0.002395202,0.0,-0.00024702278,-0.00035611427,-0.0011033688,0.00041211303,0.0059027523,-8.241691e-05,-0.00013900622,-0.00025503171,-0.0003082789,-9.2087e-05,-0.00053955906,0.00054958835,0.0002742794,0.0044819065,3.5380172e-06,-0.00041287678,-0.0042066323,-2.6660025e-05
-0.5961701,-0.06528099,-0.3154781,0.008664409,-0.054075018,-0.033702638,0.030159837,0.0024242962,-0.011059985,-0.019529928,-0.022001492,0.011713601,-0.0068884077,0.103650585,0.018139178,0.0043764315,0.00079372816,-0.03100802,-0.15174684,-0.018502623,-0.0013863249,-0.00015143989,0.0010539006,-0.0001672884,0.0016154564,0.0,-0.0007031353,0.00019833504,-1.9422087e-05,0.00010353989,-0.00037739068,6.3408033e-06,0.0010257282,0.03823457,-0.0027968865,0.1833272,-0.034349684,0.01728418,0.0020724752,-0.03984883,-0.00030903725,-0.0020711394,0.002355289,0.006907599,0.026365148,-0.00068985234,0.0046666176,0.014034391,0.000383309,0.048281062,-0.12884635,-0.002041086,0.00043251275,-4.4380067e-06,0.00079523626,0.0,-9.4541036e-05,-0.0004804133,-0.00071083434,0.0005099911,3.3150016e-05,0.0027719822,-0.00012996845,-3.657048e-05,-0.00018087683,-0.00014423669,-0.0004795247,0.0014037266,0.0032098535,0.0017342791,4.3583786e-06,-0.00014729828,-0.0066778874,-9.045929e-06
-0.5271849,0.21049486,0.04775705,0.009256932,-0.041261982,0.0032815842,-0.111246064,-0.0030016138,-0.0013678453,-0.031184144,0.05689532,-0.01577597,0.0012335093,0.07489049,0.017142965,-0.016871521,-0.000985664,-0.03316287,-0.13474767,-0.028979814,-0.0011615936,-0.0004017085,0.0010063521,-0.00052192213,0.0016314689,0.0,4.2565985e-05,0.00015218482,-1.3059706e-05,-0.00041841372,-0.00013015611,3.9988114e-05,0.0007686925,0.037297457,-0.0036062312,0.25195372,-0.026507575,0.018102108,0.0038565246,-0.031243388,-7.116416e-05,-0.0027089398,0.0011517388,0.006485237,0.0331858,-0.0006958751,0.0052367924,0.011844949,9.1110924e-05,0.046860907,0.19661257,0.005763179,0.00051320903,-4.4380067e-06,0.0018182067,0.0,-0.0006777182,-7.849435e-05,-0.00037564093,0.00047551293,-3.865498e-05,0.0016570798,-0.00012837994,-3.925898e-05,-0.00034047352,-2.1721526e-05,-0.0002727835,0.00059622887,0.0007281165,0.0025142033,3.5143553e-06,-0.00029421732,-0.002137119,-0.00015832679
-0.071172975,-0.18128255,-0.33929938,0.008625413,-0.056781046,0.0050046667,0.16112943,-0.002267684,-0.0068791574,-0.007024613,0.026543124,0.0064901086,-0.013718446,-0.10396836,-0.013395395,0.006219072,0.00077521865,-0.025766937,-0.14746062,-0.019950056,-0.0036625643,-0.00046359692,0.00083968963,4.4283814e-05,0.0013146136,0.0,-0.00072518096,0.0013829238,-1.1371123e-05,-0.0005769108,-2.5774505e-05,7.306732e-05,0.00082601525,0.023620242,-0.0035211947,0.19587138,-0.019267097,0.014471992,0.0023875828,-0.01828076,-0.0003208736,-0.00017053343,0.0024763003,0.0049559856,0.030130794,-0.0005022334,0.0028045364,0.011900548,0.0014215898,-0.18031475,-0.15942524,0.00078749005,0.00044392823,-4.338818e-06,0.00074322463,0.0,-0.00036073668,-0.000491646,-0.00042223078,0.00080749893,-0.0014812408,0.0018426498,-0.0001321073,-2.0382751e-05,-0.00010048464,-0.00019352249,-0.00043269992,0.00031748327,0.0014524828,0.0032575924,7.954296e-06,-0.00041640073,0.0061765923,0.00021418152
0.20202768,0.14457245,0.2906129,-0.002075997,-0.027173376,-0.00084254204,0.06629166,-0.00912239,-0.0047727805,-0.009458578,0.018399833,-0.011582188,-0.00621726,-0.122462004,0.0012763094,0.0033621634,0.00077338953,-0.045621525,-0.08536573,-0.010055561,0.0020448526,-0.00041692215,0.001683413,0.00058794935,0.00088514964,0.0,-0.00038216612,0.00015178032,-2.2204687e-05,-0.00088565634,-0.00019006585,1.475954e-05,0.0005224244,0.019236352,-0.0048938333,0.23699002,-0.015627882,0.019770294,0.0016171526,-0.017760577,-0.00025956752,-0.0018682686,0.0037063882,0.0056643696,0.04907754,-0.0009615036,0.0032669075,0.021869686,0.0005013697,0.047156714,-0.163534,-0.0052455678,0.0003786749,-1.9623727e-05,0.0012960924,0.0,-0.00028575538,3.108651e-06,-0.0011037764,0.00047874055,-7.829178e-05,0.0023414798,-6.495237e-05,-3.1231735e-05,-0.00031044427,3.6374757e-05,-0.0006227563,0.00041205494,0.0002739373,0.0014120557,7.954296e-06,-0.00049252354,0.012384496,0.00026106235
0.25498122,0.17201334,-0.18548648,-0.0016996976,-0.034578033,-0.001781159,0.07596693,-0.0124795735,-0.005856665,0.0030579157,0.08599916,-0.024804076,-0.010710819,-0.1373432,-0.030585185,0.041701168,-0.00049641775,-0.040818967,0.35995814,0.052044928,0.0025099604,6.118924e-05,0.007109491,0.002336782,0.001718155,0.0,-0.00046151743,0.00012278077,-2.8214265e-05,-0.00062518637,-0.0010482304,8.532046e-06,0.000427951,0.01594122,-0.004591703,0.22078577,-0.021611277,0.0190298,0.0011961564,-0.009122566,-0.00019207297,-9.219303e-05,0.0040794103,0.008524132,0.065150216,-0.0010647939,0.0016146386,0.016121073,0.0011031472,0.046128992,-0.1240068,-0.002595278,0.00034080382,-1.9623727e-05,0.0017968254,0.0,-0.0001663663,-0.00025420918,-0.0005911965,0.00016536983,-0.00019448035,0.0041272016,-8.674935e-05,-3.4109093e-05,-0.00022000697,5.287585e-05,-0.00086639344,0.0005814752,0.00032088696,0.0027388753,3.5380172e-06,-0.0005826666,0.009264405,0.0017372208
-0.5265109,-0.041507643,-0.14750616,0.0074927374,-0.048309945,-0.0348724,-0.0089675,-0.0034238417,-0.002086873,-0.008634454,0.020998454,-0.010293292,0.011365893,0.13123299,-0.002814376,0.0014112192,-0.0025492238,-0.029258858,-0.16503786,-0.023462065,0.00015216913,-0.0001928791,0.0012572081,-0.00048525,0.0026878777,0.0,-0.0008980139,7.384624e-05,-6.9897524e-06,0.0004673447,-7.133903e-05,7.737181e-05,0.0009920357,0.030086707,-0.0040384578,0.2079853,-0.032689538,0.018770035,0.00052680686,-0.029471945,-0.00033388095,-0.0014148725,0.0029118648,0.006419908,0.03341635,-0.0008059339,0.004379743,0.015875237,0.0013379891,-0.1874704,-0.11360979,0.0006040874,0.0001422616,-4.4380067e-06,0.001619667,0.0,-0.00015837199,-7.7799705e-05,-5.306939e-05,0.00031153197,-0.0011708587,0.0019039265,-6.458372e-05,-1.4729212e-06,-0.00016581471,9.697515e-06,-0.00046295027,0.0015083493,0.0016929772,0.0024319193,7.954296e-06,-0.0001994097,-0.0035252925,-0.00022082202
-0.5252586,0.0023778686,0.00023495748,-0.006590468,-0.025829349,0.0023866827,0.30167636,0.027730258,-0.0026564712,-0.023165964,0.071669936,-0.031996027,0.0255554,0.3114365,-0.0014865096,0.03394303,-0.0018847277,-0.0406275,-0.16670965,-0.027508426,0.0004327538,8.1441125e-05,0.0013321427,2.0952639e-05,0.0015296983,0.0,-0.000477728,0.00014929668,1.5893231e-06,0.021866284,-0.00018172537,9.568172e-06,0.0007623674,0.026364757,-0.0039911983,-0.0793382,0.27389136,0.01654014,0.0011061329,-0.026489653,-0.00033230783,-0.0011685762,0.0021556532,0.004013382,0.018586505,-0.00061520917,0.0045150085,0.014882845,0.00037033632,0.05120513,-0.20016949,-0.0023604229,0.00030199537,-4.4329404e-06,0.00077012164,0.0,-0.00014760227,-2.4866295e-05,-0.0012436045,0.00046644654,0.0005767105,0.0038372367,-6.422643e-05,-2.8030878e-05,0.11091817,-3.2989956e-05,-0.0007303111,0.0037815066,-0.00032906464,0.0015873684,7.954296e-06,-0.0002999644,-0.0010406441,-8.177529e-05
0.26184914,-0.025119789,0.29799896,-0.0027673468,-0.026868185,-0.0035161413,0.18488528,-0.013873211,-0.0071417093,0.019385181,0.03003425,0.024179824,-0.01382799,-0.093634605,0.0026435133,0.0026356666,-0.0015495989,0.010787579,-0.115844116,-0.018155554,0.0011957573,6.861872e-05,0.0014082771,-0.00016179976,0.0011188679,0.0,-0.00040685578,0.00050129654,-6.5047248e-06,-0.0004462939,0.0002219586,7.4211304e-05,0.00031512356,0.015936777,-0.0052737715,0.21067706,-0.018533342,0.020423867,0.0022144734,-0.0275136,-0.00047593933,0.00032618607,0.0024592185,0.004993225,0.041221436,-0.0007070877,0.0028341622,0.015728949,0.0019779059,-0.14467093,-0.16960505,0.0011671735,0.00015859328,-4.338818e-06,6.958737e-05,0.0,-7.60341e-05,-5.3549687e-05,-0.0005648428,0.00064357236,-0.00095553295,0.0020965587,-7.055846e-05,-6.7036963e-06,-0.00013064337,-1.4298004e-05,-0.000609211,0.00023460935,0.00032298884,0.0017776852,7.954296e-06,-0.0004601578,0.0060924934,0.00025687084
-0.504537,-0.06546914,-0.2659905,0.011718768,-0.05643275,-0.022146782,-0.35143322,-0.036629982,-0.0013769807,0.010634922,0.025645828,-0.08374148,-0.039055057,-0.1919713,-0.018518455,-0.018217972,-0.018243903,-0.01754943,-0.110919006,-0.020517226,-0.03467239,-0.004990943,0.00057691033,-0.00018095961,-0.0016625213,0.0,-0.0017426936,0.0011948041,-1.2733534e-05,-0.0017563031,-0.0029518185,8.157735e-06,0.0011742833,0.0127017815,-0.0115770465,-0.14378352,-0.0263382,-0.96993184,0.0030065062,-0.017901389,-0.000241845,-0.0040521235,0.0021920206,0.004265556,-0.017016761,-0.0014104372,0.0024810752,-0.18536326,0.00014178288,0.0083424775,-0.10092237,-0.0031470223,0.00040893914,-4.338818e-06,-0.00012955684,0.0,-0.0005812387,-0.0013588128,-0.00040653307,0.00033333362,-0.0043446594,-0.016408771,-9.672755e-05,-2.7725186e-05,-0.00016711662,-0.00053959206,-0.00091942755,0.000121620236,0.000779726,-0.0017222931,8.920879e-06,-0.00035651872,-0.005842175,-2.8841867e-05
0.2152817,0.005325115,-0.28603652,-0.0023888357,-0.049905367,-0.0453371,0.20027313,0.004881385,-0.009123607,0.0013112127,-0.011526018,0.008691841,0.034276776,-0.2790044,0.01398014,-0.06075363,-0.0023642003,0.015204692,-0.08361223,-0.013791691,-0.0013304387,-0.00028671673,-0.0023767643,-0.0075800247,0.002253981,0.0,-0.0019611344,-0.0011564033,-0.000115003044,-0.00083466363,-0.00038734937,8.43463e-06,0.00010782659,-0.12029315,-0.01596257,-0.112684816,-0.03411312,0.01815139,0.01457297,-0.027206004,-0.00030576737,-0.0031142302,0.0027981855,-0.45751327,-0.08726008,-0.00076189,0.0011321033,0.008353961,-0.00060982653,0.027438607,0.18853658,0.0015434957,0.00010117775,-4.338818e-06,0.00040773983,0.0,-0.00018840954,-0.00011076375,0.018688582,0.0010592198,0.0031752794,-0.0288102,-7.9991245e-05,-4.693328e-05,-0.000113505535,-0.003516699,-0.00034287578,0.00016297265,-0.0030633295,0.002763871,-8.849079e-07,-0.0004725095,-0.0028964048,-7.1172108e-06
-0.08416426,0.20041682,-0.34474966,0.0077644167,-0.045148592,0.008514322,0.0010869319,0.002006227,-0.0040771416,0.009769274,-0.012436247,-0.037458237,0.06596956,0.16726445,0.0074748555,0.047116667,0.0005555506,0.0074546495,-0.101739615,-0.0139954705,-0.002622719,-0.00086316856,0.0007227312,0.0004363813,0.00079526904,0.0,-0.00035073629,-0.0035606578,-1.8934063e-05,-0.0008516544,0.0037216067,1.5650308e-05,0.00047167134,0.029827897,-0.0017012489,0.19895238,-0.031542398,0.013882183,-0.0006252141,0.20297262,-0.00026614603,-0.0017904252,0.0020716682,0.008172075,-0.043564823,-0.0008579384,0.004629169,0.012974505,0.00039280072,0.04202333,-0.09618013,-0.004982391,0.0005133774,-1.9623727e-05,0.00086648046,0.0,-0.0002550648,-0.00046232925,-0.0005043253,0.00055239897,0.0011064989,0.0018621355,-0.00013160646,-4.0398e-05,-0.00028069806,-0.00033104344,-0.000718621,0.0012769622,0.0022068506,0.00021864213,7.954296e-06,-0.00041648126,-0.00399866,0.0011087449
-0.7230557,-0.15472238,-0.16754282,0.0077299466,0.014572316,-0.042310182,-0.08438527,0.0003554202,-0.00035368506,-0.03951715,-0.03838088,-0.025387183,-0.008876272,-0.15601179,0.0073621226,-0.03335477,-0.0017293803,-0.03099663,-0.15869574,-0.025433572,-0.0018255186,-4.5726316e-05,-0.0024256106,0.0030626834,0.0019607632,0.0,-0.00055629,-0.00012283838,-4.325853e-05,0.00062449725,-0.00023333283,1.0228787e-05,0.00073102437,-0.15650952,-0.005130028,-0.1581233,-0.026570445,0.020518351,0.0048013832,-0.033240795,-0.0001841182,0.050138406,0.0027024145,0.0063016363,-0.050055347,-0.00090355164,0.004093074,0.014645079,-6.441654e-05,0.03863375,0.17086211,-0.0015075727,0.0003227063,0.005763558,0.001126085,0.0,-0.001334031,-0.00013198495,-0.001869118,0.0005510222,-0.002203456,-0.020253053,-0.00013285,-3.3185835e-05,-0.00011290613,-0.00045350683,-0.00035013788,-3.9802155e-05,0.0023045994,0.0037137026,4.3583786e-06,-0.00011685904,-0.0015313656,-0.000108185646
0.2557934,-0.072499014,0.42210075,-0.001498213,-0.03006581,-0.030659111,0.15396154,0.0076248134,0.0027187956,-0.003302528,-0.016076496,0.008224092,0.011313428,0.10763198,0.0527773,-0.01145116,-0.00211416,0.015726496,-0.0802106,-0.011191829,-0.0011281943,-0.00018311695,-0.003323562,-7.6916425e-05,-0.007383059,0.0,4.3212116e-05,-0.0001166522,-9.127256e-06,-0.0007416435,-0.0001980706,1.3142295e-05,0.00026679575,0.027506221,-0.0045139333,0.13346872,-0.015787348,0.020801457,0.002090296,-0.027980002,-0.0002967286,-0.00087935635,0.0027002527,0.004665033,0.030086832,-0.0008255512,0.0025681579,0.017831402,0.00030136466,0.03742511,0.23159535,0.003255522,0.00023973899,-4.4329404e-06,0.0002790401,0.0,-0.000108692926,-0.00012088251,-0.0007947448,0.00051235576,6.0846352e-05,0.0006848233,-6.486098e-05,-4.6393707e-05,-0.00014486315,0.00017118649,-0.00040962754,0.00016674482,0.00025872618,0.0007221127,-1.8665874e-06,-0.00039995558,0.0001376764,9.797667e-05
-0.05859267,0.20700777,-0.30514902,-0.0073160524,-0.05416527,0.010672701,-0.016984416,0.020398745,-0.006119797,0.024492955,-0.010999698,-0.017730987,0.020026932,-0.240374,-0.00017455715,-0.030840885,-0.0022972396,-0.013968546,-0.10019495,-0.010944667,-0.0016939052,0.002012383,0.002846429,0.00044330797,0.0033670806,0.0,-0.00033322533,0.0009308342,-1.0211734e-05,-0.0010433055,-0.0006619481,1.01757e-05,0.0010133367,0.01781037,-0.011878386,0.2406133,-0.0188494,0.017293805,0.005033778,-0.020229366,-0.00019375823,-0.0042027673,0.0018111629,0.0035155138,-0.09724769,-0.0011622118,0.0045023607,-0.1778987,9.882009e-06,0.027993191,-0.110559,-0.005297901,0.0003995046,-1.9623727e-05,0.001654723,0.0,-0.0005418293,-0.00026487888,-0.00084711215,0.0006905529,0.0009777244,0.0034138951,-7.500451e-05,-0.00018177432,-0.00028689965,-0.00015661232,-0.0004738366,0.00011423316,0.0022846768,0.0015055294,7.954296e-06,-0.0004183166,-0.009049767,7.825197e-05
-0.6176195,0.11928723,-0.20975415,0.023817096,0.41798392,-0.017028172,-0.5163453,0.0051250192,-0.0011788892,-0.0047954367,-0.031342648,-0.026439993,-0.008004682,-0.2754068,-0.015263791,-0.06879707,-0.0026167906,-0.020029861,-0.0856344,-0.012545207,0.0053703478,0.0018129909,-0.034312237,0.002795686,0.0041354033,0.0,-6.542754e-05,0.00054400996,1.2102946e-05,0.00035315732,-0.002011833,9.98421e-06,-0.11507023,0.029224766,-0.010702603,-0.18842322,-0.023791602,0.021281663,0.009230852,-0.025449738,-8.989794e-05,-0.0030742674,0.002149906,0.004471067,0.03766817,-0.0006241617,0.00094223244,0.0076745353,-0.000581263,0.039082956,0.19080085,0.0010626971,-3.2437543e-05,-4.338818e-06,-0.0008030226,0.0,-0.00022385636,-0.000245227,0.013838672,0.00044210878,0.0019025721,-0.017331585,-0.000102590384,-3.6175537e-05,-0.00024112652,-0.0005180648,0.066766076,0.00013083819,-0.022199942,0.0024031792,5.05671e-05,-0.00014033275,0.031740256,0.00057383813
-0.10102356,0.15337913,-0.36622056,0.0053643775,-0.03821037,0.03476238,0.16835852,-0.005138263,-0.0047913496,0.0025290127,0.017418664,-0.033106897,0.0067053735,0.15847802,-0.0011564773,0.024524365,0.0005138213,0.025251228,-0.0943667,-0.014929662,0.0032308884,0.0017888193,0.0005572061,0.00042302278,0.0009468616,0.0,-0.0002220844,0.001526928,-7.140946e-06,-0.0001048363,-0.0019203511,9.986958e-06,0.00077563437,0.024402877,-0.00183428,0.13291919,-0.037839044,0.013600336,0.001952436,0.15189986,-0.00033377932,-0.0015180475,0.0020012206,0.0044733183,-0.029971251,-0.00068331335,0.0032637592,0.016457343,0.00041340134,0.04634528,-0.1450136,-0.0030460323,0.00028099076,-2.0408525e-05,0.0008815134,0.0,-7.2436414e-05,-0.0007507905,0.0001021284,-0.00016037605,0.0010933569,0.0016011833,-0.00012370941,-4.3201268e-05,-0.00025554688,-8.7979046e-05,-0.0009068186,0.0013411359,0.001734175,0.00084880856,7.954296e-06,-0.0004602809,0.01520638,0.0012527282
-0.6371006,-0.66748047,-0.32846022,-0.0075394856,-0.09092126,-0.041968092,0.025472773,-0.012739956,-0.0031270108,-0.04514928,-0.053734437,-0.021726226,0.0029840674,-0.19369338,0.0049402853,-0.039727256,0.0017943154,-0.029461365,-0.17754471,-0.02608524,-0.004719659,-0.00012736219,0.0010388693,0.001174984,0.0019993037,0.0,-0.000855173,0.0009871988,-3.885561e-05,0.0005375967,-0.0006516759,5.634008e-07,0.000622522,-0.17610087,-0.0051096925,-0.12958904,-0.022838939,0.013883502,0.004668333,-0.031702105,-0.00017068067,0.021504309,0.0022009497,0.0036523081,-0.041924983,-0.0005801132,0.0026959784,0.011477623,0.00014804353,0.017393537,-0.1212803,-0.0071251024,0.0001488968,-4.338818e-06,0.00072325737,0.0,-0.00060537725,-0.00062294776,-0.0010135133,0.0005991667,0.002425056,-0.02205748,-0.0002778977,-2.340109e-05,-0.00011039955,-0.0015496499,-0.00025271805,0.00052291475,0.0022975258,0.0037111,-0.00017757795,-1.3450588e-05,0.0029714513,5.199806e-05
-0.5462975,-0.049726974,-0.3222002,0.0064308895,-0.045743875,0.0034222351,0.1558744,0.005086406,-0.012060446,-0.006130323,0.02941049,-0.02589991,-0.006636694,-0.1039925,0.007922295,-0.0027170246,0.0012280857,-0.029910346,-0.15923417,-0.0287173,0.0010057198,1.4878391e-05,0.0012610117,-0.00031514687,0.001352341,0.0,-0.000613309,0.0011336929,-1.0241661e-05,-5.08807e-05,-0.00043654707,7.969826e-06,0.0010254424,0.037632007,-0.0034801052,0.22469369,-0.02807518,0.016196102,0.0025464941,-0.03437314,-0.0002975577,-0.0012925724,0.0022975383,0.0053055044,0.030645987,-0.00080446346,0.004698519,0.0148442,0.00070346775,0.044978533,-0.15006144,-0.0020585216,0.00029469444,-4.338818e-06,0.0011293093,0.0,-0.00058056193,-0.00057226303,-0.00042264955,0.00038502985,-0.00025626275,0.003763693,-0.00012104871,-3.9769882e-05,-0.00018313515,-0.00051340385,-0.0002991604,0.0015060034,0.0019468364,0.0016917431,7.954296e-06,-0.00035841536,-0.009802542,-0.00019881893
0.23113516,0.16673405,0.4736143,0.0016817778,-0.031700343,-0.06565843,-0.3358199,0.06145588,-0.0007673095,-0.018149262,-0.044328235,-0.01087212,0.006154763,-0.23262945,-0.026601665,-0.0013211356,0.00034321274,-0.025902769,0.35711363,0.05217415,-0.0010065744,-0.00023364222,0.0048603653,-0.0004857978,0.001232014,0.0,-0.0005737339,0.00022081044,-9.798493e-05,-0.00022727606,-0.0013234093,1.1796436e-05,5.9264716e-05,0.019126756,0.024842778,-0.10961643,-0.020680886,0.03172757,0.004409613,-0.020433947,-5.269806e-05,-0.0022607371,0.0033869771,0.004234,0.02016442,-0.0008416572,0.004859727,0.011839284,0.00020190283,0.054556247,-0.120177805,-0.0072560767,0.0002871119,-4.338818e-06,0.0012457387,0.0,-0.00018951073,-0.00015665242,-0.0009858779,0.0008097814,-9.982907e-05,0.004173845,-0.00025497747,-3.5097975e-05,-0.00018086849,1.1270412e-05,-0.00012372121,0.00044531657,0.00028632482,-0.0015231259,2.927352e-06,-0.00058157154,0.002422013,0.001835497
-0.60728824,-0.07276641,0.25667346,-0.0044870037,-0.034596965,-0.030563805,0.11906928,-0.0026275488,-0.002048374,-0.001108361,-0.035260953,-0.032060616,0.0078031984,0.054048833,0.006013373,-0.00089420646,-0.0023077717,0.0095990645,-0.16393627,-0.027441671,-0.0016912024,-0.00032957684,0.0007773906,-0.0002569739,0.0013009898,0.0,-0.0006476573,0.00033428206,-7.668767e-06,0.0008647843,-0.00027081353,1.532024e-05,0.0007556617,0.029210992,-0.0043541878,0.16108657,-0.028653044,0.016080594,0.0027975698,-0.046765894,-0.00028694235,-0.0009847006,0.0032257475,0.005193718,0.026584,-0.0011108393,0.0050991313,0.01524479,0.00035037138,0.05140698,-0.1698452,-0.0039639864,0.00029816452,-4.338818e-06,0.0013714605,0.0,-0.00057075726,-3.6199017e-05,-0.0007888114,0.0004922645,8.601954e-05,0.0021321594,-7.092669e-05,-4.130437e-05,-0.0001735615,-4.8693364e-05,-0.0005305989,0.0013183756,0.00046800825,0.0005749979,4.3583786e-06,-0.00026117786,0.0029846427,8.455911e-05
-0.023382183,0.12642522,0.057313953,-0.0019647353,-0.039885506,0.0069960207,0.0026211487,-0.014981116,-0.00362273,-0.012004904,0.03684524,-0.023076264,-0.011259398,0.09854993,-0.013919143,0.0067882654,0.0005493987,-0.026601978,0.4044076,0.035695672,0.00091831706,0.0020006527,0.003947697,0.0028028558,0.00063708914,0.0,-0.0004594189,8.4553394e-05,-2.189231e-07,-0.0011837238,-0.00017523248,1.4081927e-05,0.0009824726,0.022109717,-0.004025642,0.20819782,-0.033528995,0.01765463,0.0017259634,-0.019382946,-0.00028979158,-0.00073596596,0.0038385794,0.006445113,0.030415269,-0.0006284039,0.0062446347,0.022668716,0.0004043606,0.04119843,-0.108984865,-0.004763082,0.0002868324,-1.9623727e-05,0.0013151732,0.0,-0.0001862513,0.00011307697,0.00025737367,0.0003796928,0.0002203722,0.0035457727,-7.967771e-05,-3.3655408e-05,-0.0002780318,4.313982e-05,-0.00075414206,0.0008269518,0.000493088,0.00037448446,7.954296e-06,-0.00052599487,-0.0038124563,-0.0029701276
-0.500193,-0.17715739,0.083771996,0.0021897536,-0.0412809,-0.036756963,0.16843452,0.003553997,-0.00563517,0.0009889377,0.06883152,-0.008369078,0.00880184,0.10124474,-0.059783258,-0.02097873,-0.0010426075,0.00049185596,0.40536737,0.058968157,0.00022003593,3.2200875e-05,0.0029329872,-0.00025132467,0.0013432514,0.0,-0.0009230994,0.00034236535,-1.246701e-05,-0.0005435275,0.00020083747,2.6076485e-05,0.00068482046,0.031128043,-0.0031371948,0.15503785,-0.02229285,0.015127025,0.002568762,-0.03373324,-0.00031161172,-0.0014420329,0.0025911955,0.0032147719,0.012826623,-0.00072619226,0.0045028743,0.0125515945,0.0010727638,-0.19882983,-0.14855917,0.00094471057,0.0002747785,-4.4380067e-06,0.0002926177,0.0,-0.0003908092,8.724975e-05,-0.00071668095,0.00068262545,-0.00091035216,0.002561851,-9.6782125e-05,5.317942e-06,-0.00012745749,-5.308676e-05,0.039996006,0.0014664002,-0.017677778,0.0020003826,7.954296e-06,-0.00020240777,-0.0032681362,-0.0018178283
-0.47473642,0.18381384,-0.34103546,-0.0020492738,-0.05170158,-0.007923181,-0.40021405,0.020004213,-0.0024563067,0.009658522,0.04436006,-0.035190832,0.031644244,-0.28007218,0.04421227,-0.015175723,-0.0002271438,-0.024370769,0.32483244,0.0507867,-0.0011535515,7.269929e-05,0.006795872,0.000321314,0.0026106418,0.0,-0.000782763,0.0005162441,-1.5586369e-05,-0.0006517438,-0.0021195915,1.5622314e-05,0.0013424854,0.021764135,0.026520839,-0.16524282,-0.026517276,0.019315531,0.012554442,-0.017073529,-0.00011543629,-0.0028577242,0.0016421578,0.006253992,0.03205195,-0.0009041598,0.0052280137,0.011182158,6.5735425e-05,0.044055954,0.16647145,0.0011569243,0.00025537203,-4.338818e-06,0.0009494007,0.0,-0.00018772141,-0.00032432188,0.0003598415,0.0006784241,-0.00023172749,0.0052471347,-9.500818e-05,-3.8269074e-05,-0.0003187222,-4.628632e-05,-0.00025884237,0.00015459806,0.0021152084,0.0019801336,8.920879e-06,-0.00032188997,-0.0052774693,-0.001850067
-0.70505196,0.0072796135,-0.28137112,0.007343578,-0.054904256,-0.034074906,-0.047441505,-0.0012118029,-0.008010961,-0.030765356,0.035794042,0.00015225518,0.0153888725,-0.17951834,0.022846678,-0.01921019,-0.0013081955,-0.032554246,-0.15563816,-0.022721436,-0.00254117,-0.0013287828,-0.006370291,0.003910508,0.002397663,0.0,0.0004518744,0.0012802935,-0.00025395467,6.660216e-05,2.5241588e-05,2.4470604e-05,0.00066394545,-0.1547769,-0.0052616713,-0.14774463,-0.024850218,0.016834047,0.006018456,-0.029239504,-6.224791e-05,-0.009900031,0.002407951,0.0045769117,-0.049132843,-0.0012248309,-0.06763407,0.009168641,0.0008294351,-0.14760822,-0.0986412,3.6574995e-05,0.00031448327,-4.338818e-06,-0.015586007,0.0,-0.00058116944,-0.00028790496,-0.00072973873,0.0005324476,-0.0024149339,-0.011842912,-0.00013214516,-4.430762e-05,-0.00014073668,-0.00016906738,-0.00031642034,0.000549108,-0.0012148101,0.002469486,7.954296e-06,-0.00028286438,0.00463177,2.2043787e-05
0.18220325,-0.02439112,-0.36037147,-0.0028182361,-0.04608762,-0.0043462724,-0.050462786,-0.014976012,-0.0037559369,0.02853358,0.014206701,0.007796229,-0.0033946438,0.020706827,0.019524194,-0.02285257,-0.0011530024,-0.018314559,-0.12016156,-0.015706537,-0.0016129869,-0.00015935578,0.0016036154,-0.00012485076,0.0012351534,0.0,-0.00017889518,0.0010421844,-4.3029813e-06,-0.00045024283,1.2166401e-05,-2.9155763e-07,0.00035866685,-0.095649965,-0.0047976123,-0.122316785,-0.026481006,0.022869589,0.004181803,-0.018441092,-0.0003217505,0.015485801,0.0023404113,0.0038307519,-0.06074221,-0.0010818354,0.0014761223,0.015382515,0.00094241457,-0.14378545,-0.10666124,0.0097598,0.00012562147,-4.338818e-06,-0.0091173,0.0,-0.0001874873,-0.00064873416,-0.00093091314,0.00046625984,-0.0030993486,-0.0039455215,-5.556143e-05,-2.3613662e-05,-0.00013207822,8.638937e-05,-0.0003816919,0.00016364575,-0.015712759,0.0021978398,7.954296e-06,-0.00034930333,-0.0059046755,-0.00027652213
-0.44255507,-0.19922751,-0.43106315,0.0023021789,-0.052129794,-0.024317048,-0.38198698,-0.008752337,0.0030876293,-0.028713202,-0.020613167,-0.02701606,-0.015949888,-0.25955635,-0.012192482,-0.025611674,-0.00220177,0.0022877508,0.2710535,0.04467324,-0.0026982904,-0.00028004838,0.00010766514,-0.0017304828,0.00064843736,0.0,0.00029569273,0.00063858076,-2.0941252e-05,0.0006160462,-0.004196229,4.2521942e-06,0.0011407527,0.017910065,0.008741883,-0.1449625,-0.024312519,0.01786323,0.0059411665,0.15581939,4.1879066e-05,-0.0033819717,0.0014216704,0.004452171,-0.022228021,-0.0010765878,0.003915492,0.012448581,0.00030828375,0.032566942,-0.09203643,-0.0036672917,0.0004175091,-4.338818e-06,0.0014597485,0.0,-0.00016333659,-0.00051952765,-0.0002875477,0.0002846881,-8.445092e-05,0.0017831706,-0.000344331,-0.00012468698,-0.00013055309,-0.0003316566,-0.0002395403,0.0010084982,0.0029115544,0.0015062061,7.343631e-06,-0.00023961678,-0.0039139744,0.00013333028
-0.059072375,-0.035424765,-0.3723304,0.007794476,-0.056408744,-0.02647103,0.13742118,0.00012419446,-0.0060319784,-0.0048888344,-0.011726826,-0.010768494,-0.0138421655,0.06552577,-0.004380974,0.00057441724,0.0013565898,-0.026120568,-0.11667831,-0.013585698,0.003404524,0.002872696,0.0010960738,-9.768007e-05,0.001514979,0.0,-0.0002738369,0.00039173418,-1.4470723e-05,-0.00038603554,-0.00033004812,8.750054e-06,0.0009812232,0.029118543,-0.0033133237,0.17340758,-0.029401291,0.01805787,0.0026006978,-0.023431396,-0.0004259553,-0.0010291928,0.0023978353,0.006526321,0.03583409,-0.00057149545,0.003989983,0.020627411,0.0007426797,0.043175496,-0.13400918,-0.00374492,0.0003870555,-4.338818e-06,0.00093052944,0.0,-0.00011113825,-0.00049783225,-0.00067126605,0.0008766666,2.5600384e-05,0.0016392992,-9.1646005e-05,-4.4499073e-05,-0.00014567886,2.283468e-05,-0.00037386088,0.00033756607,0.0016147703,0.0019978986,4.3583786e-06,-0.0006537223,0.008533553,6.9913294e-05
-0.34812123,-0.3510574,-0.3212726,-0.0023952788,-0.07852424,0.0028101893,0.41239005,0.018734425,-0.0024622136,-0.034425396,0.0758762,-0.025663212,-0.001080903,0.31246436,-0.016049178,0.07250902,0.0013268735,-0.002718555,0.39602652,0.050871283,0.00054475764,0.0003125306,0.0002421382,0.0006663588,0.0012701809,0.0,-0.0005138973,0.0020450023,-1.1037542e-05,-0.00017031352,-0.00037731798,5.060114e-06,0.0007077457,0.024092441,-0.0046345075,-0.06604594,0.26281768,0.013817224,0.00093221886,-0.024981674,-0.00025551373,-0.0018871129,0.0021383073,0.0035112186,0.014554554,-0.00035138195,0.0046298928,0.014736918,0.0006750959,0.0392653,-0.17955932,-0.0046697715,0.00030936892,-4.4329404e-06,0.00016505618,0.0,-0.00011278674,-0.00021823791,-0.00091651233,0.00049439364,0.00087524846,0.0044705407,-8.957192e-05,-2.3630495e-05,-0.00012877307,-0.00020914838,-0.00021172527,0.0020479395,0.001456303,0.0020275647,-2.5544621e-05,-0.00010635954,0.006423055,2.359163e-05
-0.6332168,-0.815005,-0.29567385,0.0075506824,-0.09742748,-0.042110376,-0.086250775,0.011281696,0.0018799404,0.026032811,0.034402072,-0.027070986,-0.003070743,-0.20637953,-0.0011914098,-0.021469846,0.00081097335,0.011937182,-0.1720017,-0.026783166,-0.00812059,-0.0001586948,-0.004176102,0.004883255,0.0015489268,0.0,0.0010524043,0.0007963217,-1.8382283e-05,3.4530833e-05,-0.0017480607,-8.244816e-05,0.0005799021,-0.12543808,-0.006506538,-0.1414721,-0.023657357,0.01670866,0.0057525006,-0.028545326,-0.00013432783,0.065872274,0.002401953,0.0034619756,-0.041675854,-0.00081065495,0.0010860295,0.007869528,0.00014862862,0.023932625,-0.10783841,-0.015597215,0.0003394374,-4.338818e-06,-0.021381523,0.0,-0.00060537725,-0.00020566156,-0.005266778,0.0005056335,-0.0004813092,-0.016539343,-0.00019215388,-3.0794246e-05,-0.00011077123,-0.0029390086,-0.0003028872,0.00060581026,0.004291983,0.0012510524,-2.5544621e-05,-0.00012839124,0.0072758365,9.885686e-05
-0.41205534,0.03180789,-0.33735204,0.0026078948,-0.069214955,-0.025892297,-0.2898881,0.013493483,-0.009656056,-0.007938345,-0.0110567715,0.0016989441,-0.009633791,-0.3094367,-0.001553941,-0.17066127,-0.0017777603,-0.0016819382,0.37904826,0.05114678,-0.0010550213,-0.00033309055,-0.014810666,0.015313721,0.001834118,0.0,-0.0012916808,0.0011775685,-1.4598352e-05,-0.00035865846,-0.002405931,7.5037846e-05,0.0012250107,0.011792001,0.005017777,-0.14092895,-0.026398703,0.017665043,0.0060096006,-0.020681035,-5.1411913e-05,-0.0026860097,0.0024483365,0.0031896124,0.017846774,-0.0006770375,0.002669034,0.006486743,0.00069210096,-0.17802274,-0.09755081,0.0023752588,5.398423e-05,-4.338818e-06,-0.00035334518,0.0,-0.00017805284,-0.00025065502,-0.00079698116,0.00058801536,-0.0010105233,0.0038628809,-0.00017757887,-1.8316892e-05,-0.00015613205,-8.9030946e-05,-0.00022657991,0.00039640383,-0.00034826613,0.0005118292,8.920879e-06,-0.00013385223,0.00995651,0.00032288153
0.30687162,0.16609816,0.38616475,-0.0030588002,-0.042556006,-0.016306264,0.14872888,-0.009800662,-0.005919707,-0.0058154506,0.01638589,0.014469029,-0.017591793,0.13761236,0.0046648197,0.026181137,-0.00075980846,0.017802874,-0.07442503,-0.010603179,-0.00052778743,-0.00022685935,-0.0054950304,-0.000569402,0.0017204288,0.0,-0.00035719806,1.2025364e-05,-2.203013e-06,-0.0008754094,-0.0009474716,1.4134219e-05,0.00031932438,0.027759911,-0.0044665467,0.13908175,-0.02482586,0.018954968,0.00030128847,-0.014244779,-0.00010201932,-0.00068124797,0.0027424134,0.005930103,0.02835762,-0.00059085165,0.003549311,0.01457148,0.0003063043,0.037020966,0.23634356,0.0030823832,0.00048657993,-4.4329404e-06,0.00056382554,0.0,-0.00018555869,-5.0425053e-05,-0.00014807738,0.00025907275,4.0361876e-05,0.001089993,-7.319333e-05,-4.574387e-05,-0.00020527648,0.0001782363,-0.0006026173,0.00022780194,0.00020585278,0.00079149136,7.954296e-06,-0.0005698024,0.0076819514,0.00023146193
-0.095134005,-0.015083033,-0.34311554,-0.0072897826,-0.055412,0.009420379,-0.012095201,0.018564655,-0.00844447,-0.01639989,-0.0040192925,-0.013667921,0.003386289,-0.12481515,-0.0005127498,0.0011941829,0.0011477699,0.0077471677,-0.13203083,-0.013915933,-0.005701952,-0.0022910822,0.0011307634,-9.6317e-05,0.0011882945,0.0,-0.00038891644,0.00028718243,-7.151472e-06,-0.0013867863,-0.0004483336,7.2922767e-06,0.0009133711,0.017957272,-0.0070151873,0.26048058,-0.022548893,0.020439334,0.0017740563,-0.019287828,-0.00023363052,-0.0023082022,0.0024534324,0.008323807,0.052780524,-0.00042735535,0.0051207445,0.015663812,0.00071923126,0.026158046,-0.12513942,-0.0029424347,0.00049729465,-4.338818e-06,0.0013459378,0.0,-0.00020676477,-0.00031928087,-0.0005959486,0.0007643326,-0.00012943034,0.002637496,-6.987754e-05,-4.844735e-05,-0.00014475084,-9.473448e-06,-0.00047677488,0.0006090227,0.0018373464,0.0022066708,7.954296e-06,-0.0006340298,0.009724682,0.0016054092
-0.56276774,0.19668594,0.044018026,0.006349885,-0.033050008,0.0010385001,0.18476324,-0.0012053014,-0.009433898,-0.0029019362,-0.016700372,-0.06382222,0.013992354,-0.08386491,0.015813705,-0.012535698,0.00094920135,-0.016969264,-0.18101881,-0.027360942,0.00069630635,-0.0005873161,0.0013478161,-0.00013031217,0.0009622189,0.0,-0.00071089406,-0.0005876219,-2.188513e-05,0.00073558674,-0.000999531,4.0642853e-06,0.00089442317,0.030010322,-0.004129443,0.22705671,-0.02551349,0.016461814,0.0028148082,-0.04666122,-0.00037053038,-0.0014697178,0.0011312031,0.0051046996,0.01711351,-0.0005979624,0.00488728,0.015077125,0.00040477925,0.052357435,-0.16337585,-0.0019002659,0.0005114424,-4.338818e-06,0.0014423958,0.0,-0.00058056193,-0.000131972,-0.00076392625,0.00038265143,4.0010764e-07,0.0022427258,-8.6995926e-05,-4.0949468e-05,-0.00024181261,-0.00015115812,-0.0003117076,0.0013898531,0.0007954171,0.001975886,7.954296e-06,-0.00034294598,-0.0056940187,2.3613575e-06
-0.45278725,0.040097717,-0.15900712,-0.007416065,-0.044644926,0.012560857,0.035043877,-0.0024571547,-0.005223684,0.08430526,0.001299138,0.009670768,0.0029846933,-0.14056599,0.022560406,-0.0009703651,0.0019652422,-0.014440885,-0.12845415,-0.010768058,0.0018517103,0.002992795,0.0015297472,-0.00040397912,0.0027480642,0.0,-0.0012196477,0.00022591154,-1.35639375e-05,-0.00033257523,-0.00046521737,7.2922767e-06,0.0010125868,0.028212653,-0.005296251,0.3086155,-0.025880687,0.020358888,0.0026873017,-0.019743545,-0.00031129396,-0.0032470436,0.0025742503,0.007880588,0.046559077,-0.00036476113,0.005667154,0.016431173,0.0007234998,0.044208985,-0.11782903,-0.0020333682,0.00048001824,-4.338818e-06,0.0021485183,0.0,-0.00054122176,-0.00014621185,-0.0005008173,0.0004673626,-0.0002832293,0.003481987,-5.6046716e-05,-0.00015853933,-0.00021181938,-1.2914027e-05,-0.00038492915,0.0011471505,0.0015354939,0.0023439282,7.954296e-06,-0.0003097027,0.011914357,2.6523252e-05
-0.5862907,-0.016827192,0.04721677,-0.0035873102,-0.04295988,-0.034766767,-0.33129933,-0.003079136,0.0013115931,-0.0038557982,-0.03483845,-0.061215352,-0.009643331,-0.40847042,-0.004796797,-0.011673038,0.0010449493,-0.017177384,-0.16132176,-0.025306754,0.00031082917,-0.00015169615,0.0021474254,-0.00040030928,0.0027447876,0.0,-0.0008446976,4.262202e-05,-0.0004504049,0.00083184865,-0.00024142837,7.4755386e-05,0.00088035624,0.021991726,0.016038423,-0.16236193,-0.02340418,0.018006964,0.0047015413,-0.028526232,-0.00023519956,-0.0013259705,0.002506491,0.003494205,0.0194835,-0.0007626502,0.0023847197,0.007695365,0.0010775421,-0.1925261,-0.106434934,0.00086895714,0.000108081826,-4.338818e-06,0.0008448537,0.0,-0.00017670436,-0.00020918708,-8.2179125e-05,0.00045063774,-0.0009664629,0.005853144,-7.534977e-05,3.4418244e-06,-0.000108489774,-0.00014096333,-0.00027271337,0.0006548352,0.00064311305,0.0027300692,7.343631e-06,-0.0002040251,0.0014616936,4.792152e-05
0.64608854,-0.47898945,-0.33584622,0.0071421457,0.11225584,-0.02905967,-0.23870935,-0.0013227015,0.015838461,-0.016876522,-0.005954098,0.160537,-0.0073705125,-0.30580765,-0.037318565,-0.03308239,-0.0025292477,-0.105497375,-0.07512606,-0.01139014,-0.0018684883,0.0007266193,-0.0014494752,-0.0016756889,0.0011985643,0.0,0.00065944146,-0.018092839,-2.227779e-05,-0.00050353457,-0.00039626856,-0.0003306245,0.00032226177,-0.084673814,-0.023154614,-0.10397457,-0.0297065,0.01815444,-0.07502454,-0.02280563,-6.604261e-05,-0.00869809,0.0024732733,0.0027287696,-0.047823086,-0.0009721076,3.5732395e-05,0.008611816,-3.6368256e-05,0.022351941,0.1559079,-0.0015489742,-0.00020138863,-4.338818e-06,0.0018319509,0.0,0.017499056,-0.0005826547,0.00076037744,0.00025135395,1.7498813e-05,-0.009110237,-0.00021795402,-2.8110153e-05,-9.123651e-05,-0.000592371,-0.00010084464,-7.724903e-05,-0.0025142487,-0.02480973,-3.80362e-05,-0.0005454891,0.0074965726,0.0058760988
-0.12399144,-0.20029028,0.4181084,0.007335549,-0.034370996,-0.022071974,0.14532128,-0.015340405,-0.0052709873,0.0006382107,-0.037968345,-0.003646368,-0.009816966,0.09953065,-0.025576336,-0.049988493,-0.012312897,-0.027087182,-0.10607362,-0.015156819,-0.003268145,-3.5520654e-05,0.0017609941,-0.0002126151,0.0006413302,0.0,-0.0014986948,1.0702033e-06,-1.31470515e-05,-0.0008618709,-0.00016760745,1.532024e-05,0.0007212398,0.022351958,-0.005937164,0.118385896,-0.024938574,0.017053925,0.0034647377,-0.023267478,-0.00018719542,-0.0017342115,0.0026806572,0.004496157,0.024392772,-0.00059575465,0.0044732895,0.010327644,0.00030924397,0.045995202,-0.13346279,-0.004553008,0.0003263741,-4.4380067e-06,0.0004330917,0.0,-0.00076366734,-6.287078e-05,-0.0017731091,0.00031340678,-5.4161752e-05,0.0007445951,-0.00014659108,-3.252291e-05,-0.00011204419,7.583416e-05,-0.00039130784,0.00033929865,0.0010489654,0.0020984875,-5.790025e-08,-0.0002932335,0.0031448272,4.6009016e-05
-0.19289927,-0.028332034,0.33490998,-0.0033195105,0.21684203,-0.002433777,0.11850506,-0.050599843,0.0004986476,-0.008438665,-0.0012407765,0.030818257,0.030323815,0.07002059,0.027378341,0.009291632,0.0067482195,-0.003842293,0.36996493,0.06710867,-0.0008592328,-0.0014066823,0.0046680835,-0.0011824582,0.0005394366,0.0,-0.0002567832,0.00047707144,0.00018956182,-0.00016959324,-0.00012390848,2.7970997e-05,0.0007365451,0.028872773,-0.004935458,0.15137523,-0.023392899,0.016635688,0.001973299,-0.02854607,-0.00043260714,-0.0016523002,0.0033387414,0.006909443,0.027753167,-0.0006854813,0.0027914164,0.020468393,0.0003212436,0.03228015,0.23496608,0.0030858333,0.00010741747,-4.338818e-06,0.0013217307,0.0,-0.0001923086,-4.4770066e-05,-0.0011755719,0.00065145106,-0.0003969914,0.0021058419,-0.0001974194,-5.2400403e-05,-0.00013114666,8.952133e-05,-0.00040087377,0.000851038,0.0033085074,0.0027136973,0.00017307441,-0.00030116423,0.0066986433,0.00051724474
0.24647291,-0.0147681115,-0.35775492,-0.017833536,0.31077403,-0.016600506,0.03340273,0.0022855592,0.0021035518,-0.005228906,-0.00015200401,0.0144807985,0.031876616,-0.17539819,-0.014233562,0.021939581,-0.008502667,-0.04889147,-0.084149346,-0.015774034,0.0013391624,-0.00037576936,-0.0048574554,0.00081852044,0.0007537067,0.0,-0.00018328289,0.00039064142,4.0560994e-05,-0.0007775223,-0.00010906367,-7.153276e-07,0.00017471824,-0.10162242,-0.0037559972,-0.11393746,-0.02534489,0.019343136,0.011328252,-0.016646221,-0.00011066207,0.057313193,0.0026529073,0.0076945657,-0.09541345,-0.0010475195,0.00027769836,0.014210536,3.1587057e-05,0.03541724,0.19504866,0.0032327734,0.00033682032,-4.338818e-06,0.0012107518,0.0,-0.00029949422,-0.00014374268,-0.0012548653,0.0009851193,-0.00080256554,0.0025338926,-7.7263525e-05,-4.501798e-05,-0.00012768459,3.2541607e-07,-0.0008612308,0.00016034677,0.0029300854,0.010228513,5.09148e-05,-0.0004096539,-0.014922397,-0.00028346802
0.21179226,-0.22822088,-0.33447632,-0.00856416,0.38640752,-0.010821678,-0.38449898,-0.0002672277,-0.004360907,-0.013765486,0.011169897,0.041996896,-0.01667548,-0.2657877,-0.06731133,-0.07621637,-0.0067326296,-0.036870446,-0.090181574,-0.011555482,-0.0014448803,-0.00014183599,0.0044064596,-0.00028045714,0.003635522,0.0,-0.00029860472,0.0017449516,4.327178e-05,-0.0010571885,-0.0004375138,-8.813503e-05,0.0003972982,-0.07064549,-0.019069241,-0.11933808,-0.024400586,0.022936722,-0.09956204,-0.012700703,-7.8992234e-05,-0.007739813,0.0024524797,0.0045391195,-0.071271814,-0.000580712,-0.0018653203,0.010471334,-0.0002258221,0.019873232,0.15417084,0.0043798317,-6.762621e-05,-4.338818e-06,0.001115321,0.0,-0.0003333618,0.00028473558,-0.0012094998,0.0001685021,0.02511997,-0.0063479193,-0.0001389222,-4.6148278e-05,-9.628997e-05,-0.00037622094,-0.00025071052,-0.0009570425,0.0009606244,0.0061334986,0.00017362477,-0.00052246754,0.022954812,0.004513163
0.42613465,0.09660704,0.328507,-0.000104869134,-0.043885034,0.029095368,0.37594634,-0.01389197,-0.002426149,-0.01675551,-0.0010715694,0.023250436,-0.013073874,0.42034513,-0.0104693,0.013606849,0.00070746965,-0.04732634,-0.07167641,-0.01133241,0.0037673612,4.2629654e-07,0.0012730325,0.00070703955,0.001094568,0.0,-0.00020732301,-0.0015094645,0.0001235626,-0.00088719453,-2.0109594e-05,6.475957e-05,0.00030072156,0.01538531,-0.006373153,-0.053721376,0.20148277,0.013100885,0.00049247936,-0.010218064,-0.00025544036,-0.00010417642,0.0015036607,0.0031909316,0.016678534,-0.0005939211,0.00245816,0.0044355495,0.00032849357,0.020353008,0.21622884,0.0016813991,0.0004239665,-2.0408525e-05,0.000652715,0.0,-7.465259e-05,-0.00036749284,-0.0009927476,4.3529537e-05,0.0004981254,-0.00021096031,-7.816327e-05,-5.0261224e-05,-0.00028316161,0.00012360049,-0.00076825346,0.00023687104,-0.00076205144,0.0014580956,7.954296e-06,-0.00033813698,-0.0007881242,-0.00010811386
0.47574994,0.10782879,0.31494534,0.003249294,-0.047945827,0.03545812,0.37378338,-0.004273392,0.0018300853,-0.009520531,0.006385027,-0.005885388,-0.07388951,0.39447334,0.0024913726,0.01202046,0.0015082528,-0.07248775,-0.06271933,-0.01047149,0.0032907461,-0.00015438172,0.0011557397,0.00038610003,0.0011989634,0.0,-0.00016213038,0.010686164,-1.7054319e-06,-0.007970044,1.8529781e-05,6.475957e-05,0.00033984368,0.015417257,-0.006809995,-0.053342283,0.1918782,0.012198982,0.0024463087,-0.003830953,-0.00018742468,-0.00013769035,0.0017670679,0.002551482,0.014161101,-0.00058336015,0.0010402036,0.006922209,0.00026014147,0.010633102,0.22326533,0.002442809,0.00034521904,-2.0408525e-05,0.00019003243,0.0,-7.465259e-05,-0.0003941969,-0.0013495468,7.563132e-05,0.00086005277,-0.0006709889,-0.00013185851,-4.679305e-05,-0.00028486672,1.3420746e-05,-0.0007988058,0.00049785536,-0.0006137654,0.0021218408,8.920879e-06,-0.00048923056,-0.0019636583,-0.00014433768
-0.049353514,-0.010352619,-0.33594638,0.006734034,0.017432712,-0.0283456,-0.13779762,0.0022288824,-0.00707252,0.0052389223,-0.017461382,0.000849758,-0.0039582504,-0.17664109,-0.0057199607,0.0048100557,-0.001843076,-0.022544393,-0.11298067,-0.019520894,-0.0036272367,-0.0011392157,-0.009087387,0.0013013708,0.0019069917,0.0,0.0006553197,-0.005170419,-2.9384322e-05,-0.00056696887,0.0037082033,8.950845e-06,0.0004398758,-0.083544716,-0.0059390464,-0.12034134,-0.028511878,0.023780748,0.010548773,-0.017022626,-0.0003129615,-0.008100309,0.0023801655,0.008276684,-0.06708524,-0.00061632687,-0.050933857,0.01656624,-0.00012498704,0.023015084,0.16724285,0.0042298883,0.00036116818,-4.338818e-06,0.0005221822,0.0,-0.00010953994,-0.00027346972,-0.00069423404,0.000830782,0.0122711165,-0.0031294753,-7.130733e-05,-0.00010760673,-0.00013510809,-7.26971e-05,-0.0001370728,-0.00015629207,0.000650979,0.0037397244,4.3583786e-06,-0.00033313088,0.0055372324,0.000116896656
-0.6128114,0.29600543,-0.14582227,0.0027545365,-0.041246086,-0.012493141,-0.3173836,-0.0112767285,-0.0043754987,0.009801586,-0.03791289,-0.0073184706,-0.019884674,-0.2817655,-0.046467602,-0.0077944165,-0.0013938593,-0.016015263,-0.14907736,-0.02681182,0.0043735188,0.0017615794,0.0018016049,1.3448925e-05,0.0030908294,0.0,-0.00079402357,-8.830554e-05,-1.7859686e-05,-6.454958e-05,0.01171964,7.819049e-06,0.0011986861,0.01981921,0.019505734,-0.14690344,-0.024759034,0.016080022,0.0060311276,-0.029759714,-1.9834883e-05,-0.0028529987,0.0012464041,0.0044825543,-0.037213966,-0.0019293812,0.0051741027,-0.11566116,-3.1316795e-05,0.04078221,-0.09547411,-0.0038000073,0.00023548512,-1.9623727e-05,0.0010477615,0.0,-0.00058116944,-0.00015378739,0.0013610746,0.00038328947,0.00071288523,0.006382457,-8.7874745e-05,-2.631703e-05,-0.00029134154,-0.00044577284,-0.00057427114,-0.038406465,-0.0016046409,0.001215831,8.920879e-06,-0.00023157359,-0.0009458687,0.0003713804
-0.17120303,-0.023480838,0.20761332,-0.006446941,-0.04029271,0.025104508,0.4076419,0.010147266,0.012810579,-0.0016294778,0.028834509,-0.0061622243,0.0053235837,0.47071186,-0.017986137,0.034750663,0.0012657647,0.011490609,-0.10026395,-0.015762052,-0.008736091,-0.0006904899,0.0014109983,-0.0012475096,0.0007102675,0.0,-0.0001689898,-0.001683378,3.3439464e-06,-0.0008990647,-0.01117297,2.159785e-05,0.000417256,0.019314278,-0.0050216443,-0.056296486,0.20772956,0.013123793,0.0007574102,0.14737569,-0.00012042375,-0.0008401091,0.0020971792,0.004389231,-0.032204475,-0.00047508083,0.004297149,0.009951674,0.00014946543,0.04273563,0.24677613,0.0013892495,0.00015591888,-4.4329404e-06,-0.00076629996,0.0,-8.155172e-05,-1.986017e-05,-0.00078763213,0.00031331513,0.0015396461,0.0009913894,-6.142423e-05,-5.5713386e-05,-0.00014704715,-0.00019689804,-0.0006022968,0.0008106765,-0.00020174391,0.001341498,7.954296e-06,-0.00042940516,0.0012827234,-0.001965238
0.4254335,0.1064116,0.45229512,-0.0021988766,-0.024805134,0.005916596,0.16856337,0.00019733523,-0.0011117856,-0.02097837,0.013675241,0.029696668,-0.0031403766,0.08502647,-0.0019113086,0.012258452,-0.0006410828,-0.058650427,-0.078462325,-0.012049031,-0.00090394804,-6.5375774e-05,0.0014757329,0.00010763036,0.00058817916,0.0,-0.0003911614,0.0001298271,-1.2523259e-05,-0.0005452968,-7.762668e-05,1.6170494e-05,0.00024716038,-0.105747126,-0.0049755,-0.08757834,-0.0349338,0.016342618,0.0021577307,-0.021155352,-0.00021594226,-0.0011570529,0.0024972958,0.004286684,0.03523837,-0.0005827981,0.003120638,0.016992027,0.0003975551,0.029940724,-0.13546078,-0.007689532,0.0003536212,-2.0431644e-05,0.0018071877,0.0,-0.0001829513,-0.00015518778,0.0013882407,0.00036144574,0.00050016097,0.0014557783,-0.00017146143,-3.503531e-05,-0.0003120936,7.87009e-05,-0.00059439,3.6561672e-05,-0.00089280616,-0.0131322825,3.5380172e-06,-0.00058408704,-0.002249929,-5.4012417e-05
-0.4948837,0.004209815,-0.38271326,-0.0025346763,-0.042024694,0.0007853644,-0.04062807,0.003075589,-0.004689976,0.010673966,0.051971886,-0.018596048,0.014517309,-0.10304031,-0.050412696,-0.016418448,-0.000875104,-0.0080373,0.3156428,0.038311824,-0.0007645277,-0.000341743,0.0027068143,-0.002113739,0.001569114,0.0,-0.00040075052,-0.0012939158,-1.4502049e-05,0.016958764,-0.00047535688,7.2961443e-06,0.0008112292,0.030900715,-0.0036701395,0.26940674,-0.025050364,0.019278016,0.00289729,-0.017152831,-0.00027535434,-0.0028044295,0.0027437464,0.007562244,0.040046304,-0.00082875893,0.0045084725,0.02031797,0.0006296366,0.046101123,-0.11150642,-0.0028090787,0.00021542361,-4.338818e-06,0.0012238956,0.0,-0.00020057584,-0.00029619678,-0.0005286289,0.0003118857,-0.00039398938,0.0014098906,-6.905225e-05,-3.5115332e-05,-0.00020750919,-3.8654187e-05,-0.0004193685,0.0027279747,0.0019159998,0.00036191675,3.5143553e-06,-0.00025341424,-0.011056565,-0.0018579867
-0.58853084,-0.43250272,0.06667768,-0.010264521,-0.08597874,-0.01948823,-0.19131422,-0.059891436,-0.020059217,-0.0345238,-0.06601088,-0.019437607,-0.038073707,-0.18199243,-0.026929019,0.068636246,-0.0020056588,-0.017025534,-0.11784541,-0.025874875,-0.0028755227,-0.00023909159,-0.00057719235,-0.0018404227,-0.0017824783,0.0,-0.0019532207,0.00034314033,-4.3991713e-06,-0.0009356731,-0.001736151,4.6685464e-06,2.4443023e-05,0.02031894,-0.011429437,-0.13695523,-0.030144691,-1.1257209,-0.0007594516,-0.026011402,-0.00020579172,-0.0024367436,0.0021033974,0.00090258464,0.007717149,-0.0011127351,0.0022854218,0.0069907443,0.00019673185,0.024363749,-0.09676058,-0.006346528,0.00022682472,-4.338818e-06,-0.00046519298,0.0,-0.000119039105,-0.0009615112,-0.00035836123,0.0003437526,-5.4622105e-06,0.0053000315,-0.00015464638,-2.285105e-05,-0.00047205825,0.089825675,-0.0012014,0.0009799891,-0.0056758714,0.00022468001,-0.00017757795,-6.37285e-05,0.001930447,-4.966918e-06
0.002889693,0.21211705,-0.32545003,0.0054214443,-0.037429597,0.008537689,-0.018092977,-0.021142874,0.003503736,-0.007335331,-0.008615697,-0.02522291,-0.003342217,0.06652274,0.0074212067,-0.011514847,-0.0007524409,-0.020726917,-0.08234992,-0.009904535,0.0027026245,0.0014062073,0.0014501273,0.0005783871,0.0024373562,0.0,0.00011278313,0.00031073432,-1.3029988e-05,-0.00066618057,-0.00016297403,1.4443272e-05,0.00080739346,0.025219455,-0.001850082,0.24801797,-0.019180004,0.017644877,0.0024255493,-0.016016386,-0.0003290871,-0.0022381046,0.0012473445,0.0070044952,0.044914298,-0.0007941273,0.0049516447,0.019764936,0.0006670644,0.046677113,-0.114111036,-0.0027808722,0.0004379275,-1.9623727e-05,0.0018768492,0.0,-0.00028464358,-0.0007394619,-0.0006235501,0.00034543508,0.00019510291,0.0009248978,-0.00013423325,-3.838344e-05,-0.00031211955,-7.022367e-06,-0.0006838699,0.00037084668,0.0019704339,0.0014687278,3.5143553e-06,-0.00048450538,-0.003779332,-0.00012802515
-0.52896583,0.2131066,-0.30897406,-0.00399668,-0.05314179,-0.03481017,-0.3361871,0.025933823,-0.0060613393,-0.007737635,-0.038523026,0.013071744,0.03174625,-0.3155653,-0.0029816665,-0.0024428188,-0.0010508322,0.0028407157,-0.11187415,-0.015401963,0.0069667376,-0.0003292328,0.0017833443,-0.00011047466,0.0029842127,0.0,-0.00059579854,0.0004075986,-1.0540435e-05,0.00010907706,-0.0030664292,9.758849e-06,0.0014652727,0.025510674,0.012386375,-0.17461321,-0.02618301,0.01884021,0.0064795865,-0.032637447,-2.1131924e-05,-0.0011107505,0.002179365,0.005476813,0.020189304,-0.0017060634,0.0044551436,0.011555325,0.00013646537,0.043614004,-0.10577992,-0.0030004205,0.00036005772,-4.338818e-06,0.0010952675,0.0,-0.00016622289,-0.00063520344,-0.00030628726,0.00017900135,-0.00034760585,0.0028103911,-0.00024777607,-3.647223e-05,-0.00034590418,-4.2340384e-05,-0.00027392778,0.00083384453,0.0009901511,-0.00019034599,7.343631e-06,-0.00019036341,0.0034176959,0.00016251567
0.23546496,-0.021186428,-0.3043344,0.008441074,-0.049834777,0.0050984793,0.37289158,0.023069121,0.00011557921,0.00308517,0.024286862,0.042620365,0.0008729789,0.16968957,-0.04655626,0.060810477,0.00083677436,-0.02480868,0.295646,0.04235662,7.4841955e-05,-0.00027227885,0.0061829365,0.0020798405,0.0016066883,0.0,-0.00034587286,0.0011972621,-8.509209e-06,-0.0008588066,-0.00033159312,4.368346e-06,0.00029536488,0.02122704,-0.0037108522,-0.06432887,0.30331728,0.014599688,-5.62981e-05,-0.024805369,-0.0001140852,0.024671778,0.0029667611,0.0049475767,-0.031002847,-0.000740374,0.0015780154,0.011557722,3.876659e-05,0.035655048,0.18680824,0.00040539523,0.00023082508,-4.4329404e-06,0.0011927313,0.0,-7.503569e-05,-0.00039879116,-5.7559246e-06,-6.9341055e-05,0.0013502113,0.0032742308,-0.00017695714,-3.76683e-05,-0.00014245033,0.0001488293,-0.00037506947,0.00027655592,0.001164873,0.0016078561,8.920879e-06,-0.0005942309,-0.009652897,-0.00017329791
-0.44860017,0.14194442,0.191565,-0.006661765,0.20868194,-0.0012134784,2.3668923e-05,-0.0008369898,0.0046757236,0.020362284,-0.008716343,-0.03344145,-0.026251594,-0.1848577,-0.024635581,-0.038818855,0.005815652,-0.034961652,-0.14656262,-0.03269689,-0.0027760274,-0.00077045127,-0.004017443,-0.013508852,0.0037772644,0.0,-0.0008272029,-0.0014459508,0.00016935855,-0.0012692168,-0.00017821907,-1.403331e-06,0.0005676227,0.025003765,-0.008824365,0.3111134,-0.023853064,0.014647327,0.0016272072,-0.031443648,-0.00021183063,-0.0031372788,0.0020928765,-0.54322714,-0.08774468,-0.0010319474,0.0020374563,0.0071438453,-0.0005707161,0.04547233,0.24806985,0.0025425293,0.00012257622,-1.9623727e-05,0.0014090674,0.0,-0.0001766587,-5.4982804e-05,0.016942035,8.8092915e-05,0.00051048206,-0.023741622,-7.506703e-05,-3.9994673e-05,-0.00025631595,-0.0035587715,-0.00069976854,0.0010419725,0.004476001,0.0037381975,0.00012456173,-0.00025444594,-0.0034975049,-9.654927e-05
-0.10786069,0.16469243,0.045108978,0.0078097885,-0.05272889,-0.0064846994,0.17938377,0.0102354875,-0.0006150157,-0.0016449061,0.02248531,-0.009827866,-0.013558447,0.057555467,-0.018014347,0.0043197493,-0.0010851097,0.010302604,-0.103115216,-0.014541393,0.0047489833,0.0017033615,-0.0049506268,7.540711e-05,-0.020446036,0.0,-0.00022557932,-1.9459032e-05,-7.0502615e-06,-0.0011781243,-0.00010990313,3.8348826e-05,0.00080691406,0.025338098,-0.0034558137,0.17184334,-0.03188936,0.012853642,0.0026953053,-0.016685374,-0.00023817724,-0.0011465256,0.002843484,0.006472617,0.027536366,-0.0007230278,0.004869073,0.02290299,0.00026133482,0.04334758,0.21703295,0.0031438959,0.00053228706,-2.0431644e-05,0.00020319149,0.0,-0.00018687977,-0.00010569611,-0.00068123353,0.0007760393,0.0003717604,0.0010397468,-6.5797496e-05,-5.8208738e-05,-0.0003123945,0.00021647882,-0.0006092415,0.0007949269,0.00019999982,0.0014397075,3.852351e-06,-0.0006708131,0.0040840087,0.00024278191
-0.49145406,-0.03748798,-0.37107947,0.0027242855,-0.05448687,-0.017992353,-0.26051435,0.011012433,0.0017692938,0.018497812,0.03189738,-0.034378994,-0.004422529,-0.20301884,0.073484726,-0.028366987,-0.006208358,0.0019419431,0.3519653,0.051715877,0.006689884,0.0032304574,0.0038144926,-0.0012951543,0.00420753,0.0,-0.0006143888,0.0022688713,-1.31822e-05,-0.000761641,-0.0038817266,4.256062e-06,0.0013383917,0.02346842,-0.011937903,0.22809951,-0.021591017,0.016718179,0.00515121,-0.027342062,-3.3801767e-05,-0.0053928583,0.0021704333,0.0046990695,-0.06543163,-0.000995602,0.004271975,-0.22562401,0.0001928279,0.025622178,-0.08860151,0.0030781738,0.00022346285,-4.338818e-06,0.0009842652,0.0,-0.00020760641,-0.00016619111,0.00043224444,0.00038147796,0.00011912871,0.005107707,-0.00010694983,-2.3191533e-05,-0.0001423464,-0.0002692215,-0.00020289903,-0.00057603035,0.0011539957,0.0014975443,8.920879e-06,-0.00022843594,-0.010345634,-0.00085842935
0.6659349,0.22373526,-0.21399787,0.002115183,0.3092533,0.013132265,-0.43131974,0.009645856,-0.008757008,0.018473003,-0.0023939074,0.16039716,-0.0064630294,-0.38669378,0.009722957,-0.056306496,-0.0035584853,-0.06626978,-0.07704588,-0.0108738495,0.0022398867,-0.0011656381,0.009686318,0.00052975473,0.0033211035,0.0,0.010438904,-0.003413054,3.5551853e-05,-0.0007087773,-0.00089589274,-2.7434311e-05,0.00040242198,-0.073312424,-0.02443787,-0.09373391,-0.0254854,0.021166231,-0.06859996,-0.013210526,-0.00017935695,-0.004556987,0.0018669035,0.005150828,-0.062227078,-0.0011218175,0.0021306283,0.0077548567,4.2282583e-05,0.021346074,0.14576401,0.0010244573,-0.00012519091,-4.338818e-06,0.0028183542,0.0,-0.00020286145,-6.313069e-05,0.0029657157,-7.3430696e-05,-0.00029769252,0.01397055,-0.00015125248,-5.7356185e-05,-0.00020921933,-9.015825e-05,-0.00045473562,-0.00081695424,-0.0012775124,-0.015957028,0.00017362477,-0.00067832106,-0.0028694093,-0.00050736935
0.26701313,-0.15636702,-0.39536014,0.00530121,-0.06735121,-0.03232053,-0.16521709,0.005642812,0.0013169057,-0.006147077,-0.0051001683,0.016750535,-0.012089895,0.09560039,0.0053462274,-0.009087819,-0.0013690849,-0.03291851,-0.07448795,-0.009151668,-0.00054266246,-0.000108999695,-0.001428445,-0.00028891637,0.00097240426,0.0,-0.00012291798,0.001162431,-0.0001249257,-0.00046202604,-0.0012149119,3.311623e-06,0.00031928226,-0.11329112,-0.0065834494,-0.13462713,-0.028402885,0.023809332,0.005719331,-0.024728047,-0.00019079575,-0.0034811157,0.0031299926,0.0045109587,-0.06133571,-0.0011910876,-0.022732342,0.013944649,0.0002844171,0.03158041,-0.115765706,9.011669e-05,0.00032023186,-4.338818e-06,0.00095368753,0.0,0.011732792,-0.0007287392,-0.00037342118,0.0005711715,-0.0026659786,-0.00047150414,-0.00014334147,-7.583804e-05,-0.00011255136,-0.00014370444,-0.00033083482,4.7079557e-05,0.0028146454,0.0032770846,-5.790025e-08,-0.0005169591,-0.00979227,-0.000119073
0.22965012,-0.19549514,-0.32670298,0.0023156847,-0.055606693,-0.008831557,-0.06255387,0.023450807,-0.007896055,-0.008676779,-0.03300111,0.026605844,0.003434125,-0.1414672,0.0008466984,-0.044110123,-0.0011865501,-0.022899205,0.440493,0.048209567,-0.0015920824,-0.0003777523,0.003272498,0.00077717233,0.0006319503,0.0,-0.0010763598,0.00087301864,-0.00013264,-9.114463e-05,-0.000579049,8.762772e-07,0.00072789023,-0.07869468,-0.0056441464,-0.11749024,-0.028074175,0.021746105,0.006704347,-0.017268173,-4.449918e-05,0.07397879,0.0030198738,0.0047931178,-0.06712163,-0.00069777935,0.0040740557,0.016036395,0.00024929806,0.035571296,-0.09976631,-0.0022405032,0.00016239559,-4.338818e-06,-0.01795504,0.0,-0.00017713747,-0.00029422707,-0.0013762581,0.0009051469,-0.0023041482,-0.008819661,-0.00032397397,-0.00015202386,-0.0001089457,-9.7627875e-05,-0.00034973293,-0.008883687,-0.007914332,0.0018283546,4.3583786e-06,-0.00022135091,0.010213386,0.0015666856
-0.053965323,-0.28121927,-0.29149672,-0.004045374,-0.08424206,-0.02982382,-0.049303975,-0.015154614,-0.0067277355,-0.013884699,-0.0063210404,0.016264837,0.00084415375,-0.28764343,-0.011867877,-0.09941974,0.0032108664,-0.00832055,-0.12403029,-0.017065726,0.0012064835,0.0018224443,0.0018471536,-0.00025525002,0.0025340368,0.0,-0.0014534083,0.00097448245,-1.654533e-05,-0.00084952655,-0.0006064351,8.762772e-07,0.0006465844,-0.08221889,-0.0202252,-0.11810259,-0.02545756,0.015279138,0.005910019,-0.020987486,-6.0692426e-05,-0.0070383283,0.0024037461,0.0027537278,-0.058160808,-0.00038999366,0.0030599087,-0.1909398,-9.342241e-06,0.02847041,-0.114179686,-0.0074599357,0.00013403819,-4.338818e-06,0.0013151022,0.0,-0.0004971924,0.019599397,-0.0016355027,0.0005541629,0.0004176071,-0.008028742,-8.171177e-05,-2.6388088e-05,-9.542028e-05,-0.00076070323,-0.00031928532,0.0003286382,0.0013190747,0.0007165042,4.3583786e-06,-0.0003922849,0.005287259,0.0015388537
0.42396694,-0.02124808,0.32468817,-0.0025449938,-0.050217833,0.08047674,0.3059806,0.010711927,-0.007710513,-0.012418967,-0.0367766,0.062088892,-0.020244967,0.38487107,-0.04327542,0.032148685,0.0017304195,0.005795839,0.26016268,0.027635558,-0.0078060008,-0.0005336297,0.0022370543,0.00078641035,0.00052145106,0.0,-0.00042723597,-0.0029210981,0.000116899995,-0.0008452656,0.0016635307,7.892675e-06,0.0002510077,0.013798413,-0.00577349,-0.053945016,0.20319991,0.014729349,-0.0014920534,-0.013597271,-0.00034367823,-5.3267977e-05,0.0027644644,0.003357206,0.014869839,-0.00040134205,0.0012548638,0.006385909,0.00032284675,0.021945365,0.18981051,0.0019937018,9.2105765e-05,-4.4329404e-06,-5.0867224e-05,0.0,-0.0001551801,-6.024396e-06,-0.0015173854,4.2548163e-05,0.0015160287,0.001253061,-0.00022261484,-3.225819e-05,-0.00013797921,0.00013508399,-0.0003731267,0.00034347852,-0.00060081406,0.0007263945,3.5380172e-06,-0.0006073264,0.0056508994,-0.00022713747
-0.5872474,-0.2289987,-0.3127125,0.006832489,-0.076525055,-0.03781593,-0.41427508,-0.008341175,-0.0052774586,-0.018424233,-0.028629683,-0.028203035,-0.0028996847,-0.32976037,0.0022889047,-0.100025035,0.0013598151,-0.030299483,-0.12505732,-0.02012047,-0.0010096531,-6.723209e-05,0.0021956402,-0.0002688768,0.002318399,0.0,-0.00034625793,0.0011562207,-1.2351594e-05,-3.757858e-05,-0.0012525452,5.5340033e-06,0.0011328764,0.020875903,0.010151111,-0.14088817,-0.02390393,0.017032761,0.0058446755,-0.034134947,-1.3689572e-05,-0.004726704,0.0021702407,0.0036995814,-0.040287845,-0.0011439722,-0.08778202,0.00944458,-1.308511e-05,0.03890826,-0.110308245,-0.0027500964,0.00016595158,-4.338818e-06,0.0006775825,0.0,-0.0006713658,-0.0005739367,0.0014030325,0.00038301203,-0.0017895773,-0.00041115374,-0.00010131919,-9.1478396e-05,-0.00014376028,-0.00036899862,-0.00029220994,0.000934681,0.00203447,0.0018298444,8.920879e-06,-0.00022957413,-0.00788311,-5.3037504e-05
0.2448197,-0.03307372,-0.16437703,0.013687986,0.41093537,-0.021786274,-0.065944046,-0.0873775,-0.0054411786,0.047537114,0.030588942,-0.005623485,-0.0034075454,-0.15770313,-0.083371066,0.00080704154,-0.007421791,-0.0662308,-0.096909076,-0.012606242,-0.0001057934,0.00013186007,-0.0106806895,0.01704107,0.0035856979,0.0,-0.00030090768,1.8204935e-05,1.55397e-05,-0.00049819925,-6.480201e-05,-1.1168786e-05,0.00036084565,-0.088761136,-0.007044164,-0.12992376,-0.029800309,0.023204977,0.006109643,-0.021676412,-0.00026457896,-0.0064823446,0.0029615043,0.009081869,-0.08277017,-0.00037312665,-0.023696221,0.014514826,-0.00014485746,0.023755107,0.15741959,0.0015692712,6.996239e-05,-4.9988466e-06,0.0026012342,0.0,-0.00022604555,0.004636217,-0.0021571454,0.0005684129,-0.003155345,0.0034114877,-0.00013283652,-0.0005363646,-0.00012825668,-5.6378976e-05,-0.0014972175,0.00010589929,-0.0048394217,-0.036744542,0.00017307441,-0.00055820245,0.006051515,0.0017539563
-0.07440142,0.18643546,-0.3185196,-0.0053443206,-0.04563438,-0.015871532,-0.049505442,-0.011283182,0.0010172431,-0.0062795044,-0.018042918,-0.022043739,-0.004107643,-0.14960007,0.00093135436,-0.014313299,-0.0017717928,-0.021755038,-0.09512974,-0.016119791,-0.0030892657,-8.811779e-05,-0.007598068,-0.003997154,0.0018428316,0.0,-0.00019754688,0.0012193848,-1.1580574e-05,-0.0007729641,0.0003233659,7.5773496e-05,0.0009587982,-0.083764434,-0.0026082317,-0.13085252,-0.018007694,0.020792816,0.0039460375,-0.01762568,-0.0002440789,-0.0073940028,0.0013298163,0.0052867373,-0.058429457,-0.0016353761,0.0038924145,-0.16913448,0.0012301122,-0.116328485,-0.10893827,0.0013253825,0.00031267424,-1.9623727e-05,0.001829124,0.0,-9.1253234e-05,-0.0009008112,-0.0006253991,0.0004633886,3.9902345e-05,0.0026413237,-0.00021914732,-1.2659853e-05,-0.00019694796,-0.00013035488,-0.00045002188,0.00037432765,0.0019085589,0.0025092727,4.3583786e-06,-0.00032862966,0.004429112,-6.1827086e-05
-0.6956046,-0.5653829,-0.20409629,-0.0035381184,-0.08932848,-0.04083939,-0.29808563,-0.0371336,0.006462187,-0.049587,-0.040478684,-0.054634348,-0.003112111,-0.17812118,0.021770367,-0.023319697,0.00045245688,0.004292989,-0.18006353,-0.02585163,0.0029040915,-0.00010787542,-0.0011510258,-0.001392601,0.0021692608,0.0,-0.001223036,-6.2547326e-05,-3.593928e-05,-0.0003654344,-0.001133884,2.521318e-05,0.00084913545,-0.13533637,-0.014224413,-0.13710833,-0.024598058,0.016950624,0.0059595406,-0.027745575,-0.0002973086,0.012865177,0.0016948201,0.0036375832,-0.03037454,-0.00061630184,0.0027974662,0.011149488,0.0010314216,-0.13082178,-0.109283656,0.00298492,-0.042799957,-4.338818e-06,0.0008633025,0.0,-0.00047638203,-0.000111707646,-0.00045783538,0.0004217859,-0.0014096046,-0.019740148,-0.0007343711,1.8994306e-06,-9.564468e-05,-0.0020066898,-0.0001602017,0.00059128966,0.0013278633,0.0027634439,-3.80362e-05,-8.5254505e-05,-0.00583446,0.0003599734
-0.09055992,-0.06857125,-0.367156,-0.0070112925,-0.04410074,-0.02334106,0.13798942,-0.0075983177,-0.0056790677,0.005758463,-0.0046353056,-0.0051561366,-0.008084384,0.10621196,-0.010521939,0.053746775,-0.0006794658,0.0037049758,-0.1351808,-0.02149672,-0.005243666,-9.469352e-05,0.0006539624,-0.00020977324,0.00094248686,0.0,-0.0003772134,0.0008882515,-5.484255e-06,-0.0008650454,-5.3267635e-05,7.412241e-05,0.000868188,0.024526367,-0.0028197553,0.13352515,-0.026166456,0.016562192,0.00015443421,-0.021272821,-0.00041869163,-0.0006912792,0.002097316,0.0058168215,0.023453623,-0.0008001908,0.0030023432,0.012148339,0.0015722469,-0.17447077,-0.13642547,0.00105685,0.00040360453,-4.4380067e-06,4.6473393e-05,0.0,-9.521783e-05,-0.000496348,0.014717259,0.0010580572,-0.000118391916,-0.0032273522,-5.9201775e-05,-2.2356468e-05,-0.00013025172,4.387115e-05,-0.00058079686,0.00034274562,0.0031144784,0.002442072,4.3583786e-06,-0.00023410388,-0.007982366,-6.5138986e-05
-0.07782408,0.22707938,-0.33536926,-0.0059584314,-0.040103562,-0.008565334,0.16444139,0.015316604,-0.006941572,0.0025935615,0.013512083,-0.029881213,-0.014873528,-0.19103111,0.0007217962,-0.0075556445,0.00060366944,0.011295079,-0.09133687,-0.011345544,0.0019785992,-0.00025178905,0.001087651,0.00046660381,0.0015201699,0.0,4.9926453e-05,0.00044288576,-9.647647e-06,-0.0010116607,-0.0012121734,6.473536e-06,0.0011699978,0.022502437,-0.0029807067,0.2173076,-0.021331584,0.014986955,0.0044132657,-0.03410536,-6.09049e-05,-0.0017696541,0.0023696201,0.0054759537,0.034424827,-0.0010786424,0.0040667187,0.0132528655,0.0007236538,0.05027652,-0.15241317,-0.0038010436,0.00041573105,-4.338818e-06,0.0005956184,0.0,-0.00059715734,-0.0005443952,-0.0007570306,0.00026821188,-1.910479e-05,0.00237642,-7.9927755e-05,-4.08314e-05,-0.00020551163,4.4641405e-05,-0.00026740727,0.00043443003,0.0019193549,0.0017791188,3.5143553e-06,-0.00044113924,-0.0059416504,-0.00011265588
0.3063243,0.09884801,-0.42261967,0.0017619047,-0.03591488,0.0471286,0.40002924,1.2782662e-05,0.002285359,-0.0070968578,0.034034576,0.008097146,-0.006979384,0.40711206,-0.0061024236,0.027394205,-0.0007972433,0.015057579,-0.06023826,-0.010082523,-0.0009718007,-0.000277292,-0.0066165733,0.0002567474,-0.02051635,0.0,0.000104507046,4.189922e-05,-1.2854869e-05,-0.0006805337,-4.0867115e-05,1.3613133e-05,0.00037811132,0.019468067,-0.0037162504,-0.06242612,0.27264357,0.009180356,0.0030078657,-0.012229392,-0.000248186,-0.00093635346,0.0007685085,0.0054906504,0.023076108,-0.0004697682,0.0043605478,0.012940865,0.00023771948,0.039285872,0.19512428,0.00079367234,0.0002724847,-2.0408525e-05,-0.00021649238,0.0,-3.23056e-05,-0.00034661093,-0.00023423531,0.000537938,0.0020851942,0.0014174051,-0.00012793005,-4.0550898e-05,-0.00031283166,0.00015317311,-0.0006019284,-2.2890323e-05,0.00093154004,0.0011614037,2.688923e-06,-0.0005998302,-0.0017850909,0.000118164426
-0.46532667,0.21622096,0.124623835,0.0053689023,-0.024357684,0.005639298,-0.36839175,0.020980248,-0.006081074,0.07536051,-0.028393878,-0.01672924,0.035720807,-0.14449346,0.019989254,0.009532672,0.0020635459,0.02104796,-0.11287259,-0.031985104,-0.0020916539,-0.0006936469,0.001589633,-6.119027e-05,0.0011551074,0.0,-0.0005855489,-0.010569436,-1.9451358e-05,0.00040651823,0.0013400656,7.1356176e-06,0.00032071,0.018561868,0.008850645,-0.15125515,-0.026795805,0.015064312,0.005109455,0.24745731,-5.2401476e-05,-0.0021013832,0.0016584673,0.004703107,-0.02848432,-0.0012079258,0.00456845,0.0056601055,0.0003071883,0.039546564,-0.09168259,-0.0036839957,0.00040028934,-1.9623727e-05,0.0015039538,0.0,-0.0006379146,1.5716389e-05,-0.000850584,0.00027512983,0.0008302566,0.0025219948,-0.00011062517,-0.00013081155,-0.00028240407,-0.00071644515,-0.000545861,0.0014517155,0.00038108727,0.0008503474,2.927352e-06,-0.0002833123,-0.0019540426,0.0013556333
-0.5606883,0.19471465,-0.12165115,0.0075384234,-0.04279557,-0.031636864,-0.06817449,-0.019420054,-0.0059107644,-0.0049619935,0.004365661,-0.04603987,-0.011303922,0.16361658,0.023729414,-0.013904156,-0.0009928045,-0.033896692,-0.14540279,-0.018493328,-0.0037407654,-0.00011565421,0.0015357563,-0.0003400458,0.0023250985,0.0,-0.0006507931,-0.00088439434,-1.9422087e-05,0.00078486133,-0.0031111976,6.4838005e-06,0.001196692,0.040926613,-0.0039089806,0.24233758,-0.029272988,0.020830572,0.00365778,-0.038468186,-4.798194e-05,-0.0031071468,0.0018568775,0.007270754,0.030739525,-0.00061574497,0.0057254834,0.013230861,0.00038052996,0.05006556,-0.097851984,-0.0020267444,0.00061221473,-4.338818e-06,0.0014902091,0.0,-0.00060044695,-6.5784174e-05,-0.0007214871,0.00039240037,-5.7756428e-05,0.0023804125,-0.00013367595,-3.685742e-05,-0.00023981967,-0.00017640983,-0.00027350805,0.0015196118,0.0018112381,0.0013766461,7.954296e-06,-0.00018117814,-0.0021751577,-0.00016694391
-0.452448,-0.80854183,-0.26398313,0.00089346175,-0.07824112,-0.04983986,-0.3027457,0.035185345,-0.013499059,0.02860065,-0.047944706,-0.0144542465,-0.017487967,-0.23437238,-0.0025808034,-0.04588523,0.0020930422,-0.03842233,0.3762712,0.059198827,0.006311007,-0.0002818423,-0.0060837506,-0.0022568854,-0.00146767,0.0,0.0013453682,-6.520028e-05,-5.745653e-05,-0.0002289281,-0.0008568602,-0.0003236392,0.00072721293,-0.11791198,-0.011094833,-0.13673109,-0.03386721,0.014108837,0.0060696253,-0.03075604,-0.00013766695,-0.009987082,-0.40368715,0.004176743,-0.04423132,-0.0007418433,0.0020731818,0.012114111,0.00014248879,0.017022148,-0.10253846,-0.011850163,9.571992e-05,-4.338818e-06,-0.01229524,0.0,-0.0004048578,-0.00013701647,-0.0006317614,-5.762175e-05,-0.00015329088,-0.01737973,-0.00049325434,-2.3860299e-05,-0.00010111067,-0.0019256262,-0.0003383751,0.00022466511,0.00296655,0.0037679218,-4.2138145e-05,-0.00011876007,-0.011086194,-0.00072855514
-0.14005484,0.19929221,0.36076513,0.0068472642,-0.030242657,-0.003645171,0.17716245,-0.024049653,-0.0019006429,-0.018138643,0.02205428,-0.01730844,-0.040831983,0.15960819,0.022971502,0.002726022,0.00072325655,0.014376404,-0.09668538,-0.021551257,0.009939859,0.0028339492,-0.004779931,-0.0010273183,0.0013580841,0.0,-7.9889134e-05,0.0011622126,1.597472e-05,-0.0003323099,-0.0013963357,2.0187483e-05,0.00056042074,0.021691818,-0.0044970736,0.11249567,-0.030248221,0.014775296,0.0021995604,0.16329245,-0.0002588401,-0.0013218388,0.0023832172,0.0036738992,-0.029589387,-0.00084241224,0.0039396435,0.01888208,0.00042946462,0.05041769,-0.15830621,-0.0051336195,0.0006546632,-4.4329404e-06,0.0001423073,0.0,-0.0001458139,-4.6843597e-05,-0.00073305995,0.0002123969,0.0005202933,0.00163333,-0.00013420227,-3.8644772e-05,-0.00027954028,-0.00018717279,-0.0004177872,0.0009439951,0.00030412333,0.0007300521,7.954296e-06,-0.00042308518,0.002280358,-0.00043494083
-0.13197906,-0.19225968,-0.20879552,-0.01013737,-0.04703755,-0.007950585,0.124780826,-0.027532626,0.004435375,0.02495899,0.007458843,-0.0010895367,-0.016029116,0.15139739,-0.0106353,0.051203754,0.0007500498,0.0065253396,-0.14083864,-0.016391244,-0.007924677,-0.0006254169,5.3321695e-05,-8.7498134e-05,0.0006584917,0.0,-0.0008881658,-0.0023846051,-5.1388097e-06,-0.00090593274,0.008181397,7.738608e-06,0.0005215041,0.028434385,-0.0036362696,0.13967215,-0.031197214,0.013787245,0.0013124064,0.15662958,-0.00012677904,-0.0011500856,0.0027082392,0.0058432687,-0.031763382,-0.0007037575,0.0032166576,0.012045752,0.00039027393,0.04784265,-0.13802157,-0.0068737953,0.00040913897,-4.4380067e-06,0.0007380583,0.0,-0.0001650881,-6.454882e-05,-0.0011894172,0.0003608839,0.00075512903,0.0013515883,-6.25799e-05,-0.00026486602,-0.00010715338,-0.00013099972,-0.0002484704,0.00075436523,0.0013041814,0.0026588358,7.954296e-06,-0.00029370465,-0.0011648715,-5.964916e-05
-0.51672775,0.18816748,-0.43127498,-0.001854205,-0.028886542,-0.00903685,-0.17105073,-0.057230387,-0.0013342653,-0.007669926,-0.035699904,-0.024305223,0.0059345565,-0.17286581,-0.0047746473,0.0038783476,0.0005761092,-0.006124402,0.30845848,0.050848432,-0.0025869776,-0.0002741406,0.0017809309,-0.0022213717,0.0007691141,0.0,-0.0001544719,0.0021572893,-1.797737e-05,0.0008856393,-0.0038266666,6.2657937e-06,0.00090446015,0.027717667,0.00064789935,-0.1418367,-0.027641423,0.01835661,0.0027648208,0.17992131,-8.796809e-05,-0.0020724603,0.001648944,0.0071672653,-0.02535625,-0.0013743353,0.0037960086,0.011859687,0.00028086593,0.04404067,-0.08628211,-0.0020135096,0.00039024648,-4.338818e-06,0.00082552043,0.0,-0.00028339637,-0.0006896288,-0.00061727484,0.00013643494,0.00076843967,0.0026793445,-0.00015056368,-3.3668126e-05,-0.00028647957,-0.00066994387,-0.00024497538,0.00092576386,0.0011908038,0.00015058629,-8.156212e-08,-0.00017517808,-0.0049562613,0.0008943807
-0.570693,-0.46308574,-0.33361375,-0.0051553627,-0.075906515,-0.03461616,-0.33138984,-0.018797077,0.000107887376,-0.026247546,-0.0582588,0.13360706,-6.14308e-06,-0.23058802,-0.046748556,-0.07993347,-0.0055521373,0.02403154,-0.13310975,-0.024244761,0.00012274078,-0.00021329254,-0.0026901658,-0.001708527,0.0016716025,0.0,0.03718941,0.0135400565,-7.948673e-06,-0.00019696812,-0.0012654145,-0.00033285478,0.0003870968,0.029343087,0.027743978,-0.1705215,-0.025190713,0.019354125,0.0108753815,-0.023473084,-5.2037416e-05,-0.003182795,0.0015351627,0.0028744598,0.025119754,-0.00052401004,0.003789021,0.008676362,5.5292285e-06,0.029083073,0.1893895,0.0012416937,0.0001162192,-4.338818e-06,0.00023544527,0.0,-0.00025327745,-0.0009448946,-0.00079060596,0.00045178394,-0.00018746025,0.00782963,-0.0003899882,-2.826835e-05,-0.00012889106,-0.0008763075,-0.00014324885,0.00031102996,-0.0031620394,-0.026315562,-3.80362e-05,-0.00010241773,0.0075376,0.00040978793
0.1466102,0.10798173,-0.4069875,-0.0037790022,-0.04242471,0.04717387,0.40096003,0.002640477,-0.0025835626,0.0004935413,0.017046165,-0.0074051595,-0.002492262,0.2911725,-0.013079688,0.030152239,0.00041515223,0.0072414307,-0.070606016,-0.010933358,-0.0011255587,-0.0019312951,0.000639136,1.1570598e-05,0.001395064,0.0,-0.00039039698,-0.0014223482,-1.248445e-05,-0.0015708851,0.0017387664,1.9163115e-05,0.0003697728,0.018420199,-0.0036970715,-0.068097025,0.26745588,0.013811303,0.0017204279,-0.015595947,-0.00018284447,-0.0011869292,0.001849615,0.006164727,0.021989882,-0.0005719326,0.0018868875,0.012449704,0.00023927876,0.03950607,0.21438628,0.00084983604,0.00048704693,-2.0408525e-05,0.0003463011,0.0,-5.549398e-05,-0.000263554,-0.0003105167,-0.00055581913,0.0023306874,0.0010277907,-7.556766e-05,-4.312677e-05,-0.0002845039,0.00083903363,-0.00076662615,0.00020026813,-9.561882e-05,0.001334368,7.3436304e-06,-0.00061014935,0.0033406457,1.1677039e-05
-0.61771464,0.18978544,-0.34941712,0.0067354282,-0.042143542,-0.028726868,0.11534555,-0.0036991625,-0.008188655,0.009386062,-0.0025346521,-0.0037777924,-0.037440144,0.09779266,-0.0049339035,-2.5392823e-05,-0.0010891733,-0.025377806,-0.13371551,-0.024707936,-0.0002832085,-4.0093146e-05,0.0013366783,0.0003350473,0.00075265917,0.0,-0.0009191154,0.00029323832,-2.1826258e-05,4.148508e-05,-0.00059917016,1.0318435e-05,0.0008258129,0.035900954,-0.0022473265,0.1658958,-0.03620774,0.01580727,0.001093456,-0.044906247,-0.00035336925,-0.001715754,0.0019186384,0.0073094126,0.025225751,-0.0009748508,0.0040758653,0.018886704,0.00040202256,0.043219555,-0.134422,-0.007150789,0.0006644262,-4.4380067e-06,0.0011532787,0.0,-0.00067943754,-0.00071711955,-0.0010208947,0.00014196095,0.00012300305,0.0023854,-0.00012708905,-3.4081437e-05,-0.00024009748,-0.0005032787,-0.00029333524,0.0011977662,0.0031683145,0.001903716,-5.790025e-08,-0.00021080182,-0.0009527881,-3.0548985e-05
0.87202364,0.36129454,-0.31424493,0.042689845,-0.04742433,-0.027400943,-0.13010216,0.08468766,0.0045340746,-0.006694126,0.06299077,0.23197134,0.04312152,-0.13237296,-0.046650343,-0.0025473475,-0.009327941,0.010063099,-0.05687265,-0.010685619,-0.0037852507,-0.0003544186,-0.00585599,-0.007549718,-0.0004898504,0.0,-0.00081503385,-0.002038495,-1.2753713e-05,-0.0020069613,-0.0003185759,1.7801067e-06,0.00024536278,0.005658433,-0.007331632,-0.10111648,-0.030824922,-0.8118838,0.007922024,-0.015455813,-0.000127437,-0.0016060115,0.0013679035,0.0043913266,-0.017422112,-0.0011843962,-0.03628486,0.008747399,0.00012310703,0.020847734,0.15896206,0.0037940666,0.00024554203,-1.9623727e-05,0.002104337,0.0,-0.00018251695,-0.0016241214,0.0013238372,0.0044478523,-0.00083354826,-0.01385224,-8.450651e-05,-0.00018352874,-0.00032717013,2.4542813e-05,-0.00058283925,0.00024919258,0.0022442257,0.00020964982,4.3583786e-06,-0.0006209902,-0.004302481,-9.50329e-05
-0.53712124,-0.030188391,0.39458114,0.007956477,-0.044037096,-0.0023724511,0.16433431,-0.032212142,-0.0049757604,-0.008889724,-0.06417557,-0.039195202,-0.014015108,0.075649194,0.0476631,-0.017696807,-0.0042763967,-0.018460091,0.37656036,0.057943594,-0.0031059762,-7.888222e-05,0.00094755273,-0.0011635898,0.0009094052,0.0,-0.00068303477,0.00053151156,-1.8373064e-05,-0.00011012067,-0.00020334731,1.9558294e-05,0.00058471767,0.029855462,-0.0044106576,0.13511762,-0.02186903,0.014488306,0.0031829174,-0.026842799,-0.00018732114,0.038845558,0.0023804875,0.0046832236,-0.041755576,-0.0005953269,0.0048658773,0.015164934,0.0004056971,0.047629196,0.23511466,-0.0005465816,0.00012589933,-4.338818e-06,0.00031843493,0.0,-0.00017876101,-4.654038e-05,-0.001229871,0.00027498906,-0.0007167569,0.002384478,-9.6389675e-05,-3.3061973e-05,-0.00017522903,6.663943e-05,-0.0005191859,0.0013683607,0.0007209341,0.0025585804,4.3583786e-06,-0.0001352204,0.0029087374,0.0002618563
0.28699335,-0.22635897,-0.45525324,0.00460894,-0.055024832,-0.024937082,0.20188057,0.010533832,-0.0070845042,-0.0115856845,-0.011530484,0.021873035,0.024400992,-0.17375067,-0.003512708,-0.009619681,-0.0016823205,0.012896695,-0.08116815,-0.012403092,-0.0020200552,-5.2716045e-05,0.00012764073,-6.4586726e-05,0.0013134858,0.0,-0.0009008842,0.0011073094,-0.00011326402,-0.0010093385,-0.00027421725,1.6259169e-06,0.0006352665,0.017865289,-0.0077874837,0.20106705,-0.018502995,0.015612565,0.0056521227,-0.022051418,-0.00016327715,-0.0011175342,0.002520883,0.00490025,0.058883797,-0.00074945606,0.0022430348,0.014205633,0.00041649587,0.02597792,-0.16871165,-0.0018234544,0.0003683182,-4.338818e-06,0.0008120717,0.0,-0.00045753494,-0.00033528032,-0.0005463071,0.0008686633,3.7876816e-07,0.0015504621,-9.772476e-05,-0.00025551967,-0.000115029696,-0.00015521965,-0.00036307465,-0.011659524,-0.014054127,0.0017904683,4.3583786e-06,-0.00033228975,-0.009204611,-0.0010512002
0.30061525,-0.30752212,-0.3987564,-0.0010248017,-0.053611677,-0.038902372,-0.013385524,0.03903864,-0.009227385,-0.0035616783,-0.024885641,0.033136867,-0.03984563,-0.13921688,0.013490671,-0.01096976,-0.0010835219,-0.030674355,-0.11767863,-0.015327814,0.00105496,5.2038078e-05,-0.00326394,0.0003919515,0.0026789713,0.0,-0.00077949115,0.0011332495,-4.1094536e-06,-0.0005382711,-0.00014367957,-1.8484585e-05,0.00048752656,0.024064975,-0.007932759,0.23786785,-0.019197125,0.022950962,0.004688506,-0.021279396,-0.0002912785,-0.0023400825,0.002251636,0.005070893,0.06682149,-0.00029882308,0.0006006877,0.01919903,0.00038531172,0.028766975,-0.1466998,-0.002884854,0.00030270728,-4.338818e-06,0.0028095252,0.0,-0.0004968751,-0.0003645429,0.00017742271,0.0006059126,-0.0016975249,0.0016243798,-8.8382294e-05,-3.997834e-05,-0.00010471543,-6.2654544e-05,-0.00025090054,0.00020390323,0.0033420704,0.0024320194,4.3583786e-06,-0.00016194921,0.0056260806,0.0015996392
-0.47816807,0.17751527,-0.38317293,0.0025513247,-0.040703032,0.0029588242,0.01920288,-0.006969119,-0.003462505,-0.019383049,-0.010264404,-0.059990603,0.013390702,0.15547223,0.012490725,-0.0057262387,0.0012963569,-0.0082047945,0.40620673,0.045146562,0.0016267982,-0.0004891868,0.0013698253,9.82018e-05,0.0016164805,0.0,-0.00072919123,0.0007113512,-2.2959304e-05,0.010296099,-0.0002940296,1.1815674e-05,0.00079436117,0.031909563,-0.0020258743,0.20260347,-0.0338428,0.018763708,0.0011207502,-0.024444768,-0.0003250779,0.058648415,0.0014840055,0.008272888,-0.053475607,-0.0013491104,0.0046809306,0.0181142,0.00035430928,0.05366335,-0.08734186,-0.0019077841,0.00027495204,-1.9623727e-05,0.0012597328,0.0,-7.401361e-05,-0.0008056878,-0.0013882014,0.000103754224,-0.0019426057,0.0026811103,-0.00011075307,-3.362723e-05,-0.00032037863,-9.377795e-05,-0.00068515,0.001992673,0.0067199166,0.000530722,4.3583786e-06,-0.00011443552,-0.004097118,-0.0002531442
-0.661486,0.15281937,0.26255095,-0.0034415955,-0.025268877,0.00031454363,0.12428811,-0.0022436595,-0.0054452685,0.013867027,-0.018915411,-0.0018578061,0.009671272,0.22784142,-0.00417206,-0.007374766,0.00427921,-0.02562272,-0.1586376,-0.025892444,-0.001478489,-7.632629e-05,0.0010537781,-6.7669076e-05,0.0011547812,0.0,-0.0010277346,4.9479648e-05,-1.8621033e-05,-0.00017235284,-0.00023119744,1.26339355e-05,0.00086019107,0.026913414,-0.0044794646,0.121920906,-0.04753446,0.017154017,0.0025845172,-0.037779156,-0.00031424747,-0.0016450081,0.0014634685,0.004811363,0.01743612,-0.0007115868,0.0056228945,0.012243995,0.00036111491,0.05265792,-0.17458165,-0.0034003865,0.00049667055,-4.4329404e-06,0.00011847067,0.0,-0.00017602756,-3.4555822e-05,-0.0009892251,0.0004052193,0.00018398298,0.0026174027,-6.48602e-05,-3.5432386e-05,-0.00024107995,-0.00012658298,-0.00027834688,0.0015070712,-0.002042978,-0.0068087364,4.3583786e-06,-0.00024200339,0.0007856074,-5.9422353e-05
-0.4544956,-0.057864547,-0.31206083,-0.0036838183,-0.068342194,-0.037753,-0.5422413,-0.017644627,-0.0069034714,0.005558531,-0.027873421,-0.049184017,0.0019304767,-0.27669135,0.0053783525,-0.01375753,0.0020652455,-0.033961337,-0.10620669,-0.01914604,0.0078121126,0.001190218,0.0028384698,-0.00034970485,0.003182768,0.0,-0.000971779,-0.0019454751,-5.0323433e-06,-0.00080844166,0.040813476,8.157735e-06,0.0010061159,0.018176977,0.013623366,-0.13968293,-0.025266526,0.014208762,0.0062276917,-0.024857737,-2.6672915e-06,-0.0038523173,0.0019146184,0.0034091994,-0.051404946,-0.0013039593,0.0027729326,-0.17330286,-0.00047491086,0.029427338,-0.10162418,-0.00695231,0.00037548874,-4.338818e-06,-0.0017590774,0.0,-0.00019650279,-0.0002976634,0.0012734958,0.0005471483,0.0010702929,0.0036517724,-7.9823025e-05,-6.230429e-05,-0.00014769935,-0.0003301489,-0.00062423694,0.00044231553,0.0016203383,0.0011503763,8.920879e-06,-0.00031063505,-0.008741102,-5.850062e-05
-0.099592865,-0.07175183,-0.36074933,-0.006064945,-0.053538386,0.021255754,-0.25582734,-0.0039041338,-0.004200229,-0.007928394,-0.0007444293,-0.012710109,0.028923495,0.15868579,-0.0084993215,-0.010791835,0.00063236896,-0.030220512,-0.10554217,-0.014355641,-0.0033210649,-0.0011688689,0.0022438886,-0.00017440075,0.0014181294,0.0,-0.00052113744,0.0009065337,-4.235142e-06,-0.0007461287,-0.0025064172,9.217542e-06,0.0012024648,0.02437837,-0.00057998684,0.16907488,-0.031243794,0.021352956,0.004614682,-0.02470568,-0.0002064654,-0.004263196,0.0023486968,0.0072244275,-0.060947873,-0.0012032451,0.004346808,0.013557275,-0.019131608,0.05027426,-0.09663607,-0.0025518856,0.00045518138,-4.338818e-06,0.0006139727,0.0,-0.00019012886,-0.00036160203,-0.00039132603,0.00042049642,-2.7600428e-05,0.0018941207,-0.00020114469,-3.8541257e-05,-0.00014550019,-4.8825415e-05,-0.0003119956,0.00022143537,0.0022914635,0.0015365946,7.343631e-06,-0.00060431304,-0.010128382,-0.00011310659
0.3946419,0.03278249,0.44310284,-0.0026281294,-0.030436913,-0.0033446522,0.11725211,0.012499278,0.0007781155,0.0034480859,-0.020416848,0.08059098,-0.0029871177,0.05239024,0.05845201,0.0365925,0.00084198226,-0.016075684,0.33809647,0.046455424,0.0007127416,-6.5211043e-06,0.0008765743,-0.00096409884,0.00077374955,0.0,-0.00042343928,0.00017611176,-9.615169e-06,-0.00028747786,0.001098349,2.1022681e-06,0.0003876057,0.02003454,-0.0044854037,0.12918447,-0.028912494,0.019160984,0.0008692028,-0.011377262,-0.00052104244,-6.345767e-05,0.0025639595,0.004059595,0.025960257,-0.00042562585,0.0024690828,0.015479649,0.0022651742,-0.10584545,-0.16005962,0.0021392019,0.00023443197,-4.4380067e-06,0.0011305107,0.0,-5.871524e-05,-3.5893332e-05,-0.0016715098,0.0010330209,-0.0004034106,0.0025124818,-0.00029756263,7.3571337e-06,-0.00013419645,9.363228e-05,-0.0004939904,0.0005258364,0.00035720065,0.0011078329,4.3583786e-06,-0.00045333535,0.0043028393,0.00034367602
0.30842718,0.15965039,-0.33443162,-0.0021956908,-0.052699674,0.0010577699,-0.056240458,0.0041202395,-0.002738534,0.004943566,-0.005285669,-0.021073906,-0.008232748,-0.15389866,-0.00814494,-0.096531205,-0.0067262123,-0.033625174,-0.087309,-0.01275489,0.0030172,-0.00027704804,-0.0056847995,-0.0030724788,0.0009967363,0.0,-9.066131e-05,0.00038965238,-9.993784e-06,-0.0011823365,-0.00016424604,9.126002e-06,0.00051276205,-0.076137535,-0.005372613,-0.11207588,-0.025398675,0.026376147,0.0071122325,-0.021921732,-0.00023148388,-0.0050078984,0.002687593,0.005153923,-0.07053435,-0.001342914,0.0014419289,0.015743434,-0.017996395,0.049149163,-0.11992999,-0.0048102806,0.00023554025,-1.9623727e-05,0.003031269,0.0,-9.186075e-05,-0.000279354,-0.00029882064,-9.606432e-05,-0.00023939135,0.0025758697,-0.00019139315,-4.247169e-05,-0.00029002197,-0.00010826846,-0.0005635592,0.00032766894,0.0014727783,0.0035447045,4.3583786e-06,-0.000548676,-0.00511328,-0.00012531847
-0.6125491,0.15548815,-0.21523584,0.0064296224,-0.041069563,-0.0088249,0.14385656,0.00575995,-0.0039935214,-0.04208489,0.0048534684,-0.00037206267,0.022986162,0.103750944,-0.004795664,-0.016413646,0.0007377547,-0.043047994,-0.13812973,-0.02259687,-0.001532349,-0.00021877955,-0.0034942967,-0.0029151589,0.00090054644,0.0,0.019722393,0.0060999095,-0.0002788309,-0.00074293435,-0.0001923843,1.5622818e-05,0.00097031705,-0.24876715,-0.0040785656,-0.15061113,-0.046326023,0.016582005,0.0047894833,-0.029855045,-0.00015375533,-0.006823419,0.0010046606,0.006990664,0.027943946,-0.00083689357,0.00677076,0.016129304,0.00031160415,0.034381244,-0.12244619,-0.001946831,0.00041162284,-1.9623727e-05,0.0014974864,0.0,-0.00017433337,-0.00038742475,0.037119508,0.00087685965,-0.00028141864,-0.014147605,-0.00019561822,-3.895613e-05,-0.00029152533,-7.747435e-05,-0.0003602263,0.000958664,0.00053454336,0.0017234638,4.3583786e-06,-0.00024064061,-0.0011873714,-7.563738e-05
0.72742647,0.17702822,-0.25599444,-0.009531478,0.18518223,0.013493927,-0.09018359,0.0042758686,0.018126851,0.056000188,-0.0054293033,0.011210697,0.049854003,0.09841012,-0.13593073,-0.015260459,-0.01074497,-0.017856613,-0.06652544,-0.008389658,0.0012220107,-0.00022427323,0.0024348937,2.6716203e-05,0.0015479225,0.0,-0.00014492343,-0.0017897164,0.00018116123,0.00053666567,-1.858016e-05,2.673044e-05,0.0003348282,-0.07257975,-0.004856781,-0.09190856,-0.02804226,0.019149445,0.0052876845,-0.016778369,-0.0001223996,0.025877891,0.0013585214,0.007996386,-0.041041333,-0.0008085363,0.0018723693,0.013501947,8.859079e-05,0.02024049,0.17026243,0.0005325647,0.00011399174,-2.5785464e-05,-0.045615494,0.0,-0.00010687131,-0.00021687872,-0.0069311014,-0.00072979054,-0.00078930875,0.007699181,-8.1393664e-05,-4.6652272e-05,-0.0002852321,-7.087688e-05,-0.0006382177,0.00012780898,0.0008432647,0.0069949897,0.00017142916,-0.0002923439,0.0029440492,0.00017883121
0.07477852,-0.036446404,0.21767461,0.012387068,0.32746753,-0.00702274,0.39166996,-0.026450468,-0.0033321732,-0.0498551,0.015705856,0.049904842,0.0123205045,0.28454396,-0.0062617934,-0.0050607356,0.0047019646,-0.029819326,0.27644897,0.057359025,0.00032614876,0.00015399509,-0.017863903,0.026170403,0.0057086963,0.0,-0.00064464216,9.823422e-05,-0.00010141555,-0.0005068979,-0.00021394309,8.085567e-06,0.00026224888,0.005102163,-0.004515678,-0.061042245,0.16572355,0.016120339,-0.0005977966,-0.014757228,-0.00012623379,-0.0024180415,0.002701916,-0.24553193,-0.026122786,-0.0007590385,-0.0005400745,0.014533097,-2.1494729e-05,0.018290969,0.22959143,0.0012645768,9.938562e-05,-4.4329404e-06,0.0015868201,0.0,-7.04599e-05,0.000105566556,0.0005811261,0.00058929547,0.003927243,-0.028799737,-0.00031197732,-4.236914e-05,-9.236734e-05,-0.0019235061,-0.0009096728,0.00028410443,-0.00015468235,0.004289651,7.2007024e-06,-0.00041783584,-0.0057653817,0.0034392301
0.44292542,0.09632134,0.26536047,0.0027050136,-0.041256115,0.030660084,0.33254045,0.0018797059,0.015842991,-0.01876851,0.004280431,0.07129694,-0.015345853,0.41104987,-0.0025600865,0.0047296383,0.0005374867,-0.059399363,-0.07662369,-0.011188754,0.00030003945,0.00035705158,0.0011340496,-0.00019234834,0.0010432487,0.0,-0.00038858005,-0.0025852413,-2.9729324e-06,-0.0008465784,0.00014494198,8.477262e-06,0.00034557292,0.014916036,-0.0048426753,-0.049915865,0.20509614,0.014102666,0.0005394468,-0.016539814,-0.00025156583,0.0014387387,0.0016585733,0.0031479301,0.019574294,-0.0005519691,0.0033045444,0.005523359,0.00043733642,0.019097859,-0.14390387,-0.012729952,0.0005987657,-4.4329404e-06,0.00032967445,0.0,-7.465259e-05,-2.5574354e-05,-0.0011377846,0.00021746047,-0.0005870646,0.0009690796,-0.00017821169,0.00015846181,-0.00020453794,4.0414838e-05,-0.00045459147,0.00031324557,-0.0010666201,0.0013450196,7.954296e-06,-0.00036084346,0.0013482665,-9.7317825e-05
0.29533058,0.17204826,-0.35683295,0.0018468841,-0.078816526,-0.03230189,-0.4330884,0.019630034,-0.0040062154,0.024062686,-0.008019357,0.00027140192,0.032559708,-0.36529,-0.016844772,-0.078450896,-0.0077510867,-0.031565018,-0.07721455,-0.010432081,-0.00055754744,-0.000120279605,-0.004693325,0.0014803482,-0.02105984,0.0,0.00020705695,0.00030541385,-2.468196e-05,-0.00047067192,-0.0019144842,5.0424665e-06,0.00036220282,-0.08099107,-0.027954036,-0.1191164,-0.024864292,0.019682791,-0.112472564,-0.021340646,-1.101138e-05,-0.006904917,0.001985051,0.0051527168,-0.07262381,-0.0012377197,-0.00047621745,0.008607566,-0.00020885312,0.033761505,0.1386101,0.004392158,0.00021644222,-4.338818e-06,0.0012782264,0.0,-9.186075e-05,-0.0001387535,-0.017988715,0.00036918605,0.00010403868,-0.018138552,-0.000109970846,-4.15205e-05,-0.00019965172,-0.00056898943,-0.0002597881,5.8611156e-05,0.0020543237,-0.00012081677,3.2416856e-06,-0.0008191956,-0.007428384,-0.00010441302
-0.16731513,0.12603617,-0.1771089,0.0051934216,-0.037630573,-0.018184269,0.30059806,-0.0013700622,-0.0034856766,0.021151211,0.0041050767,-0.0019793152,-0.007201744,0.1719292,0.010302782,0.007672676,-0.012906225,-0.032698132,-0.09724623,-0.0151601555,0.003041185,0.0025292155,0.002040951,0.0004029154,0.0011706197,0.0,-2.1566197e-05,0.00050540053,-1.337118e-05,0.00067931495,-0.0012074922,9.986958e-06,0.0007962508,0.034863487,-0.0029228297,0.13418508,-0.039465584,0.015707606,0.0028654004,0.20609137,-0.0002928928,-0.0020578194,0.0023260203,0.005160312,-0.03141696,-0.0004885991,0.0038717662,0.020558987,0.00040997472,0.042054534,-0.15317076,-0.0028474268,0.00051634846,-2.0408525e-05,-0.00033509865,0.0,-9.18013e-05,-0.00017949715,-0.0002768437,0.0006380412,0.0005927408,0.00201868,-7.22329e-05,-3.7219415e-05,-0.0002817517,-0.00043657585,-0.00081155024,0.001019691,0.00019547404,0.0014865408,4.3583786e-06,-0.00029778684,0.0048291585,-0.00043688217
0.098033264,0.16107525,-0.21900511,0.02714812,-0.03878679,-0.006878997,-0.01647819,0.018298466,-0.0034344527,-0.027396541,-0.046255235,-0.048820216,0.04535046,0.09383169,-0.03326872,-0.010983958,-0.0028201318,0.012572475,-0.063781634,-0.009271664,-0.0016762369,-0.0010239983,-0.0010332245,-0.002863468,-0.00018371586,0.0,-0.0007688745,0.00021627799,-0.00011153042,-0.0013300707,-0.00013746406,1.5721213e-05,0.0006972386,0.017197343,-0.0035299505,-0.17848729,-0.045330234,-1.2241204,0.0020838652,0.2185088,-0.00026015964,-0.002975048,0.0019813392,0.00684671,-0.02542502,-0.00084531435,0.0040647658,0.0140429,0.00024012635,0.025982432,-0.09946272,-0.007205175,0.00038459143,-2.0431644e-05,0.0005812187,0.0,-8.340897e-05,-0.0027925642,-0.00042543872,0.00050675584,-6.980792e-05,0.0049221315,-0.00010901775,-4.2176176e-05,-0.00039127673,-0.00051756727,-0.0008570347,0.0007995029,-3.214863e-05,-0.0010258523,4.3583786e-06,-0.0006014794,0.0042277114,-3.6678393e-05
0.24306877,0.13233571,0.2798858,-0.001981905,-0.027720505,-0.0022084108,0.15117393,-0.00449465,0.015035141,-0.0070955856,0.009476672,-0.015165032,-0.0019825848,0.0881142,-0.006697475,0.023652472,-0.0007749313,-0.032371484,-0.07166388,-0.012196679,-0.0012305018,2.2060303e-05,0.0010752387,-2.0382595e-06,0.0010610615,0.0,-0.00033067787,0.00020529605,-0.00011055714,-2.8985152e-05,-0.00018235159,2.0142881e-05,0.00032713104,0.025493208,-0.004481735,0.1360111,-0.025587676,0.017166996,0.00077662745,-0.030348657,-0.00025849036,-0.00059090584,0.0026848763,0.0049022334,0.02919157,-0.0006444336,0.0024412568,0.017506052,0.0004269774,0.04781063,-0.16760707,-0.0052208686,0.0005077276,-2.0431644e-05,0.0010878912,0.0,-5.6459012e-05,-0.000422507,-0.00021185158,0.00033858663,-0.00032575792,0.0012887703,-7.641982e-05,-3.3904333e-05,-0.00028122828,0.00013429207,-0.00075443,0.00023084666,0.00027204474,0.0023289062,4.3583786e-06,-0.0002924601,0.0023831942,0.00014004548
0.20260991,0.13894947,0.29497477,-0.0025298086,-0.03844655,0.035118874,0.1613079,0.018001076,0.00019864214,0.00069359085,-0.015330226,-0.015999524,-0.001183177,0.13589917,-0.0063984226,0.005123324,-0.0005012885,-0.03249458,-0.07484072,-0.013562129,0.00044938762,-0.00016972679,0.0012121585,-8.906825e-05,0.0010622293,0.0,-0.00019780734,0.000108442226,-0.000112032736,-0.001220449,-8.55666e-05,6.887252e-05,0.00043890002,0.027667826,-0.0043617818,0.14666674,-0.01874175,0.015764391,0.0030646746,-0.017456291,-0.00025653967,-0.00027487523,0.0028153541,0.006179231,0.02438474,-0.00040053992,0.0021942423,0.019236904,0.00030933289,0.045711555,0.26775426,0.0042571886,0.0004964707,-2.0408525e-05,0.00080761645,0.0,-8.583879e-05,6.1415274e-05,-0.0006532349,0.00056045386,-0.00028439992,0.0008106542,-4.8694757e-05,-5.3190193e-05,-0.00028326025,0.00055659714,-0.00072878343,0.00049074815,0.00021239773,0.0014290159,7.954296e-06,-0.0006187706,0.0040031765,6.0864077e-05
-0.48295456,-0.006419209,0.22615856,-0.0011593,0.3100345,0.0631502,0.33409894,0.022819158,0.023094622,-8.204156e-05,-0.06494861,-0.045467544,0.0036486082,0.4568048,-0.009090454,0.027764209,-0.010946787,-0.022412218,0.37531775,0.051099982,-0.0010382684,-0.008049051,0.0013368544,-0.00076467305,0.0009835621,0.0,-0.0005465025,0.0011725785,9.413159e-07,-0.00027932617,0.0014343949,2.182252e-06,0.0007268681,0.023465773,-0.0046269665,-0.07664123,0.1845091,0.015266807,0.0007504696,-0.015820308,-0.00034162746,-0.0019249659,0.0018670952,0.004691899,0.00888703,-0.0002730169,0.0032342395,0.0043966286,0.0003271325,0.050098255,0.21174005,-0.00023680729,-5.477012e-05,-4.4329404e-06,-5.547838e-05,0.0,-0.000111750545,0.00012807219,-0.0011071293,7.297723e-05,-4.5131415e-05,0.00030923108,-0.00012156357,-3.760091e-05,-0.00016563278,0.0008407493,-0.0008561297,0.0014198616,0.0008197182,0.0045043393,9.421145e-06,-0.00024178751,0.0013270786,-0.0004519521
-0.12428124,0.10817357,0.33237404,0.004651935,-0.025631007,0.008112105,0.23269953,0.0074668145,-0.0043398454,-0.01215376,0.008513411,-0.021792956,0.010867787,0.22550485,-0.014433965,0.036646366,0.0042868676,0.008857045,-0.09657363,-0.013232217,0.0033666214,0.0033265306,-0.003962903,-0.0005901065,0.0010548079,0.0,-0.00027138335,0.00026442748,9.831731e-06,-0.0024234247,-0.0002901752,2.1624519e-05,0.0004970044,0.018715939,-0.005173402,0.10765817,-0.03108387,0.010591055,0.0012266076,0.1710323,-0.0002822058,-0.0020183993,0.0020762659,0.00242675,-0.027745206,-0.00054507767,0.0035769583,0.0139090475,0.00043953417,0.04588098,-0.15096787,-0.003104147,0.00048229232,-2.0408525e-05,-0.00045514692,0.0,-7.6695185e-05,-0.00012186397,-0.00089359103,0.00051726424,0.00081642496,0.0016506894,-7.6408935e-05,-0.0002503988,-0.00028150325,-0.0004015994,-0.0008157201,0.0016825132,-1.22715965e-05,0.00042441906,7.954296e-06,-0.00054017274,0.0025076875,-0.0032756124
-0.6049184,0.17725435,0.28438908,-0.003934811,-0.034671452,0.0037280829,0.1321623,-0.015924687,0.006202838,-0.002944281,0.03147981,-0.024253048,0.0019666392,0.0808028,0.0054706573,-0.041940257,-0.0014980463,0.00032963871,-0.1445194,-0.026440598,0.00076379767,-0.00018408941,0.0030367707,2.9896119e-05,0.001843551,0.0,-0.0005156313,9.656714e-05,-2.0137173e-05,0.00074416783,-0.00029415262,1.0557902e-05,0.0008475198,0.028376477,-0.0045506377,0.13910897,-0.03167886,0.015505833,0.0029044745,-0.04101444,-0.000295197,-0.000938387,0.0025888602,0.0046488047,0.023196178,-0.00053915015,0.0052486937,0.02015694,0.000289553,0.049380228,-0.1466878,-0.004650002,0.00036051025,-4.338818e-06,0.0017681526,0.0,-0.0005999821,3.1045318e-05,-0.0007379469,0.0005596153,0.00013807914,-0.00039156462,-7.308023e-05,-3.397124e-05,-0.00026578677,-8.1831095e-06,-0.00039042076,0.001597925,0.00043173248,0.00073028303,7.954296e-06,-0.0003373638,-0.0027243728,-0.00021611893
-0.5196234,0.17845869,-0.3775796,0.0023146493,-0.04076907,0.036173876,-0.059469238,-0.0014984543,-0.0038949316,0.024164733,-0.019289305,-0.04709414,0.018437162,-0.20104937,0.0006955882,0.041582696,0.0055164667,-0.010704976,0.3571858,0.056608073,0.0029751905,0.0028739618,0.002631546,-0.001512732,0.0022800846,0.0,-0.000867085,-0.00056326925,-0.00028816977,0.00062398164,-0.0024530934,4.9839846e-06,0.0011146845,-0.09062502,-0.006544378,-0.13904803,-0.029932173,0.017063884,0.0021109264,-0.01824143,-5.8607053e-05,-0.0136893215,0.0019284482,0.006518506,-0.04266702,-0.0012248935,0.0038600168,-0.1808009,0.00017719257,0.028550843,-0.08450935,-0.005404992,0.00052051665,-4.338818e-06,-0.019476136,0.0,-7.248924e-05,-0.00032709376,-0.0009354148,-3.9907136e-05,-0.00033257014,-0.0045011304,-0.00014533501,-6.0164806e-05,-0.00018043228,-0.00027834479,-0.00039328635,0.0006227497,0.0010094905,0.001191143,4.3583786e-06,-0.00022346349,-0.00022117667,-9.6545176e-05
0.53774756,-0.29231694,0.35124624,0.012883612,0.39602843,-0.017313423,0.40423256,-0.03839264,-0.010962117,0.00860216,0.04650442,0.08083072,0.0036395772,0.4062717,-0.0075299856,0.0087136,-0.0004959613,0.016986273,-0.076940246,-0.009286241,-0.0017942988,-6.695672e-05,0.00277333,-0.001754918,0.0017999447,0.0,-0.001164208,-0.0026081065,0.00013521113,-0.0011806013,-7.710169e-05,-6.656603e-05,0.00024647143,0.012155162,-0.004806905,-0.059811655,0.17926608,0.013611183,8.766889e-06,-0.02525981,-0.00022331552,-0.00044939434,0.0022581,0.0025847016,0.016680732,-0.000605308,-3.1990705e-05,0.013087638,0.0003031057,0.02531508,0.23431359,0.0019156907,0.00014885768,-4.4329404e-06,0.0012221918,0.0,-0.00013299237,0.0011217705,-5.5914454e-05,6.248766e-05,0.0003213307,0.0016122225,-0.00024891854,-3.4483528e-05,-8.835033e-05,1.43902e-05,-0.0011369579,0.000263017,0.011260253,-0.009391171,-6.4560772e-06,-0.00028676813,0.005303617,2.0819672e-05
-0.09134104,-0.09197984,0.31924355,0.009749775,-0.038309388,0.01859103,-0.017661314,0.018694352,-0.0006062643,-0.0024602409,0.030483589,-0.007713815,0.0030302298,0.16525368,-0.008536778,-0.00069473265,0.0016448321,0.011642116,-0.14210762,-0.015705338,-0.0020452766,-0.00024286634,0.0014414159,-0.000106903695,0.0011581952,0.0,-0.0003696648,-6.971838e-05,-1.2574315e-05,-0.0010422535,-0.00018434814,1.5681586e-05,0.0008384444,0.020578785,-0.008670713,0.15062037,-0.022966193,0.017775707,0.0028900516,-0.017874876,-6.69031e-05,-0.0025824185,0.0031637314,0.0048253536,0.031438615,-0.00043059728,0.004508695,0.012296992,0.0003870601,0.035873625,-0.14569283,-0.005022327,0.0004296632,-4.4329404e-06,0.0010000231,0.0,-0.00020790553,-7.127938e-05,-0.00038883655,0.0006426367,-9.770954e-05,0.0012173981,-8.224223e-05,-5.1872325e-05,-0.00014526478,8.087133e-05,-0.00045926007,0.0005863167,0.0010265685,0.001870851,7.954296e-06,-0.00059974333,0.0035981794,0.0017251099
-0.44273326,-0.42732394,-0.41322103,0.0023700483,-0.09791728,0.0045837266,0.17688052,0.019727575,-0.0073430445,-0.028530695,0.09127256,-0.017824495,0.02174886,-0.17763028,0.042240754,-0.006172178,-0.002077497,-0.006439244,0.41739732,0.060901124,-0.002242537,-0.00043320525,-0.0011891105,-0.0009496147,0.0012357892,0.0,-0.0011189701,0.0013282554,-1.9565116e-05,-0.00013519208,-0.0004891804,2.777987e-06,0.0007725343,0.02653622,-0.0044189235,0.21395157,-0.025673706,0.0142643945,0.003135275,-0.023195023,-9.655079e-05,-0.0016454618,0.0024218785,0.0036209817,0.024396712,-0.00019992961,0.005135079,0.012680946,0.00067742815,0.031812355,-0.14272007,-0.0076303873,0.00019843121,-4.338818e-06,0.000905943,0.0,-0.00011935676,-0.00020285192,-0.0016646858,0.00082330545,-0.00031674324,0.007490783,-0.00012295986,-0.00013787262,-0.00012885325,-9.9320125e-05,-0.00027365002,0.001060314,0.0018412945,0.0026740953,-2.5544621e-05,-7.720319e-05,0.010895768,0.001835289
-0.44135433,0.30439284,0.0007463266,-0.004635975,-0.03443929,-0.00667147,-0.29465702,0.012416134,0.0045540477,-0.0026238628,0.036404483,-0.011069957,-0.0060673924,-0.26619193,-0.012116691,-0.15265696,-0.00024557835,0.0051390273,-0.17643695,-0.042859238,-0.0010558845,-9.445634e-05,0.0025525913,-0.0006132859,0.0016042148,0.0,-0.0005843295,0.000175625,-9.6553185e-06,-0.0003330221,-0.00038748502,7.635263e-05,0.00070625363,0.016947994,0.02818057,-0.15293746,-0.023267046,0.017453723,0.004683788,-0.028858436,-7.22066e-05,-0.0006654557,0.0018748502,0.0028895438,0.010680121,-0.0013895135,0.0016792918,0.0064012636,-0.00021960579,-0.18705204,-0.09475336,0.0018030833,0.00013095117,-1.9623727e-05,0.0018400358,0.0,-0.00017663509,-8.069845e-05,-0.00035099537,0.00018929754,-0.0007313626,0.0024757262,-0.00022076785,4.0337554e-06,-0.00022738405,-9.130631e-05,-0.0004021037,0.0008854964,0.00047475216,0.0013409837,7.343631e-06,-0.00015380635,0.00054979074,0.00014796946
-0.5791997,-0.24969797,-0.16622046,-0.005610418,-0.043231867,-0.044154312,-0.010195059,0.004887127,0.0026608224,-0.025170393,0.030298421,-0.026471838,0.0050668805,-0.17728776,0.0011080606,0.04171628,0.00032380773,-0.03790264,-0.21081942,-0.025373287,0.0024608758,-0.0002607125,-0.0038635314,-0.00038998944,-0.043108303,0.0,-0.0016136988,3.6324214e-05,-9.196135e-07,0.00015950057,-0.0003951931,7.2961443e-06,0.0010107264,0.026170071,-0.0050926856,0.26393336,-0.025063116,0.01884285,0.0015585707,-0.030066833,-0.0002506039,-0.002538481,0.0032063718,0.0072707976,0.043062273,-0.000850505,0.00491032,0.014815802,0.00044073595,0.037040353,-0.13482933,-0.0026947926,0.0003790513,-4.338818e-06,-0.028204143,0.0,-0.00019251088,-0.00021687297,-0.00023055935,0.00044746953,-1.9195666e-05,-0.013710434,-7.5493146e-05,-5.448792e-05,-0.00011133766,-0.00055107044,-0.00048376026,0.0015313234,0.0026426455,0.0036402945,3.852351e-06,-7.322124e-05,0.0065832576,5.1002404e-05
0.6503772,0.08766296,-0.36472598,0.0021407506,-0.10478143,0.029272884,-0.44375524,0.0034389049,-0.0041170823,0.020141695,0.011907405,0.15567316,-0.007584199,-0.3569327,0.019434348,-0.040894467,-0.0014539093,-0.03826989,-0.09425096,-0.012128186,-0.001041778,-0.0020792503,0.013519824,-0.00332682,0.0020625545,0.0,-2.2786942e-05,-0.002037367,-1.8269877e-05,-0.00072512263,-0.0018897817,-3.4356708e-07,0.00040803474,-0.059848126,-0.026476685,-0.09168133,-0.028760992,0.016273636,-0.07624696,-0.017004251,-4.7742175e-05,-0.0033961635,0.0017258455,0.0027641533,-0.051225603,-0.0008940372,-0.0018582533,0.008141739,4.699276e-05,0.023159133,0.1328466,0.008192383,-1.1469523e-05,-4.338818e-06,0.0037546116,0.0,-0.00020615394,3.2999153e-05,0.0010624129,-0.02015708,-0.0017593575,-0.007818136,-7.420124e-05,-4.513788e-05,-0.00016480248,-6.634709e-05,-0.00025846693,-0.0002980056,0.0017528571,0.0042383927,8.920879e-06,-0.0006793511,0.0043449095,0.00034815382
0.22874905,0.1717495,0.28785416,-0.009456537,-0.03164158,0.00023287188,-0.10164791,0.005527279,-0.006304004,-0.0025864535,-0.0078348,0.00058060855,0.011339548,0.1426137,0.011195007,-0.01716678,0.00034966745,-0.04688322,-0.092564195,-0.014655594,-0.003408607,-9.190327e-05,-0.005960719,-0.000534727,0.00065246655,0.0,0.000469274,0.00022381218,-1.4512895e-05,-0.0006574441,0.0006435269,0.00011444637,0.00036182135,-0.11917467,-0.0045840954,-0.12497859,-0.023109999,0.028379291,0.0035460612,-0.019321848,-0.00033673618,-0.0041168826,0.0027296664,0.0046926835,-0.054690313,-0.0009641242,-0.05586723,0.014509018,0.0016571966,-0.18094324,-0.13041574,0.001009524,0.0004098402,-4.338818e-06,0.0022868817,0.0,-0.0002073723,-3.953485e-05,-0.00058211695,0.00073955604,-0.0054817395,-0.0017851891,0.010764214,-0.0005809846,-0.00021876353,-9.593063e-05,-0.00045177623,0.00014181907,0.00041686016,0.0033748741,7.954296e-06,-0.0006552385,-0.001606681,-9.417343e-05
0.79917914,0.31286272,-0.3148771,0.0063704536,-0.039081123,0.048977915,-0.011290368,-0.024074957,-0.0002370064,-0.0030397945,-0.027677003,0.2066814,-0.021491373,-0.13419381,-0.023953015,-0.0010805773,-0.0026214928,-0.034166418,-0.060807947,-0.008811815,-0.0021521524,-0.00083348644,0.0030853597,0.00013734934,0.00089601247,0.0,0.00085859926,0.0003314479,-2.6356798e-05,-0.0004337384,-0.00035792115,-4.225375e-06,0.0003724365,-0.07215655,-0.007404615,-0.077198096,-0.032115024,0.018073263,0.00094021414,-0.015277359,-0.00034196777,-0.0027010443,0.00080763147,0.0063618054,-0.03584423,-0.0006222388,-0.03697665,0.013232926,0.000118487435,0.022945061,0.1574867,0.0028620118,0.00012627836,-4.338818e-06,0.005357049,0.0,0.007930235,-2.8415328e-05,0.00018505969,0.00050950097,-0.0034384301,-0.0010192147,-0.00015547645,-8.2286e-05,-0.00022013583,-2.2156084e-05,-0.0004289918,0.0001907809,-0.011223101,-0.03410507,-8.156212e-08,-0.0006527675,-0.009018787,-0.0011591489
0.1776859,0.17685626,0.070817426,-0.0019717317,-0.042638395,-0.0139685515,-0.38299632,0.023539368,0.0007039581,0.0006233535,0.011780776,-0.009515802,0.004036206,-0.35418722,0.010671149,-0.07238965,-0.0021807472,-0.032444213,-0.084458046,-0.0129710715,0.0010220616,-0.0002819085,-0.0090836845,0.0010151963,0.00045773172,0.0,-0.0002836128,0.00041703286,-2.4915542e-05,-0.0020905773,-0.0006908102,9.7995835e-06,0.00067128113,0.013811166,0.019473435,-0.15797949,-0.023725886,0.018877871,0.0067617474,-0.020754926,-0.00018727854,-0.0021642004,0.0035742535,0.0031927887,0.03582284,-0.001279765,0.0035929743,0.015916511,0.00018950563,0.06500337,-0.10425082,-0.0030924764,4.0247018e-05,-4.338818e-06,0.0019523809,0.0,-0.00016474258,-3.109026e-05,-0.00011949321,0.0002507913,-0.0003312711,0.0012111544,-7.421957e-05,-0.00014729028,-0.00031527667,-3.996253e-06,-0.00017420274,0.00017796419,0.0001788846,0.0006954304,4.5046e-06,-0.00048911804,0.007738912,-0.003252505
-0.5804103,-0.18443756,0.09837162,-0.0038536142,-0.054017894,-0.02887761,-0.32503146,0.018387334,0.0019368913,-0.020670373,-0.037307117,-0.05641561,0.0031170992,-0.3042566,0.047680464,-0.11920945,-0.00030227177,-0.023840949,-0.12521805,-0.014467296,-0.00074700353,-0.000110967005,0.002390961,-0.00034195423,0.0022681921,0.0,-0.001676481,2.6597718e-06,-0.0004489438,0.0005638096,-0.00029979963,4.256062e-06,0.00070875644,0.018877778,0.013675052,-0.15828899,-0.025878828,0.01631528,0.0043483977,-0.039551064,-5.634826e-05,-0.0028597969,0.002989904,0.0032916553,0.020792428,-0.0006643601,0.0041881935,0.00898982,-0.00021594568,0.060277693,-0.09608,0.0020728966,3.346798e-05,-4.338818e-06,0.00032712656,0.0,-0.00070453266,-0.0006912631,-0.00047628733,0.00027765243,-0.00014540118,0.00070924003,-0.00011319182,-2.3656297e-05,-0.00014349078,-0.00025265935,-0.00023679332,0.0005647623,0.00020211273,0.0014623068,2.90369e-06,-7.576958e-05,0.0012738189,9.787049e-05
-0.13832073,0.13441864,-0.0026979772,-0.004621521,-0.027509151,0.022586131,0.3508745,0.00965615,-0.006253392,0.016862048,0.027983248,-0.012090211,0.038119517,0.48056173,0.0017786126,0.015269121,-0.00011806822,-0.019962914,-0.09879911,-0.017375708,-0.0024878825,-0.00024955312,-0.0031233118,-0.0025239785,0.0011759355,0.0,-0.00026503045,-0.0011824837,-5.2058786e-06,-0.0015409257,-5.816865e-05,1.2071115e-05,0.0008608042,0.016577194,-0.0037683079,-0.06271512,0.26478344,0.016360525,0.00060121686,-0.027576223,-0.00032384094,-0.0018252701,0.0017968379,0.003313532,0.02273142,-0.0009201077,0.0051968554,0.014649493,0.00037809377,0.046859186,-0.17865066,-0.0023239648,0.00050462765,-2.0408525e-05,0.0002573586,0.0,-5.549398e-05,-0.00045840588,0.018400948,0.00074963644,0.0010473583,-0.0005896013,-9.648402e-05,-2.808873e-05,-0.00030935573,0.00011146363,-0.0008513805,0.0006264071,-5.700525e-05,0.0019964033,4.3583786e-06,-0.00052360166,0.00016434965,8.5675354e-05
-0.54517794,0.1759018,-0.32983345,0.0054669054,-0.06385642,-0.04574073,-0.32707947,-0.012395102,0.0012531364,0.0052560614,-0.021864936,-0.0006548332,-0.0039875465,-0.2637644,-0.02883611,-0.018207785,-0.0013342102,-0.013744121,-0.12239219,-0.012053661,-0.0002700771,-0.00085631816,0.003632034,-0.0009570293,0.002649387,0.0,-0.0008046762,0.00040420302,-1.8478842e-05,0.00054206996,-0.0026386145,4.2521942e-06,0.0014315813,0.013482096,0.008242158,-0.15048087,-0.026963042,0.015780868,0.0073200194,-0.027388265,-0.00015048805,0.034372814,0.0013971095,0.006292031,-0.035633016,-0.0012719177,0.0045757364,0.010513584,5.640843e-05,0.05120701,-0.100446664,-0.004018198,0.00040341326,-4.338818e-06,0.00090355286,0.0,-0.00027551068,-0.00030756288,-0.0005212965,0.0005727591,-0.0022794174,0.00329784,-0.00021799447,-3.465436e-05,-0.00023922467,-6.4980275e-05,-0.00021392448,0.00081762794,-0.00105936,-0.01131415,2.927352e-06,-0.00020033994,0.0011522748,-1.554664e-05
-0.6144551,0.15911369,0.39605007,-0.0029062398,-0.032969963,-0.0116313305,-0.2471521,-0.0073652337,0.0026661013,-0.013025823,-0.020132348,-0.009237638,-0.00036336403,-0.15917483,0.037459064,-0.028430017,0.0009947524,-0.01080607,-0.1524529,-0.018371744,0.0033623439,-0.00012143652,0.0015926141,-0.00022174523,0.0019732676,0.0,-0.000875533,-0.0024004795,0.0006020171,0.0004136721,-0.0010006228,7.672359e-05,0.0009067246,0.026223473,0.011095537,-0.13975725,-0.01810607,0.023159888,0.004394791,-0.024427999,-0.00035220748,-0.0011756809,0.001666106,0.003922108,0.018159593,-0.001140814,0.0037651355,0.012257307,0.00091389817,-0.19560233,-0.09162561,0.0017368331,0.00043651726,-4.338818e-06,0.0013236215,0.0,-0.00017663509,-4.500937e-05,-0.00029643538,0.00020501726,-0.0012691527,0.0036769297,-0.0001839797,6.8209956e-06,-0.0002201333,8.9810665e-06,-0.00022462152,0.0010802414,0.00055745896,0.0018393704,7.343631e-06,-0.00018830501,0.0016765757,0.000118104144
0.25438845,0.14733937,0.37577048,-0.0033544505,-0.02550465,-0.0029560493,0.13895728,-0.0033630668,-0.0010779726,-0.0015683785,-0.005812073,-0.022801103,-0.007559042,0.1345703,-0.00038867551,0.03861508,0.0007101927,-0.03239964,-0.070705295,-0.010931672,0.0012809068,-0.00040946077,0.0005960315,0.00014833057,-0.00036106267,0.0,0.0016050164,0.0002496763,-6.2109266e-06,-0.00025739198,0.0012210573,8.673667e-05,0.00031483528,0.02081021,-0.0037873904,0.12228229,-0.02708887,0.012590977,0.00090335245,-0.027779793,-0.0005018221,0.0007487319,0.0022142176,0.004900473,0.024214134,-0.00093663065,0.0014622502,0.011083147,0.0023250584,-0.19805086,-0.17394714,0.0010809711,0.00042436787,-2.0408525e-05,0.00078370154,0.0,-0.000104997795,-0.0004204997,0.0003640255,0.00033013802,-0.00048508798,0.0009194738,-0.00017752926,1.1528646e-05,-0.00019216439,2.9183917e-05,0.08366072,0.00015282701,-0.0010113044,0.0012691659,-5.790025e-08,-0.0003940265,0.0085912645,9.795152e-05
-0.61641186,-0.035590727,-0.30163908,-0.005684909,-0.057879586,-0.0052524116,-0.082034245,0.031073885,-0.00906263,0.028250877,0.021768913,-0.037487604,0.032551505,-0.16061313,-0.012851982,-0.026084958,-0.0054060705,-0.0108695645,-0.13228932,-0.018050654,-0.018435143,-0.0028918178,-0.0026625604,-0.0002991514,0.0014248417,0.0,-0.00041867216,-0.0009941175,-0.00027151164,-0.00052983646,0.013159066,8.578452e-06,0.00058145047,-0.11816219,-0.0056371647,-0.13837016,-0.027433386,0.018235,0.004706759,-0.032777097,-0.00030379783,-0.007672548,0.0017674348,0.0065716496,-0.048232447,-0.0013332777,0.004540599,-0.21510804,0.00013270833,0.028745543,-0.101424545,-0.008218645,0.00040614893,-4.338818e-06,-0.021996908,0.0,-0.00027551068,-0.00045274475,-0.0015942325,0.00032032156,0.00046019757,-0.0071322257,-0.00021801879,-2.2608452e-05,-0.00014711301,-0.00044172315,-0.0003477235,0.00048736614,0.0032855656,0.0025971,4.3583786e-06,-0.00018560803,-0.0023669961,-1.2391298e-05
-0.0049516587,-0.022945119,-0.20317225,0.0097504575,-0.056835398,-0.008917626,0.0111669125,0.00907154,-0.0014278118,-0.0002351944,-0.022325704,-0.014330992,0.030404653,0.086598106,0.005922661,-0.02871984,-0.0025347262,0.008176076,-0.11732446,-0.019445205,-0.0044497815,-0.00067246635,-0.0024396565,0.0009488467,0.0013997448,0.0,-0.00029998666,0.0001915821,-1.3958563e-05,-0.0009844499,-0.00029700412,1.5440623e-05,0.0007342914,0.029003788,-0.004464116,0.27604315,-0.020161826,0.022112485,0.0037778434,-0.020058766,-0.00032086947,-0.0021688002,0.0024327785,0.0075707156,0.0578657,-0.0005422154,0.0042021843,0.016981734,0.0002210975,0.03685668,0.23170449,0.003599491,0.0002647366,-4.338818e-06,0.0012365378,0.0,-0.0001874873,-8.8900386e-05,-0.0009882865,0.0007003956,-2.593286e-05,0.0011124561,-7.532166e-05,-5.6653007e-05,-0.00014967188,8.354595e-06,-0.00040500762,0.00020871605,0.0005996764,0.0025656775,7.954296e-06,-0.00044833682,-0.0029914684,-7.124165e-05
0.5579646,-0.010528038,0.048489593,0.0013406303,-0.08226053,-0.034459077,-0.43017143,-0.0059548025,-0.0058327275,0.018904796,-0.012244856,0.031310264,0.0027998632,-0.3361349,-0.0038712001,-0.07750845,-9.827269e-05,-0.042184286,-0.10478561,-0.015133403,0.0009078886,-0.00014067802,0.003733545,0.0012655586,0.0017777897,0.0,0.00025113215,-0.0015467481,-2.0868578e-05,-0.00087582076,-0.00055273745,9.343744e-07,0.00047264254,-0.07789989,-0.032828208,-0.12677811,-0.026227936,0.02216482,-0.075345576,-0.02149158,-0.000119001495,-0.0031365787,0.0025076482,0.0021257913,-0.059160344,-0.0010004971,-3.488918e-05,0.009211348,-0.00030463826,0.033451278,0.1287707,0.00026582397,-3.6394908e-05,-4.338818e-06,0.0031585856,0.0,-0.00018626894,-7.352651e-05,-0.010217006,0.0002620408,-0.0014094752,-0.0066255815,-8.272126e-05,-3.4551653e-05,-0.00013322243,-8.351036e-05,-0.00022281612,0.00024385232,-0.00043626173,-0.020721255,7.343631e-06,-0.00059103867,-0.001823152,-0.00011427318
-0.1121911,0.16742077,-0.2042798,0.0018954831,-0.03641131,0.018434765,0.1457307,-0.019949516,-0.00028539865,-0.035613276,0.01051121,-0.037137043,-0.050410535,0.13527106,0.0066879625,0.024967749,-2.0850093e-06,-0.0039662085,-0.106598645,-0.015197697,0.0051852358,0.0016666977,0.001067903,0.00018485216,0.00085731485,0.0,7.5724434e-05,0.0012839615,-8.680247e-06,-0.0004970533,0.00038113268,7.658075e-05,0.0008418348,0.0223752,-0.002150442,0.13009094,-0.032483947,0.013142501,0.00064574974,0.14064911,-0.00044611626,-0.0006738457,0.0020351913,0.004612895,-0.02133837,-0.00055232766,0.0042672553,0.0131526245,0.0013730917,-0.24929328,-0.15608497,0.0015116041,0.00033487254,-2.0408525e-05,-0.00072979677,0.0,-9.232143e-05,-0.00031003164,-0.0006035038,0.00063185487,-0.0012353557,0.0014433551,-6.815037e-05,-4.762457e-06,-0.00017655893,-0.00047408557,-0.0005319032,0.0008642123,0.00040062156,0.0016220382,7.954296e-06,-0.00054390775,-0.0052102837,0.0003070962
-0.48541754,0.16702749,0.37473717,0.0022724634,-0.03379563,0.0008037255,0.06412928,0.01578247,0.0046246145,-0.0027039219,0.07068545,-0.03542544,-0.018760089,0.10961496,-0.023021737,0.0025245082,-0.0009341671,-0.01125168,0.39595374,0.05927102,-0.0072763297,-0.0001905794,0.0024920553,0.002125686,0.0012739504,0.0,-0.000889317,-0.0010060302,-1.1639556e-05,0.00025284232,-0.0018402139,4.2021435e-05,0.0008087289,0.03145943,-0.0047698347,0.15914679,-0.021184165,0.01699433,0.0014988509,-0.022628706,-0.00012722869,-0.0019105545,0.0019489311,0.0056275367,0.02258704,-0.00075673696,0.0067176083,0.01273096,0.0003726605,0.05416891,-0.13795403,-0.0050507034,0.0004718131,-4.4380067e-06,0.0007612994,0.0,-0.00019761706,0.00015012122,-0.00055994134,9.623487e-05,-0.0007466787,0.0027896669,-9.745288e-05,-3.241199e-05,-0.00031874518,2.5940171e-05,-0.00037758678,-0.058843784,-0.0016511895,0.0004941048,7.954296e-06,-0.0003372185,0.011776404,0.0011670123
-0.5594562,0.16495742,0.083447024,0.0041730898,-0.033370387,0.0036958214,-0.12607071,0.0047578104,-0.0062187794,-0.00057948777,-0.03501158,0.039866112,0.008468392,-0.11660309,0.011116949,0.0024744303,-0.0010471725,-0.01919787,-0.13628332,-0.02276673,-0.0032132,0.0003125719,0.0015046995,-0.00022003468,0.0014779492,0.0,-0.00016272246,-0.010421316,0.0009789102,0.0007658363,-0.0002933177,3.390605e-06,0.00062537857,0.034823626,0.006913628,-0.16769667,-0.02691329,0.01838715,0.0026122846,0.23035888,-0.00022783907,-0.002443825,0.0022709859,0.0047520637,-0.030042272,-0.00069674756,0.0061790487,0.015380507,0.00027710167,0.05281921,-0.09507806,-0.0023356415,0.0005786324,-4.338818e-06,0.0012432574,0.0,-0.00057842967,-1.647442e-05,-0.0016134452,0.0005702654,0.00034031807,0.0029120564,-9.150679e-05,-3.8142534e-05,-0.00020839424,-0.00027098996,-0.00027034635,0.0021187258,0.00034904908,0.001189656,4.3583786e-06,-0.00013863375,-0.0019582666,7.127281e-05
-0.534908,0.17179984,-0.3221318,-0.0013313008,-0.040435154,-0.03706126,-0.3410709,-0.0065089054,-0.0076056705,0.012985688,0.03958096,0.045493256,-0.028194427,-0.16674328,0.036349,-0.019516423,0.0018627882,-0.0033429868,0.4056746,0.055842604,0.004247527,-0.0002695949,0.0025399427,-0.00087080157,0.0021834085,0.0,-0.00092309876,0.0018411119,-2.4887742e-05,-1.8132967e-05,-0.0033717866,5.5340033e-06,0.0014028405,0.021871304,0.00064377545,-0.15171827,-0.026525691,0.01902029,0.00537411,-0.017330466,-9.271232e-05,-0.0029938396,0.001793954,0.0064929808,0.022692814,-0.0013628931,0.004628652,0.012544308,0.000341172,0.043877266,-0.08741044,-0.0027116134,0.00031269653,-4.338818e-06,0.0020930371,0.0,-0.00018772141,-0.0006850698,0.0002786609,0.0003087054,2.1102043e-05,0.0032118694,-8.605801e-05,-3.7410544e-05,-0.00024846324,-0.00010226278,-0.00025637148,0.0010161044,0.0008585053,0.0012201166,8.920879e-06,-0.00034835754,0.0054231198,0.0017590399
-0.5079355,-0.15570633,-0.28311855,-0.0050885226,-0.05497167,-0.03976783,-0.1131427,0.018069064,-0.006164938,0.024610104,-0.008859209,-0.030663224,-0.0080574285,-0.16476524,0.013665134,-0.061354578,0.00064349105,-0.03674821,-0.13427567,-0.018556597,0.0017016032,-1.2468761e-05,-0.008197574,0.0015712759,0.0010614832,0.0,0.0011084629,0.0011177625,-4.227401e-05,-0.00070507213,-0.0014068827,8.618687e-06,0.0007038728,-0.11575614,-0.006272574,-0.13752934,-0.022472247,0.019901406,0.0048246,-0.02755792,-0.00022335842,-0.006293294,0.002656565,0.0046418775,-0.050841637,-0.00091541465,-0.02517437,0.0117636155,0.00019615627,0.034116406,-0.11720032,-0.0053175613,0.00016035646,-4.338818e-06,-0.03351335,0.0,-0.00025702678,-0.0006994804,-0.0035745685,0.00040257216,-0.0026167738,-0.009076498,-7.368846e-05,-9.6111806e-05,-0.0001230853,-0.00040059886,-0.00032080407,0.00053467054,0.0038210803,0.0023447755,4.3583786e-06,-0.00019079266,-0.008740735,-3.2561125e-05
-0.086573,0.14111352,-0.36921686,0.0071234796,-0.03869781,-0.012662378,0.1355502,-0.019910278,-0.0026311385,0.0009964539,-0.0017845591,-0.030987127,0.055949856,0.17953892,0.0038786386,0.042894695,-0.0064493604,0.0062415972,-0.098268755,-0.013968755,-0.0034011588,-0.00063779764,0.0004639495,7.871529e-05,0.0007378212,0.0,-0.00038347737,0.00038871265,-1.4273708e-05,-0.0013127744,-0.00035980024,1.15553385e-05,0.00080044963,0.027060457,-0.0015543749,0.134643,-0.036256306,0.012862681,0.0010510919,0.19296531,-0.00019408364,-0.0020084549,0.0018692581,0.0059753116,-0.030001977,-0.0010167307,0.0036409486,0.014485616,0.000382913,0.049548436,-0.12906416,-0.0020436177,0.0005268441,-2.0408525e-05,-4.672528e-05,0.0,-0.00015563227,-0.00083186006,3.7128357e-06,0.00010853192,0.000755753,0.0012068227,-0.00013473645,-3.8678638e-05,-0.00028069806,-0.00021920928,-0.00096622354,0.0014866146,0.0030224135,0.0016847578,4.3583786e-06,-0.00032067398,-0.00379477,0.0010738552
0.32750165,0.096859954,0.35231262,-0.0029248616,-0.03646386,0.03938548,0.4287878,-0.0037456367,0.005485615,0.027856408,-0.00010344296,0.005935696,-0.011683308,0.4730236,-0.012763586,0.024420472,0.0006296747,0.0054028337,-0.057203803,-0.011602269,-0.0013451705,7.305998e-05,0.0009532468,-0.00010824917,0.0016275119,0.0,-0.000266707,-8.43405e-06,-8.935633e-06,-0.0018711922,0.000915064,7.125687e-05,0.00033024562,0.014352627,-0.0063430998,-0.057136524,0.20278496,0.01221091,0.0014414311,-0.026650336,-0.00018951522,-0.0010118376,0.0017794971,0.0043265102,0.016635459,-0.00049404,0.002869594,0.0055389223,0.00030304072,0.024131853,0.21380234,0.0017496904,0.00032883356,-2.0408525e-05,0.0011915731,0.0,-3.741149e-05,-0.00025632422,-0.0007600174,-5.962017e-05,-0.010742653,-0.0030242086,-6.839798e-05,-0.00024856252,-0.00028105048,-0.020163925,-0.00076876703,0.0001776826,0.008262415,0.00066555414,7.3436304e-06,-0.00028438924,0.00047443275,-0.00016054042
-0.576605,0.05956563,-0.3260369,-0.008166911,-0.07631749,-0.026995827,-0.6010461,0.0017094054,-0.0059875436,-0.008923813,-0.028395997,-0.083909184,-0.0040487237,-0.36223927,0.014954156,-0.13612697,0.0007508618,0.0011167938,0.35241687,0.04763986,0.006067836,0.000393939,0.0060072667,-0.002212811,0.0035120125,0.0,-0.00044130225,-0.002892055,-0.00046490305,-0.00027460427,-0.005859119,5.755893e-06,-0.13056216,0.022120118,-0.02939475,-0.14734747,-0.02791845,0.015605481,0.010169748,-0.03289361,-6.3992404e-05,-0.0051660985,0.001000137,0.0023135329,-0.027838163,-0.000485775,0.0026331197,-0.20218274,-0.0008403857,0.024511332,0.1489339,0.0014190278,0.00023418927,-4.338818e-06,-0.0021210655,0.0,-0.00011597304,-0.00022397519,0.0010119074,4.292217e-05,0.00028987828,0.004173828,-0.00015541038,-2.4842911e-05,-0.00018258835,-4.987811e-05,-0.00066142756,-0.00074602343,0.0029439917,4.981419e-05,7.343631e-06,-0.00031004273,-0.013766344,-0.00014112664
0.16511431,0.266061,-0.4474287,0.004484505,-0.05139455,0.018044231,-0.33866805,-0.0073144333,-0.0050887223,0.018586226,-0.009196577,0.060674,-0.01828896,-0.28177556,0.050087664,-0.1061962,-0.00034519905,0.00957763,-0.07139876,-0.012667482,-0.0004071685,-0.0010909215,-0.011483827,-0.0033942587,0.0014997995,0.0,-0.00018523642,0.004046688,-0.00011595382,-0.00086291274,-0.000836633,9.7995835e-06,0.0010075008,0.015243521,0.004171392,-0.14172412,-0.024512181,0.014597759,0.012090932,0.1721474,-2.8602068e-05,-0.0016761702,0.002715173,0.004275161,-0.03665778,-0.0011439592,0.0024110447,0.007972932,0.000112222624,0.046035696,-0.10136751,-0.0022628522,0.00031296996,-1.9623727e-05,0.00065266533,0.0,-0.00015952026,-0.00028005074,-3.680327e-05,-8.55815e-05,0.0011857748,0.0018146528,-0.00016446125,-0.00011558112,-0.00025606406,-0.0001244477,-0.00054407277,0.00010547307,-9.865649e-05,0.0005949383,4.5046e-06,-0.00083602616,0.0058992007,1.0346055e-05
-0.4297461,0.25820354,-0.35810962,-0.0020614062,-0.04723622,-0.04006142,0.003963032,0.0015765632,-0.00088026683,-0.03639393,0.044464167,-0.03244716,-0.0019843087,0.14374323,-0.040843643,0.008960082,-0.0055794856,0.011083139,0.30045488,0.045571603,0.013651342,0.0013430396,0.004214303,0.0017991338,0.0021554255,0.0,-0.0009330003,0.00046690836,-1.1585719e-05,-0.0005601725,-0.0027523781,1.4439404e-05,0.0009620078,0.036025133,-0.0028260725,0.21140216,-0.034037326,0.016493127,0.0010825138,-0.02254469,-8.220636e-05,-0.0046209795,0.0024413278,0.0068661785,-0.07372971,-0.0012001152,0.004467012,-0.2659152,0.00021136424,0.03488279,-0.087808974,-0.0043472955,0.0004105613,-4.338818e-06,0.0016397743,0.0,-0.00021665779,-0.00041434655,-0.0003450483,0.00016234866,-0.001263895,0.0039631454,-6.802315e-05,-2.2407057e-05,-0.00023038336,-0.00037449447,-0.00033136772,0.0014694013,0.001892648,0.0009124364,7.954296e-06,-0.00021198926,-0.007470448,-0.00044987063
0.28087115,-0.14717723,0.4460594,0.0013571234,-0.031140806,-0.039336473,0.15674153,-0.038639773,0.00033813604,0.010456793,-0.013883346,0.0009080209,-0.0055294707,0.08197175,-0.016347062,-0.019749358,0.0011754696,0.0038883458,-0.085829794,-0.011845799,-0.0014782777,-0.0001400168,0.00068117963,-0.00040348593,0.0015482202,0.0,-0.00014260526,0.00011127748,-5.1696734e-06,-0.00092172076,-6.091221e-05,1.3142295e-05,0.0004311878,0.028585276,-0.006337354,0.1308298,-0.014802017,0.01479468,0.0040192017,-0.027466344,-0.00037351265,-0.00113936,0.0018141659,0.0034898832,0.030171242,-0.0006076467,0.0024940707,0.011432305,0.00024929337,0.026125124,0.23970467,0.004312484,0.0003492827,-4.4329404e-06,2.2203225e-05,0.0,-0.00017256096,-6.9406444e-05,-0.000113713,0.00056933035,7.732064e-05,0.0010713282,-8.5698266e-05,-4.7936082e-05,-0.00011449289,0.00019546154,-0.00037327828,0.00015784863,0.0013927966,0.0026565944,4.3583786e-06,-0.0001521935,0.0026886666,0.00013824529
-0.5471931,-0.19251306,-0.32512975,-0.0043518376,-0.04592293,-0.047652952,0.009679568,-0.007956177,-0.010581064,-0.014525156,-0.011616863,-0.051327337,-0.015628802,0.06488549,0.018616112,0.0016601955,-0.00087516435,-0.011957439,-0.15828498,-0.019286802,0.0018603461,-0.00046086888,0.00070174923,-0.00010478385,0.0015560974,0.0,-0.0008239853,0.00014320991,-1.2102837e-05,0.0004224936,-0.00036651164,6.3408033e-06,0.000792977,0.04080234,-0.0027940392,0.21762733,-0.025474368,0.016750269,0.0012610626,-0.04710164,-0.00037127052,-0.00068840955,0.0018450088,0.006926397,0.023368344,-0.0007594791,0.004276624,0.01529214,0.00032992422,0.04542425,-0.1448849,-0.002306135,0.00020664334,-4.338818e-06,0.0010343732,0.0,-0.00021819456,-0.0007232938,-0.00056011195,0.00062523584,0.00010533669,0.0012088547,-6.8280715e-05,-3.7069036e-05,-0.00014681267,-0.00035541,-0.00021470214,0.00027792732,0.0047057928,0.0017951621,-5.790025e-08,-0.00012176894,-0.0038004203,-9.480882e-06
-0.13549761,-0.22849135,-0.35457864,-0.00747205,-0.055845838,-0.03522737,-0.03267439,0.00528944,-0.0016604986,0.007402363,-0.01360747,-0.008572583,0.07502358,-0.14428492,0.009721783,0.002973728,-0.000964418,0.0079137515,-0.13259295,-0.016928524,-0.0036130163,-0.001458111,-0.00060526375,1.808372e-05,0.00037303363,0.0,0.0003700275,0.001111168,-2.552652e-05,-0.0003124111,-0.000156743,2.2026875e-06,0.00055453426,-0.115244,-0.004225621,-0.119446084,-0.024657693,0.017094772,0.0023805178,-0.03055518,-0.00046413735,-0.0054592625,0.0028197218,0.007422045,-0.06080424,-0.0009234786,-0.055879477,0.014150724,0.00027930125,0.026657838,-0.12847936,-0.007872614,0.00023685621,-4.338818e-06,-0.0134897055,0.0,-0.00011997769,-0.00073639175,-0.0007844104,0.0008095243,-0.0026584584,-0.0021859545,-8.648594e-05,-2.1459444e-05,-0.00010290216,-0.00055706484,-0.0005101175,0.0003021837,0.0039084274,0.0022437123,4.3583786e-06,-0.00025557945,-0.006312516,-4.7276808e-05
-0.008061619,0.121496394,0.33182892,-0.0029817545,-0.028739778,-0.011174873,0.13139163,-7.1562165e-05,-0.0013152275,-0.02022679,0.039508305,-0.028025907,-0.01543643,0.13845557,0.055484932,0.03084721,0.0033696385,-0.013934653,0.36448056,0.060510736,0.0015992802,-0.0032372987,0.0019864591,0.0004030102,0.0006928273,0.0,-0.00012061522,0.0020345235,-3.7303153e-06,-0.0006561061,-0.0008964923,2.0352873e-05,0.00062048296,0.017919425,-0.005313709,0.11543036,-0.024440542,0.016054088,0.0012149889,0.16558802,-0.0002694113,-0.0018973593,0.002754953,0.004074892,-0.029096212,-0.0006700183,0.003913985,0.019587683,0.00079540844,0.0422447,-0.14226623,-0.004585816,0.0002497028,-4.4329404e-06,0.0005178883,0.0,-6.559521e-05,-0.00011059976,-0.0010612285,0.000883981,-0.00012589316,0.003119951,-7.3065974e-05,-4.5703106e-05,-0.0002569555,0.00022902465,-0.00034854567,0.0019416665,0.00027829417,0.001116471,7.954296e-06,-0.0004086532,0.0033751766,0.0012350022
-0.078263,-0.19530965,-0.3542599,-0.005946028,-0.05466105,-0.023630751,0.02865311,0.0140900165,-0.009098828,-0.003603315,0.023558639,-0.005747398,0.0020047615,0.061871175,-0.0007270676,0.012842359,0.0005234429,0.010383773,-0.14934763,-0.018506197,-0.0042463914,-0.0004995758,0.00074658106,1.6779706e-05,0.0012621785,0.0,-0.00070994074,0.0011286307,-2.2722861e-07,-0.0007486547,-0.00037786682,8.750054e-06,0.00091793516,0.030330049,-0.0035214399,0.19029851,-0.024713436,0.015889438,0.002778284,-0.023784865,-0.00021549937,-0.0005894006,0.0029034142,0.0072127706,0.03480055,-0.00071206474,0.0035474189,0.015041602,0.00044224958,0.03807164,-0.14430545,-0.0034282561,0.00042293276,-4.338818e-06,0.0012890106,0.0,-0.00017632543,-0.0004993742,-0.0005101055,0.000998152,1.9078194e-05,0.0019592703,-5.2071136e-05,-5.000421e-05,-0.00011424778,-0.00015942969,-0.0005037846,0.0005894307,0.00010300732,0.0027514854,7.954296e-06,-0.0006165678,0.0051606596,0.0002445857
-0.63140476,-0.21577297,-0.34791312,0.005660438,-0.08908083,-0.033447795,-0.45836055,-0.0011064375,-0.006298297,-0.029234353,-0.0040535834,-0.04432039,0.001443924,-0.29034498,-0.0065862006,-0.09738868,-0.0009984955,-0.02718517,-0.14867564,-0.024126055,-0.0003868229,-0.00012138666,-0.019206602,0.0015860625,0.0022786525,0.0,-4.0863804e-05,0.0023898727,-3.164125e-05,0.0002564816,-0.0011185711,1.0983976e-05,0.0008326224,-0.11710785,-0.011545392,-0.14872947,-0.026074193,0.016922379,-0.10907857,-0.035324726,-3.670359e-05,-0.008171159,0.0016439819,0.0042446633,-0.056043565,-0.00054030237,0.0037184341,0.007892284,-0.00036547313,0.031793077,0.14705084,-0.0014215473,0.0003566972,-4.338818e-06,0.0006746887,0.0,-0.0006713658,-0.00022552656,0.00564107,0.0005627083,-3.790119e-06,-0.02403237,-8.355947e-05,-4.2750675e-05,-0.00011031405,-0.00033802376,0.024192957,0.00038263196,-0.0046592467,0.003244526,8.920879e-06,-0.00033623393,-0.009035288,-1.9322655e-05
-0.07773998,-0.09200537,0.2950668,-0.0042478284,-0.036276523,-0.023289511,0.16168888,0.00029901188,-0.0013345915,-0.0071006212,0.02415472,-0.0052190535,-0.001406455,0.045809705,0.00725476,0.04790678,0.00042024115,-0.035822555,-0.13608494,-0.01757588,0.0050024497,-0.0005153186,0.0014960805,-0.0001643284,0.00077834213,0.0,-0.00034393545,0.00021203182,2.6898806e-07,-0.0005301615,-0.00017934531,1.0557902e-05,0.0008928303,0.019692555,-0.004947807,0.17153199,-0.020486843,0.015599527,0.0014489957,-0.017715257,-0.00026666105,-0.00046595203,0.002850518,0.0055233045,0.030487973,-0.00080349634,0.0044479077,0.018051237,0.00042682007,0.043931384,-0.17129494,-0.005270101,0.00031403053,-4.338818e-06,0.0009767644,0.0,-0.00010640059,-5.7773424e-05,-0.0008490692,0.00057057,-4.3439504e-06,0.0014977055,-6.8740126e-05,-5.727245e-05,-0.00014520234,3.8197642e-05,-0.0005833284,0.0007655433,0.00093780074,0.0029803785,7.954296e-06,-0.00063532847,0.0036045315,0.0001783835
-0.5697685,-0.15240115,-0.3708488,-0.0030456216,-0.06275826,-0.03565874,-0.17647709,-0.013724743,-0.002690345,0.0009367079,0.035726123,-0.047788657,0.005274945,-0.21640952,0.065986514,-0.015680466,-0.0029269357,0.009667276,0.37125698,0.059970967,0.0062964284,0.0039930665,-0.009802806,0.0021782739,0.0032090507,0.0,-0.00077964296,0.0011264262,-0.00028229126,-0.00010664873,-0.004674153,3.985032e-06,0.0008093633,-0.09676874,-0.010269594,-0.14245369,-0.027874254,0.017431648,0.0045065554,-0.02208163,-5.4522967e-05,-0.011819603,0.0023820142,0.0060489383,-0.04377085,-0.0008056313,0.003848765,-0.22887121,-0.00026584434,0.018644165,-0.09614032,-0.0068978355,0.0003757403,-4.338818e-06,0.0008364831,0.0,-0.00028880188,-0.00024636707,-0.010252836,0.0004950503,0.00031011674,-0.02249053,-7.1251205e-05,-5.7031066e-05,-0.00010908574,-0.00041220986,-0.00018181608,-0.0005690758,7.9920705e-05,0.0018878168,7.954296e-06,-0.00028798316,0.0041947523,0.0004895649
-0.6126146,0.17564842,0.049089532,-0.0054192045,-0.041280493,-0.011809379,-0.3137635,-0.02087193,-4.122616e-06,0.023017459,-0.015221001,-0.0075860987,0.0086193,-0.3245624,0.0014518292,-0.02433088,-0.000918396,-0.00074221764,-0.13286152,-0.01596902,-0.0013662482,-0.0004398748,0.0024694642,-0.00028105173,0.0018935346,0.0,-0.00082804484,0.00014199915,-1.2571649e-05,-0.00040485972,-0.0010881447,7.475152e-05,0.0010052783,0.019677373,0.015343267,-0.16983053,-0.025994191,0.016152006,0.005192743,-0.0341065,-0.00010006555,-0.0012043688,0.002617931,0.0040002204,0.020342622,-0.0008511629,0.0042948164,0.007438107,-0.0001576659,-0.2032968,-0.10440367,0.0007378093,0.0005323475,-4.338818e-06,0.0007150717,0.0,-0.00058116944,-4.1633008e-05,-0.00015244116,0.00034091162,-0.00031770815,0.0018401754,-9.244028e-05,1.1030001e-05,-0.00018811802,-1.4469524e-05,-0.00032935978,0.0010200472,0.00043582032,-0.000466966,7.343631e-06,-0.00021901383,0.0018172745,8.601571e-05
-0.6089372,-0.32596108,-0.34353366,-0.003593613,-0.087986544,-0.037626456,-0.41328964,0.024673197,-0.0057852655,-0.029567752,-0.022154875,-0.04861686,0.0192006,-0.35894772,-0.012907096,-0.08145192,-0.00079219515,-0.02207675,-0.14509733,-0.02629251,0.00029880254,-0.000890295,0.0012314081,0.0011199609,0.0018469268,0.0,-0.0014309087,-0.016239278,-3.069978e-05,-0.00018878028,0.0062711816,7.603333e-05,0.0004842224,-0.09303825,-0.014460294,-0.13456225,-0.02102557,0.014542213,-0.068748295,-0.036616247,-0.00012016541,-0.005750768,0.0017999647,0.003263504,-0.032042224,-0.0006528995,0.0017863003,0.005698247,8.00092e-05,-0.14237675,-0.108659744,0.0040364424,-0.00014515102,-4.338818e-06,0.0010312811,0.0,0.013997309,-0.0005824527,-0.0006640387,0.00030286895,-0.00023159763,-0.02421167,-0.00036094067,-1.4435048e-05,-9.285946e-05,-0.00066398096,-0.00017905945,-0.0003319556,-0.021480191,-0.01508893,7.343631e-06,-0.00018570432,-0.009890026,-0.0001398387
0.32151392,-0.06353997,0.42402586,-0.002534117,-0.035313047,-0.0060564247,0.15434292,0.026024906,-0.0021134836,-0.0059535666,0.011147441,0.025216848,0.00036536102,0.06947196,-0.007936407,0.0027611777,-0.001776199,-0.044259444,-0.10098112,-0.011905087,0.00047629725,-0.00016093261,0.0011128517,-0.00017519946,0.001232618,0.0,-0.00035536246,-0.00015513728,-9.127256e-06,-0.00058375293,-0.00012294912,5.089225e-06,0.00035585248,0.020339526,-0.0057684886,0.14335634,-0.027926581,0.022488417,0.0021938563,-0.01404713,-0.0003125539,-0.00089253223,0.0029228001,0.004122685,0.030587226,-0.00088816654,0.003758205,0.016307551,0.00045635627,0.034673166,-0.15864205,-0.0063149617,0.0002577262,-4.4380067e-06,0.0005131787,0.0,-0.00018772404,-6.1656385e-05,-3.272592e-05,0.00056153315,-1.7864377e-06,0.0009381476,-0.0001619691,-4.7344834e-05,-0.0001442825,0.000121986646,-0.0006084902,0.00031168293,0.00029614076,0.0017109066,7.954296e-06,-0.00042300645,0.0033160537,0.0002664869
0.28379,0.1376918,-0.37566116,0.00408715,-0.04387078,-0.012539859,0.13126242,0.013314479,-0.0059950403,0.006938206,0.006199175,-0.007116565,-0.03758338,-0.118779264,0.0028601943,-0.010163193,0.0013164176,-0.048310556,-0.08864689,-0.013731588,0.003474316,0.0010557309,0.0015042928,0.00040413998,0.0018522122,0.0,-0.00021996335,-0.0052938154,-6.5324243e-06,-0.000746228,-0.00530592,7.607316e-05,0.0003776648,0.020501237,-0.002689524,0.18384996,-0.018753884,0.016023178,0.0044213813,-0.012578669,-0.0003331287,8.345647e-05,0.002110978,0.0055527873,0.07126831,-0.00069675694,0.00136563,0.016218003,0.0013387653,-0.19793513,-0.16027091,0.0015479065,0.00037030454,-1.9623727e-05,0.00072903035,0.0,-0.00020676477,-0.00047654982,4.8876653e-05,0.00029982455,-0.0007991655,0.0018290444,-0.00014830485,-2.419851e-05,-0.00019459706,-3.177433e-05,-0.00047055766,0.00014075256,0.0013940097,0.0016594492,7.954296e-06,-0.00040975213,-0.007994493,-0.0012117312
-0.10858935,0.16356802,0.39633578,0.004462349,-0.028973158,-0.007057723,0.16298643,-0.018468326,0.000530912,0.00010244714,0.000562442,-0.036941048,-0.0007662807,0.10359078,-0.03054201,-0.020969074,0.00095160474,-0.03884176,-0.09244151,-0.016849834,0.0079773255,0.0012870166,0.00077466294,6.149221e-05,0.001211427,0.0,-0.00051876274,9.246824e-05,-1.2909894e-05,-0.0012437077,-4.3512464e-05,7.0368806e-05,0.0006818601,0.0187677,-0.006534426,0.119130656,-0.020063534,0.013892048,0.005195299,-0.031153625,-0.00023676528,-0.0013258451,0.0018223344,0.004026243,0.021608079,-0.00065004575,0.004224964,0.011930494,0.0002753422,0.043284766,0.23600554,0.0018582626,0.0005572926,-2.0408525e-05,0.0008300616,0.0,-8.229283e-05,-0.00012869961,-0.0005900274,0.00025302247,0.0001379389,0.0010872438,-7.272113e-05,-4.3503765e-05,-0.0002835779,0.00021311869,-0.00064980576,0.00074344827,0.00034221765,0.0027357803,4.3583786e-06,-0.0002723915,0.0033463105,0.00016745215
-0.49064124,-0.66467327,-0.28473014,0.0073670335,-0.10444883,-0.03902067,-0.43627784,0.070242524,0.0020129636,-0.029347928,0.04882742,-0.03544058,-0.008816876,-0.29247266,-0.022770869,-0.1442429,0.013446872,0.025294302,-0.12411221,-0.020552102,0.0071440903,-0.00023947176,0.00057865574,-0.0003957684,0.0026570577,0.0,-0.0011354059,0.0012466421,-1.5267924e-05,0.00024675365,-0.0017793614,2.521318e-05,0.0001679052,0.0144811915,0.023812404,-0.14688528,-0.02054411,0.013028472,0.0053133457,-0.029420715,-4.9691353e-05,-0.002441665,0.0011741726,0.003066643,0.015671592,-0.0007129216,0.0014345499,0.007064681,0.00030492168,-0.13115923,-0.10521728,-0.00019722262,0.00017887997,-4.338818e-06,-0.000152039,0.0,-0.00019238755,-0.0005301841,-0.0005065517,0.00024818914,-0.00038269506,0.008085009,-0.0007634066,-7.657892e-06,-0.00011685282,-0.0017793584,-0.000213195,7.339366e-05,-0.0007477334,0.0011157052,-3.80362e-05,-5.236844e-05,-0.0089042,0.0004380056
-0.06158617,-0.053017344,-0.29597965,-0.0054417737,0.0001667745,-0.0028213442,0.15883122,0.0340683,0.003751259,-0.010727586,-0.017572924,-0.029490555,-0.0012381731,-0.14256378,-0.019304322,0.015147109,-0.0010191236,-0.029135674,-0.08816535,-0.017966226,0.0044339034,-5.284567e-05,0.0021284015,-0.00030423663,0.0012317674,0.0,0.0009187756,0.00062055414,-1.9148743e-05,-0.00034715395,-0.00019302031,7.54527e-06,0.0005864845,-0.11896096,-0.0027274291,-0.11494652,-0.031724766,0.016075784,0.0035037075,-0.03260778,-0.00030046204,-0.0020058872,0.0024408733,0.0084877955,-0.059378706,-0.0007052484,-0.042054728,0.015582491,-9.9548946e-05,0.037153557,0.19541577,0.0017327977,0.00035781067,-4.338818e-06,0.0023112262,0.0,-0.00019042558,0.057107057,-0.0013640717,0.0005834762,-0.0026040846,-0.005741158,-6.08462e-05,-5.0118353e-05,-0.00013305272,2.0335072e-05,-0.0007022504,0.00027256826,0.0019231704,0.0024221905,3.5380172e-06,-0.0003716897,-0.00829497,-0.0001168828
-0.61424434,-0.23585321,0.045836233,-0.0043938495,-0.055690046,-0.02048301,-0.28190017,-0.020234564,-0.0014201424,-0.0143372435,-0.01817242,-0.05089954,0.0032573254,-0.34117472,0.02594968,-0.011138751,-0.0024001522,-0.015567428,-0.16645986,-0.028358066,-0.0009971794,-4.650782e-05,0.0019362654,-0.00042943377,0.0023358183,0.0,-0.0016722394,0.0005418399,-4.1472267e-06,0.00058990106,-0.0008738148,7.4755386e-05,0.0007310665,0.024719736,0.018195316,-0.16561659,-0.022578113,0.014919477,0.0039024693,-0.03712389,-0.00013402064,-0.0017062848,0.0025452867,0.0025040123,0.018845849,-0.00085236714,0.0029625653,0.007024409,0.0003712431,-0.18147795,-0.10909411,-0.001830406,1.9961299e-05,-4.338818e-06,0.00084660394,0.0,-0.0006048961,-0.00014279509,-0.00010685502,0.0003730975,-0.0009009078,0.004887651,-9.239561e-05,-6.5796357e-06,-0.00012774418,-0.00039960243,-0.00025826527,0.00080964493,0.0012628316,0.0018495843,7.343631e-06,-8.1406615e-05,0.002562111,0.00043789676
0.16283163,0.21354106,-0.35457432,-0.0035089408,-0.049362052,-0.002234687,-0.06410513,0.009731776,-0.0050488343,-0.0047499747,-0.004308616,-0.017139772,-0.02494563,-0.13700193,-0.0060595763,-0.00837623,0.00016608567,-0.029772611,-0.08081753,-0.01325394,-0.0019058142,-0.00013712829,0.0027630015,3.936934e-05,0.00094238075,0.0,0.0006304735,0.0006121478,-0.000111499394,-0.00047770492,-0.0011114902,8.795976e-06,0.0005737829,-0.08490666,-0.0048736245,-0.1349155,-0.026643464,0.022983728,0.011402788,-0.032417107,-0.00013595357,-0.0035189744,0.0022599318,0.00842349,-0.07343951,-0.0008491989,-0.034167394,0.016630089,-0.000110038425,0.034500647,0.1794861,0.00062883296,0.0004770804,-4.338818e-06,0.001991635,0.0,-0.0001770751,-0.00054365257,-6.349941e-05,2.6810181e-05,-0.0031477776,-0.0011482943,-6.550949e-05,-4.766333e-05,-0.00020779308,-5.7594287e-05,-0.00031670614,0.00022256636,0.00094607926,0.0041802283,4.3583786e-06,-0.00048143527,-0.006535762,-8.532335e-05
-0.44690618,-0.1308262,0.057700604,0.0038852063,-0.048043445,-0.05197467,0.3646892,0.025824856,-0.0010366237,0.0037341914,0.054242328,-0.010970392,0.04847587,0.11036873,0.0024603952,0.0716144,0.0005538675,0.0032872648,0.28945497,0.0522575,-0.03900441,-0.006244349,0.0006993891,-0.015655536,0.0027974765,0.0,-0.0007963238,0.0011896765,-1.4865142e-05,-0.0006354052,-0.0014888087,7.526537e-06,0.0006522189,0.035074413,-0.0041431393,-0.08536357,0.24658173,0.013958799,-0.00041308964,-0.024324436,-0.00021661862,-0.0031416328,0.0012258388,0.0030582044,-0.033376876,-0.0005810581,0.0033520246,-0.2693794,-0.00012396314,0.032292683,0.17284735,0.001200387,0.00023490575,-4.4380067e-06,0.00010404179,0.0,-0.00020145753,0.0001024854,-0.00072519475,0.000683674,0.0018514345,0.0047588563,-7.2694966e-05,-6.651573e-05,-0.000117508505,6.356693e-06,-0.0002969343,-0.0007421698,0.000974196,0.002320739,7.954296e-06,-0.00026543724,-0.0033608042,0.00018233385
0.47789246,-0.033050723,-0.4172804,8.191878e-05,-0.10498719,-0.03960201,-0.4604148,-0.006842902,-0.00072032295,0.0073974384,0.0027715443,0.033867236,0.04672245,-0.37777182,-0.026989965,-0.021823024,-0.001403796,-0.041987926,-0.071746685,-0.011823343,-0.00025728444,-0.00012411244,-0.01779259,-0.0033144383,0.002928632,0.0,0.00020803964,-6.93458e-05,-2.227779e-05,-0.00046509012,-0.0008255757,9.789755e-07,0.0002522149,-0.083247654,-0.026421804,-0.11097084,-0.023896584,0.02151539,-0.105800964,-0.018089024,-2.4580466e-05,-0.0029855107,0.0016006528,0.0042564506,-0.059989482,-0.0014530306,-0.0012507857,0.006498168,-0.000260022,0.0269946,0.12792656,0.0013913003,0.00024329213,-4.338818e-06,0.0025517296,0.0,-0.00019048665,-0.0008568086,-0.010725427,0.00041743714,-0.00020674957,-0.012763123,-0.00015761144,-3.9410013e-05,-0.00013204609,-9.1636306e-05,-0.00020232632,-0.00082562,0.0020179152,0.0030525373,2.927352e-06,-0.0006131717,-0.011489288,-0.000105978026
-0.06677904,-0.034267843,-0.38067174,0.009753412,-0.05001483,-0.005381304,0.1270667,-0.020899547,-0.006488861,-0.0015394292,-0.013147313,-0.015488727,-0.012505019,0.0902434,0.006182083,0.007299408,0.00090868474,0.0065098037,-0.11231653,-0.017434489,0.0048819627,0.0002190149,0.0007533054,-0.00010089449,0.00105543,0.0,-0.00034537356,0.0012309112,-1.5043457e-05,-0.0008685177,-5.727758e-05,7.412241e-05,0.0007109921,0.02641171,-0.0027239271,0.1378698,-0.030597843,0.014465174,0.0020386218,-0.024825722,-0.00046862324,-0.00053393,0.0024345515,0.0058391443,0.026181553,-0.00067793403,0.001934134,0.01581902,0.0016302654,-0.17900415,-0.13274156,0.00054159097,0.0005642901,-4.4380067e-06,0.000611496,0.0,-7.60341e-05,-0.0007200286,-0.0005719094,0.00036855548,-0.00016852876,0.0010091682,-0.00013921165,-2.4283943e-05,-0.0001314709,4.3519798e-05,-0.00039886023,0.0002946384,0.0016321238,0.0026575425,4.3583786e-06,-0.0005588798,0.0063352957,0.000110465626
-0.061602667,0.024179505,-0.3313057,-0.0037508404,-0.07285264,0.001201057,-0.33933637,0.0033893767,0.00037608983,-0.008801225,-0.02117046,-0.019790743,0.012069046,-0.35308456,0.009424326,-0.025396205,0.0010100104,-0.016755134,-0.117897384,-0.019818498,-0.0021241335,-0.00053865626,-0.0100988755,-0.002381117,0.0026933074,0.0,0.00020062602,0.0024126982,-1.654533e-05,-0.00049639074,-0.0011811478,9.484145e-06,0.0010761241,-0.0822477,-0.026387196,-0.11428855,-0.023616882,0.019925077,-0.09036263,-0.014918608,-7.6671146e-05,-0.0067999167,0.0019247886,0.003963443,-0.046333056,-0.0013666305,0.0021004928,0.010889628,-0.00027566098,0.017482484,-0.08757798,-0.0038625163,0.0002782866,-4.338818e-06,0.0013058295,0.0,-9.186075e-05,-0.0004895982,-0.00035297245,0.00042296038,0.0072877733,-0.010790531,-9.2685776e-05,-4.0258117e-05,-0.00013244075,-0.00015853345,-0.00018471853,8.05227e-05,0.00078770984,0.0027169578,7.343631e-06,-0.00063381763,0.0068023317,9.227692e-05
0.22242106,-0.4452562,-0.44858217,0.001622461,0.16925584,-0.04273579,-0.39258245,-0.016214594,0.0048495,-0.003408567,-0.011825974,0.005589393,-0.012261515,-0.27976578,0.021723995,-0.095561884,-0.0026458267,-0.047842227,-0.06172982,-0.00544974,0.00025199712,2.2017985e-05,-0.01024848,-0.0014581982,0.0016650426,0.0,-0.0007310475,0.0032092175,-0.00010645711,-0.00048628222,-0.00048202553,-3.1380232e-06,0.00037760683,0.03524601,-0.0135015845,0.24947669,-0.017719861,0.019473184,-0.071123905,-0.0266118,-3.14924e-05,-0.0043010875,0.0020233952,0.004082102,-0.12590297,-0.0009027397,-0.0013164028,0.005537924,-0.00020694543,0.03534421,0.18627378,0.0047376724,5.5813456e-05,-4.338818e-06,0.0006293512,0.0,0.0071701934,-0.00033195008,-0.0005406481,0.0005031161,-0.00054076605,-0.009832867,-0.00021410768,-4.042041e-05,-9.4393276e-05,-0.0005687762,-0.0001960044,0.006513164,-0.018610148,0.004891819,-3.80362e-05,-0.00034401665,-0.0065292367,-0.0016507776
0.063785285,0.12688717,-0.373424,0.0037165275,0.37731576,0.0507131,0.38505512,-0.026370399,-0.0017560786,0.0025718247,0.029383503,-0.012325221,0.019904947,0.42392945,-0.012388913,0.020594122,0.0011821599,-0.030557979,-0.069106415,-0.011966425,0.0009373406,0.00091767457,0.003409696,-0.00027498373,0.0026982825,0.0,-0.00022643636,5.3175965e-05,4.0777722e-06,-0.001138091,-0.00028299444,-4.212702e-06,0.00061627856,0.015338027,-0.0019322112,-0.07562896,0.24429926,0.01598079,-0.0009371616,-0.012879591,-9.348472e-05,-0.0009141454,0.0017507556,0.007077096,0.024871474,-0.00069520366,0.0017920171,0.011706194,0.0002513325,0.04465538,0.21729286,0.0007941786,0.00021081447,-4.4329404e-06,-0.00047422238,0.0,-0.00018598983,-0.00024342256,-0.00058697636,-6.695349e-05,0.0016232269,0.001043068,-0.0002796321,-4.2092208e-05,-0.00016508314,0.0003378926,-0.0011592702,7.373803e-05,0.002075465,0.0070928186,8.87079e-06,-0.0005600957,-0.00028101774,0.00021012506
0.5648466,0.22212164,0.37079328,0.004416784,-0.03545747,0.048655115,-0.04743908,0.010649065,-0.0006749484,-0.011333041,0.019089293,0.008695446,-0.014525161,-0.12517798,-0.029011294,0.003819124,0.000815435,-0.010081024,-0.073504984,-0.012104906,-0.0036950607,-0.00015121483,0.0013344706,0.00038248103,0.002567331,0.0,-0.00023364839,0.001265268,-6.0541433e-06,-0.0051209303,-3.438795e-05,3.50061e-05,0.00027876114,0.024577988,-0.008675881,-0.074008286,0.21466248,0.027055478,-0.031022443,-0.021647163,-0.00016600154,-0.0007112511,0.0017970847,0.0038657903,-0.051704198,-0.0011542514,0.00074595853,0.010465613,0.0003676419,0.003994481,0.24115981,-0.00028084533,0.00038412254,-1.9623727e-05,0.0048958925,0.0,-7.026236e-05,-0.00041744014,0.00022047637,-0.0011413214,-0.02571207,-0.0047612176,-0.00013235596,-3.821575e-05,-0.00027041312,7.456986e-06,-0.00044275238,0.00058769167,-0.00027982422,0.0024646781,4.3583786e-06,-0.00037861796,0.0047950186,0.000105564446
-0.60230047,-0.21163906,-0.22819504,0.020560974,-0.060070857,-0.044083547,-0.35039243,-0.043031637,-0.014268326,-0.02611466,-0.08140842,-0.0699552,-0.030898876,-0.19491398,-0.0223663,-0.013702556,0.004283837,-0.027999314,0.29391128,0.048253253,-0.003074586,-5.095508e-05,0.0028585214,-0.0010794161,-0.0012503826,0.0,-0.0026961288,0.00011037855,-1.4245085e-05,-0.0018336552,-0.0022357886,1.0939374e-05,0.00077528984,0.014498201,-0.01128777,-0.16639134,-0.034355737,-1.1965793,0.0056427643,-0.0280163,-7.930529e-05,-0.0034918368,0.002906191,0.0048300596,0.014878468,-0.00084776594,0.003261791,0.0077902838,0.0001448452,0.027139649,0.13078025,0.0033464115,0.0002707203,-4.338818e-06,-0.0013035792,0.0,-0.00023063528,-0.0018800058,-0.00041920764,0.00053360825,5.400854e-05,0.0069391937,-0.00033099437,-3.7625003e-05,-0.00022543252,-9.892166e-05,-0.0012192407,0.00015731947,0.000601781,-0.0023138605,2.927352e-06,-0.00013915947,-0.00064119016,-0.0003736806
-0.16061626,-0.07492706,0.5334497,-0.0038654674,-0.038833827,-0.005999367,0.27592617,-0.0002727771,0.0049316213,0.009368677,0.011680447,-0.0013802835,-0.008418247,0.13846152,-0.0138891535,0.029443517,-0.02532561,0.012844056,-0.09601268,-0.014533223,0.0053358334,0.0011806465,0.0009771829,-0.00019784464,0.0015766138,0.0,-0.00040238452,-0.0041952627,1.8590159e-05,-0.0015277844,0.0020799749,1.9768286e-05,0.0005660341,0.01724697,-0.0054142117,0.120635845,-0.0347194,0.013254011,0.0004243192,-0.014573875,-0.00024938962,-0.00084337685,0.002277639,0.0044217245,0.023203699,-0.0004471362,0.0049002357,0.012028256,0.00027788058,0.035896987,0.2410598,0.0011723796,0.00027156583,-4.4329404e-06,-0.0005040635,0.0,-0.00018555869,-5.0506438e-05,-0.0014463867,0.00078475894,0.0014613015,0.0009279705,-6.0480677e-05,-4.7383288e-05,-0.0001441323,0.00018690317,-0.00051736296,0.0029340736,0.00013258283,0.0024082898,7.954296e-06,-0.00031443604,-0.0035354155,-2.6867434e-05
0.37293017,-0.058362707,-0.3619967,0.0049286764,-0.061684024,-0.0065780384,-0.27654102,-0.0060229534,-0.0047467113,0.00058144704,-0.0028044835,0.01942846,-0.02294533,0.07760191,0.018803826,-0.007149232,0.0011093584,-0.033957817,-0.08958329,-0.012095324,-0.001954418,-0.00032387156,0.0027692681,-1.5170974e-05,0.0020316108,0.0,-0.00039149853,-0.0011699094,-1.470578e-05,-0.00097276014,0.020461174,1.0847571e-06,0.00060963,0.022648476,-0.009304611,0.23065135,-0.03157675,0.01562641,0.0038696118,-0.008593944,-0.0003462383,-0.0012550815,0.0025948416,0.005702353,0.04694394,-0.00097292755,0.0012373729,0.010466295,0.0018050728,-0.15091716,-0.12577991,-0.00061147125,0.00040222585,-4.338818e-06,-0.019275848,0.0,-0.00018421114,-0.0005076464,-0.00042081517,0.00031538747,0.00015100029,-0.0025187174,-0.00014643822,-1.2845325e-05,-0.00012940675,-7.3186886e-05,-0.00019240078,-0.0001503806,0.0009357476,0.0022712096,8.920879e-06,-0.00045091406,-0.010228368,-1.850826e-05
0.33635625,-0.13161449,0.35210297,0.0056940047,0.16349697,-0.0033652605,0.3524313,0.01269462,-0.0036953588,0.008634877,-0.044863965,0.028263774,-0.026673054,0.39952385,-0.012562544,0.030174961,-0.0026896172,-0.06405868,-0.060710914,-0.00925038,0.00031728685,-0.0011018161,0.0010393048,-0.0025056272,0.0025019334,0.0,-0.0010654355,-0.000900456,1.1591936e-05,-0.0011039894,2.948524e-05,-6.6484725e-05,0.00044278635,0.017877989,-0.005169405,-0.0617815,0.19184704,0.0131889125,0.0002728678,-0.024491845,-0.00014540766,-0.00085653464,0.0021769684,0.0042981347,0.0151259005,-0.0005254612,0.0038102453,0.012387756,0.00030061763,0.024681555,0.22951302,0.000966446,-0.00021781227,-4.4329404e-06,-0.0005376021,0.0,-0.00022735258,-1.8760564e-05,-0.0005421382,0.00030981345,-0.00063438795,0.0025303008,-0.00023353536,-5.0261224e-05,-9.203231e-05,0.00024089326,-0.0007315133,0.00021559291,-0.0013290262,0.0024839581,0.00017362477,-0.00043878364,0.008936237,0.00017641086
0.108201474,-0.00056149473,-0.3400873,-0.014883772,0.26846167,0.049346223,0.36251763,-0.018541668,0.0015296768,0.00032987693,0.021380225,0.009921024,-0.015895553,0.39820766,-0.01191077,0.0297913,0.0016939407,0.0039177095,-0.07433582,-0.014215002,0.0010463534,-0.0018341329,0.0015373264,-0.00029006158,0.001452599,0.0,-0.00048389082,0.00053684827,5.234915e-06,-0.0005754406,-0.00015879166,-4.212702e-06,0.0002239699,0.01803545,-0.003478298,-0.07191065,0.24981324,0.016190447,-0.00079170824,-0.016724898,-0.00011303311,-0.001478397,0.0017015218,0.0074911923,0.02860468,-0.0007423322,0.0022631949,0.011046765,0.00024843196,0.038643133,0.20734033,0.0041970275,0.00031238972,-4.4329404e-06,0.0005083835,0.0,-8.35511e-05,-0.00025041483,-0.0010753867,-6.05909e-05,0.0020918637,0.0013194474,-6.186869e-05,-4.762151e-05,-0.00012787481,0.00097473466,-0.001308917,3.7869562e-05,0.0020799406,0.004827937,0.00017307441,-0.00056869996,-0.0024283812,9.226158e-05
0.38946578,0.22459327,-0.34820274,-0.004785165,-0.045315444,0.03401505,0.4033533,0.01189874,-0.005528084,0.044365294,-0.0038952625,0.015869925,0.058355317,0.37670493,0.01165613,0.028112166,0.0008595315,-0.02429973,-0.055060994,-0.01083846,-0.0018041764,5.8412144e-05,-0.0030627123,0.0027575325,-0.007771741,0.0,-0.0005880867,-7.402511e-05,-1.2528598e-05,0.0006681238,-0.00016233597,2.0749434e-05,0.00023791022,0.016311903,-0.0029624286,-0.05675176,0.26431078,0.0092194695,0.0017860007,-0.020660184,-0.00023554466,-0.001531767,0.0017837747,0.0041898023,0.015659917,-0.00082786405,0.0012461008,0.018233571,0.00020859978,0.025499746,0.21288985,0.004067979,0.00041545305,-2.0408525e-05,0.0020327028,0.0,-2.3983566e-06,-0.00044987263,0.0013945015,-0.0007325316,0.0019256144,0.0014620333,-6.5423184e-05,-0.00012857086,-0.00028238838,0.00013585394,-0.00094090245,0.00012856814,-0.0007061963,0.0020613098,3.2416851e-06,-0.00048571848,0.008020324,-1.5277183e-06
-0.6495577,-0.21635775,-0.25801125,-0.004685319,0.38115326,-0.03227532,-0.24162604,-0.0077109276,-0.0049822447,-0.047975924,-0.04135954,-0.03371017,-0.01935783,-0.18698564,-0.027330855,-0.020838879,0.00088910165,-0.015647061,-0.12567556,-0.018751424,0.0013025446,0.0008171834,0.0006035147,-0.00049590104,0.0044462644,0.0,0.028004775,0.00079566543,0.0001564492,0.00047980307,-0.0007862098,1.4828097e-06,0.00028830155,-0.1414933,-0.006571003,-0.1478234,-0.025386272,0.023493018,0.007177928,-0.024131332,-0.00013514694,0.045502167,0.0012681637,0.006833937,-0.047547497,-0.0007584739,0.0027793164,0.009323763,-3.090392e-05,0.037917186,0.17824852,0.0021856718,-1.7802586e-06,-4.338818e-06,0.0010901642,0.0,-0.00031011537,-0.0005126438,-0.0016490913,-0.0419046,-0.002243406,-0.019456457,-0.00043312556,-4.1678693e-05,-0.00010813945,-0.0008595759,-0.00024329031,-0.00052707485,0.003809232,0.0041310196,0.00017272671,-0.00011358537,0.013740023,0.004272032
-0.63184005,-0.019594118,-0.29097292,0.0042352346,-0.06751743,0.016327793,-0.38560903,-0.005000525,0.0060233693,0.0016457472,-0.02197524,-0.0012763563,-0.009441292,-0.39485067,-0.028882766,-0.050914627,-0.0022609355,-0.009678891,-0.13890463,-0.02090796,-0.0023943817,-0.0002332679,0.0030057146,-0.0003849188,0.00329574,0.0,-0.00056862447,0.0012405871,-8.1010236e-05,-0.00012469404,-0.0012896114,5.5340033e-06,0.001458666,0.025331868,0.008272928,-0.1514961,-0.023780122,0.017397186,0.0074024894,-0.025766868,-0.00013065714,-0.0029829612,0.0017067831,0.004147786,0.024863094,-0.00041136958,0.004977396,0.011915642,8.708112e-06,0.042240005,-0.100512244,-0.0029651967,0.00029641358,-4.338818e-06,0.000817982,0.0,-0.00017663509,-0.00038587087,-0.0004762099,0.0004382518,1.01707865e-05,0.0051957346,-9.25883e-05,-3.5022873e-05,-0.00015873258,-0.00016324228,-0.00027551982,0.000929595,0.005247343,0.0014346403,7.343631e-06,-0.00021708393,-0.009976663,-8.468098e-05
0.23509638,0.119881436,-0.38667187,-0.0024045138,-0.03839875,-0.0038490626,0.1684295,0.0037709347,-0.003943881,-0.0023264065,-0.010230662,-0.02101883,0.043022968,0.12350237,0.010989592,0.062402017,0.000368437,-0.037792403,-0.06820958,-0.009199921,-0.0013630631,-0.00015770286,0.0011955288,9.226913e-05,0.0009699852,0.0,-0.00035308918,0.0002655336,-8.7157445e-05,-0.0007426125,-0.00026740972,1.1483247e-05,0.0008273847,0.025872977,-0.002468455,0.15617669,-0.03306977,0.015805239,0.0016419501,-0.023786783,-0.00011229471,-0.00073926314,0.0018618065,0.0057396176,0.03577625,-0.00052499614,0.002087413,0.015828444,0.00049487693,0.043522757,-0.13467304,-0.002166147,0.0001950226,-1.9623727e-05,0.00019602185,0.0,-8.583879e-05,-0.0003414837,-0.0006634858,0.0007563189,-0.00029617926,0.0015539387,-5.5725628e-05,-4.4133347e-05,-0.00031299665,1.6356491e-05,-0.0007200672,0.0001803748,0.0019209341,0.0016366459,7.954296e-06,-0.0004940766,-0.005486131,-2.6738016e-05
-0.1638073,0.19483307,-0.30848092,-0.004994258,-0.040258564,-0.009555119,-0.08594333,0.013697089,-0.013571182,-0.039241213,0.015366681,-0.012470672,0.0036207894,-0.15306284,-0.19618714,-0.011468116,-0.0017586303,0.010935437,-0.10803632,-0.01560172,-0.021166107,-0.0010967236,-0.005578734,-0.00011275413,0.0010869047,0.0,-0.0002249102,0.00021030912,-7.5726607e-06,-0.0010551991,-0.00021612096,5.025206e-06,0.0010371481,-0.10519931,-0.0047734873,-0.13524224,-0.026893457,0.021734167,0.0052723605,-0.021218168,0.05204551,-0.007689741,0.0025579226,0.0075866194,-0.05645815,-0.0014261946,0.004288748,0.017152643,0.00029235907,0.026137106,-0.12519914,-0.0028939764,0.0004663961,-4.9988466e-06,0.0015395328,0.0,-0.00058056193,-0.00045165807,0.00011325013,0.00075718516,-0.0001670788,0.0025386547,-6.166242e-05,-3.9922696e-05,-0.00032593927,-0.00011067137,-0.0003239676,0.0008309118,0.0061544976,0.013156757,7.954296e-06,-0.00041062452,0.01106767,0.00018197864
-0.52203405,-0.023928925,0.068878956,0.0093292445,-0.039247245,0.009408134,-0.02866195,0.0056950725,-0.00212767,-0.011676523,0.038384728,-0.006216631,0.015198539,-0.11425768,-0.0024382938,0.0036701078,0.0017291834,0.0123161,-0.15441853,-0.021971261,-0.0013526466,-0.00010584863,0.0010349521,-0.00056296075,0.0021212525,0.0,-0.00083819596,6.161325e-05,-5.1474444e-06,-0.0003516927,-0.00029731236,8.962774e-06,0.00081794965,0.02127755,-0.005571211,0.2946926,-0.024490274,0.021748973,0.0014847738,-0.022881813,-8.510271e-05,-0.002284113,0.0032225654,0.0051655616,0.037468698,-0.00095997774,0.005638508,0.014321412,0.0003870789,0.042110913,-0.124690235,-0.0009360274,0.0002747811,-4.338818e-06,0.0017172561,0.0,-0.00058056193,-0.00014465918,0.0002279018,0.00017891721,-0.00040708002,0.0025497135,-8.738932e-05,-3.9447285e-05,-0.00017244712,-9.286925e-05,-0.00043422554,0.0016962882,0.001459723,0.0025117625,7.954296e-06,-0.00020927364,0.0089264875,0.00020004762
-0.47645593,0.22590426,-0.4046091,0.0025795312,-0.039665267,0.0014641037,0.029908963,0.0065800073,-0.0067094075,-0.013085208,0.06587212,-0.07089134,-0.008640471,-0.1560699,-0.042855013,0.06275008,0.00024313128,-0.0021418664,0.3700655,0.04959655,0.0024707734,-0.00014623367,0.004601199,0.00015735302,0.0012448557,0.0,-0.0008003135,0.0009665614,-1.890497e-05,8.823487e-05,-0.0006393601,3.513026e-06,0.0011933876,0.028096365,-0.0029784718,0.23382239,-0.021233482,0.015927792,0.0015919709,-0.022665061,-8.380583e-05,-0.0031154556,0.001791661,0.008116155,-0.06941183,-0.0008046341,0.0053451033,0.0128384475,-0.0208896,0.053061772,-0.099385306,-0.0006663779,0.00038701348,-4.338818e-06,0.0013883285,0.0,-0.00021665779,-0.00041851352,-0.0010986923,0.00024281499,-0.00036352527,0.00433659,-9.3812836e-05,-3.5372337e-05,-0.00019439586,-8.192212e-05,-0.00046741485,0.0013885708,0.0017540378,0.00053599133,7.954296e-06,-0.00033832135,-0.007614468,-0.0017489642
0.017144585,-0.58264965,-0.36083555,-0.0013773561,-0.09051525,-0.07015367,0.03888879,0.00017840308,-0.010171866,-0.026028816,-0.038315848,0.050180145,-0.011145835,-0.15324837,0.027156588,0.009539911,-0.0024571768,-0.0020226596,0.45163804,0.076616876,-0.0023866694,1.1575928e-05,0.0012076696,-0.0010961326,0.0006361124,0.0,-3.366822e-06,-0.00038949779,-6.6201846e-06,-0.0006926697,-0.00045055585,5.1879965e-07,0.0008263615,0.017663224,-0.00618345,0.2553195,-0.022231642,0.019305522,0.0022260726,-0.019738127,-0.000222826,-0.0020295354,0.0028611722,0.005208681,0.04298992,-0.00056844327,0.0027525176,0.011199828,0.00043649058,0.022275891,-0.10949467,-0.008022829,0.00021459616,-4.338818e-06,0.0016620143,0.0,-9.198874e-05,-0.0010412288,0.04207565,0.0004852617,-0.00035501044,-0.00986975,-0.00022477252,-4.4962595e-05,-9.703643e-05,-0.00029564954,-0.00028594327,0.00033715353,0.003096714,0.00228549,-0.00017757795,7.444725e-05,-0.013835479,-0.0003554297
0.23909523,-0.020313222,0.07909946,-0.0069765477,-0.045058653,-0.01285996,-0.4431396,0.0005390991,-0.0018301662,0.022155995,0.01799571,0.008055045,-0.0056446507,-0.28440896,-0.0090683615,-0.007840461,-0.0026175801,-0.027026804,-0.11245076,-0.012685092,0.002162452,0.002914742,0.0030767024,-0.0032708107,0.0016833182,0.0,-0.0002950321,-0.00035593144,-0.00010490749,-0.0010289341,-0.00089833257,8.161602e-06,-0.15137526,0.023155246,-0.04204615,-0.1548762,-0.027318286,0.025212666,0.006916204,-0.026927013,-0.00026335786,-0.0017735738,0.0021423271,0.0040933522,0.03493748,-0.0007355504,0.0046963524,0.012669676,-0.00026912804,0.04707659,-0.10220011,-0.0029740932,8.8425884e-05,-4.338818e-06,0.0011835735,0.0,-9.1253234e-05,-9.0902744e-05,-0.00025659084,0.0009892463,-0.0003949495,0.0012335877,-0.00021517854,-3.453846e-05,-0.0001465013,-2.6752964e-06,-0.00024546543,0.00017497328,-0.0013945833,-0.0138959335,7.343631e-06,-0.00048552788,0.014014303,0.000106656065
0.6047929,-0.40341204,0.42614415,-0.0060131857,0.24234447,-0.008302492,0.08471603,0.0022614563,0.014028322,-0.007578835,-0.040088248,0.11931528,-0.0015508442,0.09040507,-0.077631265,-0.010894467,0.0027485623,0.012405587,-0.07533641,-0.007778922,0.00037932675,7.705844e-05,0.0025861275,1.19630295e-05,0.001412964,0.0,-0.00103263,-0.0031263574,0.00018974546,-0.0006390372,-9.350258e-06,-4.192348e-05,0.00036916908,-0.0989911,-0.0061983285,-0.09500257,-0.02124142,0.025912484,0.0021515032,-0.026184727,-0.00034997024,0.0012895819,0.00091750687,0.002973705,0.03257604,-0.00045692403,0.0027259863,0.014194419,0.00027863268,0.024257693,0.22911467,0.0055983406,7.0988945e-06,-4.338818e-06,0.0033338189,0.0,-0.00022346768,0.00037753966,-0.0025302283,0.0006302396,-0.000211073,0.0026972054,-0.00014281659,-5.0134655e-05,-9.1475435e-05,-0.0002264474,-0.0006701274,0.00013713432,-0.0023139135,-0.038776018,0.00012348061,-0.00029002907,0.0021751726,0.00029583398
0.1897962,-0.01854699,-0.37464446,-0.0027205064,-0.061900124,-0.003993866,-0.161355,-0.0019925167,-0.0039320416,-0.0030235362,-0.014224657,-0.001830391,-0.0044174264,-0.2500272,0.0104714725,-0.021555139,0.0010977711,-0.017842611,-0.10181456,-0.018634688,-0.002048839,-0.0012698977,0.002059343,-0.00021985544,0.0017540528,0.0,-0.00032668252,0.00034577132,-0.00010229167,-0.00062190695,-0.0012604978,7.3889925e-05,0.0007488628,0.014896445,0.00871477,-0.13652633,-0.024918081,0.02469913,0.009055495,-0.013622357,-0.00015353072,-0.0015015242,0.0012406391,0.004011422,0.041708414,-0.000590655,0.0026544733,0.0102980705,0.0009419128,-0.1618824,-0.11798551,0.0019250757,0.00019371131,-4.338818e-06,0.000656026,0.0,-9.186075e-05,-0.00026315442,-0.00030102633,0.0006302475,-0.0009595775,0.0014207403,-0.00021209758,-1.9736632e-05,-0.00012928968,-9.71383e-05,-0.00028778633,0.00026304345,0.0009852721,0.0025128087,4.3583786e-06,-0.00031660416,0.0063262517,0.00014544278
-0.5248561,0.14677209,0.087983645,-0.0033486853,-0.03531241,-0.028892403,-0.36714134,0.0010876986,0.0059292787,0.0055943322,-0.03527308,-0.03657706,0.0008805533,-0.255883,-0.1602706,-0.021651106,0.0019492654,-0.014569826,0.3948842,0.052676912,-0.002278116,-0.00024720246,0.0022772984,-0.0003211114,0.0014115139,0.0,-0.0009262555,0.00016905327,-9.39496e-06,-0.00016102503,-0.0021876935,9.661433e-06,0.0009677427,0.028917613,0.028462568,-0.17564677,-0.02749113,0.021657476,0.008079002,-0.021410001,-0.00016940912,-0.004434286,0.002471204,0.0042727822,0.022862794,-0.00070898596,0.0044396752,0.014379948,-0.00024354586,0.04626084,0.16198573,0.004982123,-0.00012818586,-4.9988466e-06,0.001066891,0.0,-0.00010450332,-6.3495696e-05,0.00014573227,0.00026358472,-0.0002800935,0.0019934524,-0.00018999942,-3.7359066e-05,-0.00021082937,-2.8839138e-05,-0.00018967167,0.0007423089,-0.0012912793,-0.008119748,7.343631e-06,-0.00022292369,0.0021736927,0.00024103568
0.57379204,0.2954058,-0.31543666,0.002771684,-0.06473433,0.0467675,-0.43224874,-0.017330796,-0.006650155,-0.012575543,0.0039997133,-0.008536985,0.0446203,-0.39421043,-0.007508374,-0.12603386,-0.0025830234,-0.027770106,-0.07761065,-0.009975271,-0.0014557365,-0.00022399629,0.0068850997,-0.003115596,0.0024633412,0.0,-6.4299944e-05,0.0008952717,-1.4988905e-05,0.0009194101,-0.0014583273,9.721039e-06,0.00036977045,-0.050603602,-0.029294414,-0.09835052,-0.02547917,0.016717795,-0.11932109,-0.019183083,-4.6154193e-05,-0.0053991764,0.0015521105,0.003207678,-0.06321029,-0.0012897152,-0.0013951854,0.0071544484,-0.0002180404,0.0020140014,0.14185646,0.0010736637,-5.0432427e-06,-1.9623727e-05,0.005171754,0.0,-0.00017646427,-0.0003516149,0.0018092112,-0.0022605949,0.009024668,-0.010769533,-7.897578e-05,-4.667919e-05,-0.00027547096,-0.00010201339,-0.00047319307,-1.9845456e-06,7.5965756e-05,0.0028187125,8.920879e-06,-0.000781783,0.0071964175,-0.00030576825
-0.07593378,0.27637476,0.09886882,-0.0055378424,-0.028833922,-0.024653751,-0.329331,-0.02946592,0.012178187,0.0220709,0.017808938,0.0110973315,-0.01848337,-0.23228846,4.662303e-05,0.06736373,0.0014198176,-0.006779727,-0.12142821,-0.02475877,-0.0027879544,9.0241956e-05,-0.0041748905,-0.0020545318,0.00073665817,0.0,-0.00030905879,-0.009572862,-1.5847054e-06,0.00045620766,0.011174198,9.7995835e-06,0.0003300732,0.014287908,0.03306164,-0.1470314,-0.02630541,0.015417993,0.0014332212,0.16909261,-0.000101562306,-0.0017954466,0.0028061343,0.004765046,-0.03188597,-0.001541606,0.002964371,0.010517979,-0.00056307885,0.047114633,-0.09766008,-0.0021835777,0.00029263095,-1.9623727e-05,0.0018592819,0.0,-7.329437e-05,-0.0002740586,-0.000854455,0.00030682373,0.00074395735,0.006908701,-5.9518123e-05,-4.1023377e-05,-0.00025052458,-9.244736e-05,-0.0006973662,0.0016004734,0.00034257513,0.0011773804,8.920879e-06,-9.310324e-05,0.0033045076,-0.0005983664
-0.0057541337,-0.17227402,-0.2942119,-0.007361085,0.64883274,-0.03712934,-0.06574631,0.014496177,-0.009324465,0.016824244,-0.009553384,0.004414416,-0.021740612,0.120857544,-0.014560854,-0.014751579,-0.007147535,0.009732449,-0.101641804,-0.0131169725,-0.0016337076,-0.00024736108,4.4097447e-05,-0.0003513254,0.0045943502,0.0,-0.00049709313,0.00050040346,0.0001869042,-0.0008171905,-7.92221e-05,-8.387202e-06,0.0004709314,0.016057322,-0.0021364773,0.23358531,-0.009903286,0.022126049,0.0020627305,-0.02409041,-0.00029377645,-0.0030311446,0.0028353275,0.0075226957,-0.06563896,-0.00052570255,-0.05876502,0.013144679,-6.382873e-05,0.043416098,0.21825184,0.0026292414,5.0645653e-05,-4.4380067e-06,0.00053996284,0.0,-0.00033962843,-0.0003161851,0.011034492,0.00060984504,-0.0023121159,0.0002789478,-8.9875946e-05,-2.2850247e-05,-9.344486e-05,0.00010775775,-0.0012101124,-2.5311187e-05,0.0105358325,0.012784399,2.8092595e-06,-0.00023094167,-0.012181456,0.003382297
0.39864713,0.22431372,-0.32782722,0.0013599879,-0.05137653,0.032132346,0.31485972,0.0045528132,-0.005640082,-0.01565441,0.0021272092,0.00866042,0.08165277,0.2065017,-0.03329967,0.044644035,0.0018028845,-0.02725266,-0.06354624,-0.009628247,0.008438284,0.00019057334,0.003474816,0.0025943483,0.0042188545,0.0,-0.0005084708,0.0005058902,1.7965296e-05,0.00013488403,-0.00043257326,2.0749434e-05,0.00043294363,0.023111433,-0.003155585,-0.051792808,0.26920408,0.012007181,0.0010130017,-0.018261435,-8.545301e-05,-0.0022671614,0.00151871,0.0030557062,-0.02625656,-0.000809241,0.0012982769,-0.16556385,-0.00013575942,0.020704016,0.19003494,0.0021180524,0.00042046886,-2.0408525e-05,-0.00012937354,0.0,-0.000118326796,-0.00011024917,2.1263228e-05,-0.0002642549,0.0031279966,0.0030762372,-0.00012990388,-2.6972295e-05,-0.00027694379,0.0002980046,-0.00074072165,-3.691933e-05,0.00025510474,0.0029690037,3.5380172e-06,-0.00050683436,0.0003279483,4.939938e-05
0.16895553,0.1396923,-0.38652006,0.0076623764,-0.06218726,-0.03686458,-0.09299204,-0.008267187,-0.0100896,-0.0072418135,0.016731288,-0.009718009,-0.010232732,-0.18318267,-0.02762515,-0.043102216,0.00083383743,-0.033474118,-0.07900335,-0.0134521965,-0.0035610187,-0.00026450728,0.0013719621,-0.0028742258,0.000989143,0.0,-0.0018723846,-0.0010008067,-0.0001249257,-0.00043802452,-0.0002499492,8.574086e-06,0.0002918004,-0.0705723,-0.003162853,-0.11990076,-0.027662074,0.02117337,0.0068812384,-0.026479315,-0.0001688108,-0.004167523,0.0012907396,-0.59889126,-0.083168164,-0.0014388079,0.00089371926,0.008696396,0.00032329382,0.024988825,-0.09990123,-0.002440417,0.00034579646,-4.338818e-06,0.0015687105,0.0,-0.00019012886,-0.00036586457,0.013306701,0.0006141319,0.00030343395,-0.025714125,-0.00020887965,-4.138398e-05,-0.0001630139,-0.0043612537,-0.00037460116,0.00029112535,0.0028121904,0.0027920858,-1.7279885e-06,-0.00044482728,-0.008073778,-1.7561557e-05
0.34393457,0.13379607,0.33620006,-0.0042842464,0.22108994,0.0020779073,0.3758797,-0.018013408,-0.00052145723,-0.0026399614,0.049044214,0.022808472,0.017152194,0.37710628,-0.012916605,0.017408311,0.0015303898,0.004996002,-0.05869175,-0.011696764,-0.0048452117,-0.0019171544,0.0014051668,-0.00031667895,0.0025395365,0.0,-0.00032440352,-0.00058532634,1.8846713e-05,-0.0013384,-1.7403894e-05,5.7122787e-05,0.0003302263,0.01773802,-0.00602222,-0.061613522,0.18899795,0.012388669,0.00015897922,-0.018199336,-0.00019700766,-0.00077676727,0.0018252688,0.0048906575,0.017223788,-0.0004729262,0.003528393,0.010701858,0.00032318264,0.026240772,0.22315617,0.0013669569,0.00026517006,-4.4329404e-06,0.0005659082,0.0,-7.588648e-05,5.4367967e-05,-0.00022631377,0.00013448109,0.00092964794,0.00235664,-8.2888306e-05,-0.00025819943,-0.00027053757,0.000117770505,-0.0010217662,0.00024375139,0.0075944304,-0.009202319,0.00017362477,-0.000488719,0.0034169222,0.00017614305
-0.5398485,-0.029881129,-0.318061,0.0019570244,-0.07276534,-0.032703165,-0.4020091,-0.0029408445,0.0019873367,0.0060274936,0.008398851,-0.040379763,-0.0032018707,-0.3145135,0.005979579,-0.024800362,-0.0015037783,0.013198389,-0.12939528,-0.020215562,-0.00073900254,-0.00024390286,0.002692569,-0.0011501132,0.0034531443,0.0,-0.0004990055,0.0012243469,-8.343681e-06,0.00023223567,-0.0031103806,8.161602e-06,0.001340044,0.018964762,0.010127556,-0.15897214,-0.023176579,0.01694769,0.0063730474,-0.023160616,-9.749233e-05,-0.0021363534,0.0025036929,0.004977315,0.026977863,-0.00096590724,0.0042615053,0.011896464,0.00012099637,0.040153276,-0.110851765,-0.0034220265,0.00021885731,-4.338818e-06,0.001301767,0.0,-0.00058116944,-0.0005300033,-0.00027487555,0.00046839193,-0.00016250314,0.0049858917,-0.00010264611,-3.879291e-05,-0.0001805371,-0.00010836889,-0.00028061453,0.00082147575,0.0012754331,0.0014232593,8.920879e-06,-0.00025900832,-0.008626523,-0.00024105387
0.3908215,-0.29140443,-0.386926,-0.0025657928,-0.06769165,-0.023911595,0.073801905,-0.0193925,-0.0047521763,-0.007633256,-0.0061247386,0.03852716,0.008615364,-0.16546494,0.0008007428,-0.02905101,0.00089984277,-0.05220466,-0.0905023,-0.012482742,0.0001477357,-0.00014191608,0.0011799494,8.7535245e-06,0.0018506363,0.0,-0.0006055348,0.0009759062,-2.648352e-06,-0.0008885802,-0.0002677579,-3.0904307e-06,0.0004391583,0.032979477,-0.005021347,0.2610604,-0.017348552,0.020896126,0.010309305,-0.01613049,-0.0002741489,-0.00075826095,0.0022224537,0.0058362796,0.083480604,-0.00091828784,0.0011050875,0.013884826,0.00023113635,0.034544095,0.2550132,0.0008161855,0.00026150327,-4.338818e-06,0.001977999,0.0,-0.00022069966,-0.0005466015,0.00025300632,0.00046294837,-2.354948e-05,0.0019697312,-7.4070806e-05,-4.2373747e-05,-0.00010351843,-9.517453e-07,-0.00038515733,0.00036168488,-0.0080697145,-0.02672829,4.3583786e-06,-0.00040423276,0.0009876757,5.8973266e-05
-0.504044,-0.060019292,0.30652922,0.008276183,-0.028910792,-0.02837053,0.04420773,0.07544863,-0.0036588795,0.024693439,-0.019331183,-0.026281519,0.00024595577,0.20490988,-0.025046786,0.0193368,0.006084335,-0.001184734,-0.13754767,-0.02358791,0.001216628,0.0028757611,-0.0027196503,-0.001885475,0.0010481258,0.0,-0.00043404076,0.006267952,-1.0138906e-05,0.00073501054,-0.00023796054,1.6861131e-05,0.00050923624,0.028508859,-0.0047361134,0.1509592,-0.025318397,0.014604449,0.00035590137,0.3590794,-0.0004227697,-0.0012071871,0.0024305051,0.004193466,-0.029304538,-0.0009448767,0.002931265,0.013036286,0.00043890625,0.036723997,-0.12955917,-0.010996032,0.00033235925,-4.4329404e-06,0.0008978134,0.0,-0.00014163625,-2.5882211e-05,-0.0006197587,0.0006405989,0.00078839634,0.0030293425,-7.876726e-05,-4.809152e-05,-0.0001442436,-0.00012061004,-0.0003479961,0.0015092749,0.00049445056,0.00048105625,7.954296e-06,-0.0001469417,0.005333161,-0.0008043953
0.326685,0.080567345,0.4222142,0.0052220603,-0.036643166,0.047401298,0.43909022,-0.0065861694,-0.011255491,0.0026321502,0.05856311,-0.0014712273,0.0015703548,0.45777747,0.013563951,0.02029488,-4.528571e-05,0.011691959,-0.059356246,-0.010300388,0.0015756093,0.00022171206,0.0017738712,0.0008642336,0.0021941762,0.0,0.00091962836,0.0015781436,-8.647035e-06,-0.0020665668,0.00013739623,7.117557e-05,0.00023444362,0.017961442,-0.005494585,-0.049058426,0.21434473,0.017678134,0.0017148304,0.1223017,-0.00023138335,-0.0010624278,0.0020478216,0.0046703536,-0.02301625,-0.0005465909,0.0025037446,0.0087376535,0.00031177944,0.041731462,0.19043249,0.0019220718,0.000426803,-2.0408525e-05,-0.00060977566,0.0,-0.00015177033,-0.00024359641,-0.00042736973,0.00016266544,0.0028082496,0.00091978745,-0.00017226671,-3.459541e-05,-0.0002797257,-0.00024405833,-0.0006412466,0.00040734358,-0.0011863236,0.0010616991,2.9273515e-06,-0.00072656205,0.003067709,0.00012970681
-0.582705,-0.040929705,-0.36392766,-0.0051823827,-0.05451205,-0.031348016,0.12459203,-0.008723152,-0.012616597,-0.010074709,-0.007368765,-0.08443401,0.00741509,0.13848323,-0.004001633,-0.0046730805,0.00095975975,0.008983912,-0.14441842,-0.01706647,-0.0001541934,-0.00034183403,0.0006787973,-0.00019661225,0.0018573886,0.0,-0.00087549584,-0.0031080737,-2.0463342e-05,0.0007868985,0.004539499,5.5035653e-06,0.00063829514,0.03001101,-0.0032008437,0.14900486,-0.030723654,0.01617588,0.0017632813,-0.03224353,-0.00033158687,-0.001648803,0.0015853863,0.0048001106,0.019151105,-0.00061067095,0.005449114,0.017344244,0.00035401713,0.048426226,-0.13808507,-0.0020646139,0.00037073952,-4.4380067e-06,0.000784499,0.0,-0.0006011237,-0.0004557438,-0.00067162124,0.00052572787,-0.00026756938,0.0019299601,-5.2084444e-05,-4.0410287e-05,-0.00018124534,-6.610137e-05,-0.0002488775,0.0016512049,0.0017973331,0.00040980685,7.954296e-06,-0.00014014528,0.007467637,0.00025917712
0.25580996,-0.0366558,0.26180923,-0.0044345367,0.21165854,-0.013086365,0.15317404,-0.027284576,-0.006268737,-0.01098319,-0.009977991,0.0071420707,0.017281294,-0.11327414,0.013131955,0.007820278,0.0019635505,0.00985441,-0.096093625,-0.015671639,-0.0038559635,0.0025606272,0.0011664064,-0.0004611076,0.0013247953,0.0,-0.0002462859,-0.0015670754,0.00019453805,-0.0005044204,-0.00013705337,0.00017965084,0.00033096923,0.022538904,-0.006295723,0.23720029,-0.016122373,0.026059458,0.001998086,-0.0098522715,-0.00052371353,-0.0006650033,0.002727403,0.008019822,0.05396341,-0.0010414502,0.0029261908,0.019433247,0.00035437668,0.032488056,0.2562769,0.003372589,9.67717e-05,-4.338818e-06,0.0018707797,0.0,-0.000110384215,-7.265636e-05,-0.0009912227,0.0007222657,0.00014418016,0.0012407677,-8.832953e-05,-4.947609e-05,-0.0001282002,8.4089166e-05,-0.00090858707,0.00035604794,0.0014727862,0.00940973,0.00017142916,-0.00043259937,0.005448574,0.00015200925
-0.47895283,-0.25854272,0.042435315,-0.0064944774,-0.060001343,-0.0076766377,-0.38210684,-0.015311351,-0.0032320987,0.045853067,0.017610012,-0.009359966,-0.0012129972,-0.3715761,-0.0046770787,-0.1075164,-0.0011235586,-0.0017011595,-0.14731678,-0.028572276,-0.00095497485,-0.00018013743,-0.01056794,-0.00048025357,-0.026220446,0.0,-0.0013291106,2.8928618e-05,-8.312669e-06,-0.0015562753,-0.00024385023,7.475152e-05,0.0008930569,0.011441364,0.019292343,-0.16049702,-0.022405952,0.014793199,0.0039799064,-0.025709245,-5.6416662e-05,-0.0025354186,0.00264584,0.002870521,0.020466654,-0.000779282,0.0035898008,0.00894294,0.0004210083,-0.19807285,-0.10464261,-0.00081256294,0.00028559985,-4.338818e-06,-0.018312316,0.0,-0.0005756779,-4.1694446e-05,-0.00031056613,0.00040670348,-0.00034465126,-0.030502765,-0.0002666922,-4.8895574e-05,-9.318055e-05,-0.0008097345,-0.000254974,0.00076416717,0.0002668048,0.0007170381,4.818934e-06,-0.00017718544,0.003133923,0.00044932606
-0.46307978,-0.053409513,0.11409011,-0.0011347228,-0.04235081,-0.014997336,-0.0017300685,-0.010097441,-0.0027104917,0.03974905,0.0645745,-0.062609,-0.020533238,-0.07630125,0.01525421,-0.040371127,0.0041425116,-0.019747734,0.45123556,0.059074126,-0.018264836,-0.009012314,0.0023194244,-0.0014607037,0.0024806028,0.0,-0.00071695354,0.0010766793,-9.48024e-06,-7.707793e-05,-3.9682556e-05,7.3889925e-05,0.00069060904,0.022524802,-0.0046417266,0.27396145,-0.019687774,0.017355813,0.0014287467,-0.02247058,-0.0002662077,-0.0031003375,0.002946638,0.0041374015,-0.070955984,-0.0009286522,0.0036380156,-0.24413773,0.0010909506,-0.10510411,-0.09423701,0.0030832915,0.00012253746,-4.338818e-06,0.0019304812,0.0,-0.00018871548,0.00012414374,-0.0007065293,0.00038637963,-0.0008193488,-0.00027476982,-8.332881e-05,8.111747e-06,-0.0001390289,-5.8105416e-05,-0.00037098554,-0.00021312844,0.002344253,0.00239738,7.954296e-06,-0.00029430483,0.0088061765,0.00041604333
-0.4716091,0.17907159,-0.34764755,0.010789966,-0.05368717,-0.0042085447,-0.34117883,0.043068256,-0.010175541,-0.027890636,0.014013822,0.002257293,-0.014028784,-0.31230247,-0.08347556,-0.2191899,-0.0008683046,0.0086535765,0.29739305,0.03785118,0.008685576,-0.0002806005,0.0049426015,-0.00030043657,0.0028031871,0.0,-0.00079129887,0.0007127951,-2.3022772e-05,-0.0013994299,-0.0030495566,7.635263e-05,0.0014042703,0.016019886,-0.0014318591,-0.13641529,-0.024036279,0.013640016,0.0060093477,-0.029396692,-4.327034e-05,-0.00286017,0.0020971545,0.0042230366,0.019304795,-0.0010106008,0.0037339765,0.009065424,0.00052333635,-0.17508076,-0.093177065,0.00025568914,0.00021768323,-4.338818e-06,0.0011490047,0.0,-0.00018468656,-0.0004372775,0.00014964046,0.000106133775,-0.0010419306,0.0021489004,-0.000118900294,-1.0338788e-05,-0.00023472995,-5.2751773e-05,-0.0002791574,0.0006395271,-0.0009593939,-0.0013708076,8.920879e-06,-0.00031647822,-0.005378271,-0.0019030074
-0.49523008,0.24356079,-0.3021575,-0.0039430233,-0.043803442,0.0025839068,0.0031785606,0.0036147998,-0.013404292,0.0018011663,0.043712165,0.00018478248,0.019054681,-0.14078872,-0.0075179036,-0.007298569,-0.0010076738,-0.024737626,-0.14381547,-0.022759743,-0.003112808,-0.00039775224,0.00157294,-0.000103155435,0.0022538193,0.0,-0.0005726642,0.00023990651,-9.556024e-06,0.00012775975,-0.00043134726,8.532046e-06,0.0012721334,0.031672113,-0.0045362744,0.29401347,-0.019136313,0.018301731,0.0032083928,-0.026083793,-0.00012061006,-0.0012164423,0.002353906,0.0072475225,0.04922271,-0.0011640253,0.005987309,0.015055439,0.00063895434,0.043771137,-0.12704532,-0.0017948278,0.00037336946,-4.338818e-06,0.0012452587,0.0,-0.00058056193,-0.00058049825,-0.00024050678,0.00031856023,-0.000796847,0.0023525965,-5.8636055e-05,-3.9922696e-05,-0.00034746632,-9.188139e-05,-0.00029527597,0.0013668711,0.00092350465,0.0015026074,7.954296e-06,-0.00033432766,0.0092492085,0.00015660035
0.2993381,0.096440405,0.3176869,0.0033504386,-0.025397247,0.011966717,-0.041901194,-0.008129027,0.0092039155,0.0012117547,-0.03433801,-0.006194553,-0.034044076,0.16373512,-0.1695521,0.048484024,0.001162363,0.0072522536,-0.085625835,-0.010520876,0.0005649192,-0.00022159789,0.0007540365,0.00027404312,0.00095088565,0.0,-0.00038895226,6.425358e-05,-4.8050315e-06,-0.0014063234,0.00064190745,0.000113468086,0.0003777213,0.020886138,-0.004090034,0.16954474,-0.023425438,0.018236792,0.00052165793,-0.01901317,-0.00042779822,-0.0003154438,0.0022691563,0.004089226,0.02095551,-0.0002780933,0.0024537873,0.017719751,0.0024385985,-0.15096748,-0.1668072,0.002100475,0.00043253205,-2.0590518e-05,0.0017415066,0.0,-6.710796e-05,-6.0541708e-05,-0.0017379511,0.0007494701,-0.00030686625,-0.00036581178,-0.00018921617,5.1317966e-06,-0.00022500225,2.7913671e-05,-0.0009235634,0.00021153274,0.00030496749,0.0008845092,4.3583786e-06,-0.00046373415,0.0031814238,0.0001329978
0.20366399,-0.14355071,-0.47933576,0.004168399,-0.07073395,-0.030878058,-0.355618,-0.0035354893,-0.002164504,-0.007788822,-0.01399732,0.011458205,0.068948716,0.13780326,-0.021291252,-0.039280485,-0.0010623438,0.008807598,-0.075997,-0.012779169,-0.0028398803,-5.938947e-05,0.0026626373,-0.00014148114,0.00014127039,0.0,-0.0005023469,0.00061064225,-2.4881205e-05,-0.00069827226,-0.0010210746,9.849844e-06,0.00047672715,-0.12538622,-0.008067934,-0.1633604,-0.032341022,0.023225857,0.0065468815,-0.0185117,-0.00016668001,-0.0048105954,0.0022215715,0.0050679413,-0.057290234,-0.0009789302,-0.035953846,0.013903276,-0.000114967166,0.025919054,0.155546,0.00062973273,0.0002974855,-4.4380067e-06,0.0007694154,0.0,-0.00025895165,-0.0010108673,-0.008464873,0.00036703245,-0.004022547,0.0004204896,-8.543171e-05,-0.00026018548,-0.000112919806,-3.4508506e-05,-0.00022299954,-2.9974548e-05,0.0012765048,0.0024460542,8.920879e-06,-0.0006266378,-0.0074697537,-7.089808e-05
0.20422946,0.17178042,-0.3587598,-0.0025129237,-0.0391838,-0.006115523,0.04090959,-0.026072111,-0.010676912,-0.0051761973,-0.0012169286,-0.008568659,0.036484364,-0.09427517,0.006322151,-0.024472894,-0.00052230846,-0.036059275,-0.08752857,-0.011512369,-0.002677472,-0.0002400318,0.0010396925,5.7306483e-05,0.0015210983,0.0,-0.00037956904,0.0003469568,-0.00010269286,-0.001012373,0.00041399803,7.662212e-05,0.00063340855,0.021228332,-0.0024894322,0.25377035,-0.015701534,0.0233563,0.0027810747,-0.019872477,-0.0003262252,-0.0003966256,0.0016860653,0.005142946,0.074419565,-0.0009175909,0.0029169645,0.012354274,0.0018263593,-0.18803123,-0.14179195,0.00088514626,0.000585494,-4.338818e-06,0.0011813577,0.0,-9.1253234e-05,-0.0005611563,-0.00060356746,0.00019144526,-0.00084797334,0.0021415388,-6.828061e-05,-1.9790572e-05,-0.00015681851,-7.679813e-05,-0.000392374,0.00036099536,0.0018198452,0.0023768258,4.3583786e-06,-0.0003713191,0.0070236083,7.9929734e-05
-0.65118176,-0.026246538,-0.18478832,-0.005747652,-0.04302591,-0.043455146,0.0077147866,-0.0077676736,-0.009742718,0.004223082,0.03629396,0.006946268,0.006318044,-0.15107952,0.011815128,-0.020811707,-0.0013643206,0.01699417,-0.15657493,-0.021740645,-0.0017361151,-0.00022557036,0.0013661274,-0.00011652063,0.0018399652,0.0,-0.0002281551,0.00015882576,-6.115422e-05,-0.00023539056,-0.00022081974,6.3938332e-06,0.00090735743,-0.18642999,-0.0037107638,-0.14343132,-0.02599378,0.014840471,0.005006807,-0.033837076,-4.636903e-05,-0.0019430188,0.0030215671,0.006492932,-0.051394805,-0.00072667,0.0052185794,0.013996311,-0.0089458795,0.046214852,-0.11385714,-0.0030668469,0.00023758916,-4.338818e-06,0.0014544897,0.0,-0.0006976032,-3.6125784e-05,-0.0008994137,0.0006111036,-0.0001344293,0.0037543275,-7.363754e-05,-3.913325e-05,-0.00018093927,-0.00020459466,-0.00025639302,0.0011049683,0.00051444554,0.0034339975,3.5380172e-06,-0.00016926516,-0.0029769328,-0.00014185329
-0.10477499,0.21306503,-0.3856702,-0.003292479,-0.04762651,-0.0142160775,-0.28874832,-0.023514647,-0.0063853804,0.011151353,0.0133860605,-0.03483915,-0.00033016218,0.14495316,-0.02020948,-0.016675813,0.0006557208,-0.033520434,-0.09634527,-0.013598188,0.00477501,0.0010363937,0.004625083,0.00044011886,0.0020129844,0.0,-0.00020368455,0.00029147475,-2.8189904e-06,-0.0010106511,-0.0027186368,3.753838e-05,0.00086198543,0.022613907,-0.0016987792,0.20899518,-0.017924447,0.019237077,0.0053996653,-0.016417097,-0.00019247514,-0.0023111382,0.0023568394,0.0054356637,-0.10645096,-0.0015982342,0.0026169196,0.014074339,-0.006012927,0.047063258,0.17173508,0.0006147228,0.00016857078,-1.9623727e-05,0.0016872309,0.0,-0.00017768262,-0.00075279386,-0.00017102889,-0.00020827555,0.00011793428,0.0023989847,-7.0892595e-05,-4.198253e-05,-0.00028599807,-3.6985035e-05,-0.0005359469,0.0008041196,0.0014955959,0.0018982799,8.920879e-06,-0.00057295064,-0.0033113686,-0.0002583032
-0.62862694,-0.7334584,-0.29338735,-0.0051081376,-0.0677165,-0.04190416,-0.04303043,-0.006852328,-0.0071108043,-0.042370655,0.06080276,-0.041390844,-0.012961984,0.13573681,0.019082192,0.0066639073,-0.0012619202,0.012573297,-0.20167226,-0.030925112,-0.0021681357,-0.0036353495,0.00039800073,-0.0014692808,0.0016403268,0.0,-0.00071763824,0.0013875371,-1.2972523e-05,4.7095287e-05,-0.00028572595,-7.18163e-05,0.00053373794,0.046329338,-0.006285699,0.20205265,-0.02266244,0.015184416,0.001025433,-0.044470623,-0.00016320076,-0.0024028907,0.002066233,0.0049093245,0.02221635,-0.0007491786,0.0021007298,0.0074390555,0.0010573338,-0.11341073,-0.11427941,0.0030496195,0.00040050608,-4.338818e-06,0.00024508155,0.0,-0.00060505996,-0.0004940037,-0.0005941036,0.00020875112,-0.0005849058,0.0038901952,-8.28044e-05,-1.7239847e-05,-0.000118107586,-0.002605917,-0.00025227584,0.0010329222,0.0047724037,0.0015100687,-2.5544621e-05,-0.00016335883,-0.0077539524,-0.00022505753
0.2224975,0.16751376,-0.37886497,0.006659193,-0.057501096,-0.028311437,-0.046054274,0.011886648,-0.0026923579,0.001078527,-0.014405527,0.007504359,-0.0058854264,-0.1885977,0.0047548246,-0.018458396,-0.000563103,0.00048042153,-0.07760946,-0.012263457,-0.001975433,-0.0009874989,-0.00400777,-0.000909828,0.0010644816,0.0,-0.00015788082,-2.5442218e-05,-1.8859391e-05,-0.00082385115,-0.00080855953,8.840578e-06,0.00039387375,-0.07276532,-0.00887047,-0.13363019,-0.024963925,0.02222685,0.015196411,-0.011468067,-8.174359e-05,0.06999136,0.0023793639,0.0077544823,-0.075640395,-0.0010915024,-0.0010843436,0.016513253,-9.174331e-05,0.03821756,0.17831627,0.0003467256,0.00040770444,-4.338818e-06,0.00074050634,0.0,-0.00028636292,-0.0005586228,-0.0022478355,0.00074115815,0.010005365,-0.005119304,-0.0001438105,-4.4324403e-05,-0.0002032226,-5.025353e-05,-0.0004195485,9.190914e-05,0.0036244802,0.0032380223,7.954296e-06,-0.0006294229,-0.012008049,-8.305912e-05
-0.09880912,-0.49793234,-0.34242204,0.028229285,0.60087776,-0.03241543,-0.40417275,-0.012304176,0.0063727,-0.028314734,-0.016320815,0.0041164896,-0.0077498467,-0.26801926,-0.050492704,-0.046126273,-0.00011964023,-0.0033755358,-0.088633,-0.009839926,-0.022630373,-0.0014162112,0.0027906832,0.0010944057,0.0022426457,0.0,0.00048078556,-0.005603595,1.947265e-05,-0.00041374913,-0.00021639212,-3.6552492e-06,0.00057307415,-0.069725364,-0.011416231,-0.16160695,-0.01761767,0.019902976,-0.066442646,-0.01648319,-0.00017021966,-0.004646164,0.0025167894,0.0035720645,-0.05248255,-0.00073134556,0.00076089596,0.008156596,-0.0002581551,0.032365926,0.16131626,0.0037159051,0.0003343534,-4.338818e-06,0.0008726548,0.0,-0.00015576679,-0.00015203582,0.02208091,0.00034849806,0.00184917,-0.00828057,-0.0005160441,-3.9597562e-05,-8.8651934e-05,-0.0012401065,0.074571274,-0.00025635064,-0.008687294,0.008479946,3.0842595e-05,-0.0002106593,-0.014658002,-0.0017754893
-0.21958497,-0.08277436,0.032291748,0.013852127,-0.0293955,0.0048897355,-0.05065013,-0.0055158464,0.00046982212,0.10628425,-0.01387291,-0.024116442,0.022286238,0.18398547,0.032835685,0.008790021,-0.005294588,0.011187394,-0.122341886,-0.019119235,0.0015696128,7.95996e-05,0.0006611015,-0.00027355924,0.0008227604,0.0,-0.00030150125,-4.85881e-06,-1.1058175e-05,-0.0018146958,0.00011438316,7.741987e-05,0.0006004432,0.020962441,-0.0034291074,0.16959223,-0.033277534,0.017014172,0.0014428148,-0.027459435,-0.00050840224,-0.0018581183,0.0029078447,0.0042628325,0.023208171,-0.0007947517,0.0025099206,0.012331073,0.0018683693,-0.17923841,-0.14247593,0.0017194249,0.0004074054,-4.4329404e-06,0.0004127396,0.0,-0.00018887162,-9.143431e-05,-0.0008197774,0.00048341564,-0.00012348643,0.0009022412,-8.935674e-05,-5.0434068e-05,-0.000129784,8.800447e-06,-0.0005057458,0.0005224647,0.00046821465,0.0012421424,-8.156212e-08,-0.0004493354,0.00035005182,0.0006467111
-0.64733374,-0.05217606,-0.33005318,-0.006665195,-0.047046997,-0.009906514,0.15499215,-0.0062225605,-0.015503708,-0.006675542,-0.017664699,-0.0060572363,0.012918838,-0.11543869,-0.01488511,-0.018369038,-0.000677637,0.001012302,-0.14974946,-0.020405794,-0.003972975,-0.00026215328,0.0028258697,-0.00010296018,0.0019829036,0.0,-0.0006860148,0.00035892343,0.0010864505,0.00051975006,-0.00040145803,4.5255492e-06,0.0009157111,0.035950314,-0.003187899,0.21136904,-0.019073742,0.017392458,0.0032004581,-0.035049576,-0.0003624038,-0.0012659094,0.0019519243,0.0067460374,0.034925986,-0.0010006638,0.005242304,0.017070841,0.00036740227,0.049884424,-0.14823715,-0.0004890047,0.00041662177,-4.338818e-06,0.00096021,0.0,-0.0006801143,-0.0008038077,0.019775515,0.0004892207,-3.8341408e-05,-0.007720476,-7.188141e-05,-3.6736692e-05,-0.00015829869,-0.00016366769,-0.00031459692,-0.033902057,-0.008128412,0.0011625899,7.954296e-06,-0.0002204241,-0.013058734,0.00038536798
0.32280037,-0.4623683,0.4219248,-0.011092489,-0.051421005,-0.029670525,-0.22145937,-0.0042528147,-0.0068650455,0.07706602,-0.06587314,0.11507513,0.01877957,-0.1872774,0.049967993,-0.046924416,0.00268563,0.0048111547,0.3752016,0.07593161,-0.0013741594,-0.0005680426,0.0049058357,-0.0014640291,0.0009890397,0.0,8.5975335e-05,0.00032678607,-9.028794e-06,-0.00034770631,-0.0003555499,-4.4911485e-06,0.00044554204,0.020059308,0.03537566,-0.12895457,-0.020899398,0.029054612,0.0051536383,0.24494532,-7.9494144e-05,-0.002405369,0.0036081816,0.0023210878,-0.022278251,-0.00058246456,0.002170177,0.011840915,0.00014760754,0.03656929,-0.12029255,-0.008478676,0.00015067728,-4.338818e-06,0.0021626228,0.0,-0.00035595294,-0.00017535815,-0.00085034623,0.00048688884,0.0002777009,0.0018245763,-0.0005020125,-2.323001e-05,-9.0097295e-05,-0.00062776176,-5.9174643e-05,0.00053777185,0.0012926032,0.0032440817,-3.80362e-05,-0.0002451244,0.004091161,0.00022250188
-0.58420795,-0.25431442,0.042133845,-0.010296493,-0.04639375,-0.012218851,-0.015306766,-0.044483267,-0.0005976669,-0.027725743,-0.02614278,0.0024169611,-0.008600711,0.12212537,-0.030517086,0.031041717,0.0011256041,-0.031023517,-0.17714179,-0.029511528,0.0012470282,-0.0033352894,0.0009668827,-0.00048395456,0.0022781673,0.0,-0.0010058826,0.0005141933,-9.727936e-06,0.000609499,-0.0010399888,6.3408033e-06,0.00062895543,0.038752593,-0.0032713956,0.19403295,-0.029820597,0.015553159,0.000954688,0.24445513,-0.0004323373,-0.0018307389,0.0029170958,0.004256208,-0.03230315,-0.0006457387,0.0048238277,0.0157512,0.0003369475,0.049468134,-0.125458,-0.003954306,0.00024598028,-4.4380067e-06,0.00091678294,0.0,-0.0004588553,-5.0713694e-05,-0.00049270235,0.00023911292,0.0011532253,0.0035426377,-7.848365e-05,-3.1083073e-05,-0.00012550266,-0.00057654147,-0.00033877377,0.002252187,0.0017946275,0.0015067181,4.3583786e-06,-0.0001478534,0.0014879159,-0.0031925358
-0.45576498,0.22037566,-0.4057472,-0.0017494718,-0.03621028,-0.011539261,0.07173823,-0.02834004,-0.0075054113,0.011263482,-0.042299226,-0.042090204,-0.01575403,-0.15377085,0.010235253,-0.009442917,0.00997106,0.0009267134,0.3294395,0.034442477,0.00073730905,-0.0006883612,0.0022468914,0.0017471986,0.00061481504,0.0,-0.0011375111,-0.00043167372,-1.8509962e-05,0.00032730852,-0.0011757375,6.1948876e-06,0.0010666177,0.027411448,-0.0030376017,0.24280646,-0.021450903,0.017216792,0.0029602281,-0.03956397,-0.00028110418,-0.0012154538,0.0024289736,0.007878308,0.036146056,-0.0011204304,0.0046676267,0.01553866,0.0006887987,0.044270158,-0.12077821,-0.0016625766,0.00023427774,-1.9623727e-05,0.0011781829,0.0,-0.00020431684,-0.0005621706,-0.0017103024,6.58153e-05,0.00010549022,0.0021848972,-0.00012200563,-3.1636744e-05,-0.00032022325,-5.003454e-05,-0.00043275332,0.0005465149,0.0031183613,0.0010928543,-5.790025e-08,-0.0001427905,-0.007230186,-0.0002970355
0.42082813,0.08770421,0.3926542,0.001968175,-0.03188795,0.0022335106,0.0031273854,-0.0098628625,0.00061848236,-0.0008418625,0.004720102,0.055249892,-0.010217541,0.08135125,0.048669517,-0.012033716,0.00027419667,-0.022736399,0.25216094,0.043629937,0.00021899774,-0.00014426732,0.001277982,-0.0007175809,0.00025817612,0.0,-0.00070893933,0.00094144413,-5.6575855e-06,-0.00078023283,-0.02284887,3.768133e-05,0.0003657507,0.019446263,-0.0054320144,0.14103375,-0.02523229,0.024120564,0.0033220297,-0.012747125,-0.00044016915,-0.00032874872,0.0010079098,0.0018748329,0.028577639,-0.00045040774,0.0037792241,0.01182425,0.0020795243,-0.12567654,-0.1343611,0.0015445818,0.00038450776,-2.0431644e-05,0.001291722,0.0,-6.9862035e-05,-0.00038954627,-0.0020326353,0.00046366928,-0.0010562134,0.0024568525,-0.00044030894,-1.5352853e-05,-0.00019718532,4.5987126e-05,-0.0002887883,0.00043629407,0.00029516575,0.0013451714,4.3583786e-06,-0.0002624729,0.0032436226,0.0003750078
0.27907196,0.17883538,-0.41822824,-0.0026581555,-0.037308753,-0.01474757,-0.16272177,0.02230669,-0.005557217,-0.00010831555,0.0036808595,-0.013959132,0.09552391,-0.3031195,-0.014815727,-0.0341137,0.0008765614,0.020095125,-0.09177671,-0.016821805,-0.008265499,-0.0038267737,0.0015113362,0.00021726302,0.0008376352,0.0,-0.0002546609,-0.008670209,-1.1681077e-06,0.028560227,0.00012301285,7.6765114e-05,0.00036322247,0.01531886,0.0105572725,-0.13690962,-0.026553566,0.019382818,0.009711181,0.13241208,-0.0001024112,-0.0010740936,0.0021947653,0.0040609813,-0.031400673,-0.0014931242,0.0006762392,0.007951025,0.0009872211,-0.17950517,-0.11934557,0.0028764424,0.00031843933,-1.9623727e-05,0.0017235737,0.0,-0.00028418013,-0.00024882497,0.002005988,-0.00040015572,5.146268e-05,0.0072537134,-9.608927e-05,-1.6356951e-05,-0.00016167377,-0.000829502,-0.0005717766,6.2035266e-05,-2.9359262e-05,7.813004e-05,7.954296e-06,-0.0006336431,-0.0017215941,0.0008820989
-0.41687223,0.19718382,-0.38552037,0.0014669009,-0.05668094,-0.049393363,-0.32052708,-0.018043404,-0.008943761,-0.036318406,-0.04742135,-0.047113433,-0.0007881575,-0.23459622,0.008540864,-0.013039024,0.001463267,0.0076168813,0.3038837,0.030754643,-0.003926297,-0.0002603748,0.00052869925,-0.0011219481,0.0017873339,0.0,-0.0015108457,0.00030959205,-1.4598352e-05,-0.00034673512,-0.0022244342,1.1041158e-05,0.0017170464,0.015782569,0.013257298,-0.1511119,-0.027406575,0.018919334,0.00742958,-0.015773328,1.1714999e-05,-0.0035962176,0.0015076839,0.0046963533,0.031066075,-0.0010843071,0.005561451,0.012043573,0.00017666713,0.033766888,-0.091203935,-0.0036983793,0.00049051765,-4.338818e-06,0.0010417013,0.0,-0.00012153858,-0.00025653158,-0.00019503031,0.0006656407,6.66303e-05,0.002081219,-0.00035500352,-0.00012468698,-0.00021244519,-7.760089e-05,-0.00021961913,0.00039941937,0.0023686327,0.0011252281,7.343631e-06,-0.00012273563,-0.004148087,0.00010707608
-0.59425914,-0.05365215,-0.32402894,0.00879183,-0.057035003,0.002166087,0.008181947,0.0074805385,-0.01077371,0.00019748774,0.041843686,-0.024793418,-0.008619957,0.100227125,-0.029726457,-0.017845644,-0.0015734117,0.00215422,-0.14113352,-0.023794224,-0.0001159386,0.003163251,0.0031172433,-0.00015771654,0.0020494717,0.0,-0.00060528447,0.0004484297,-2.2911152e-05,0.0012344377,-0.00043334454,4.8445136e-06,0.0008431198,0.03914034,-0.002685494,0.19388999,-0.02893517,0.015593201,0.0038609772,-0.040470283,-0.00023240887,-0.0013876392,0.0024745478,0.0075083356,0.027710013,-0.00047782809,0.0052415477,0.019859921,0.0003684589,0.051420487,-0.118697256,-0.0028474273,0.00054256193,-4.338818e-06,0.0013861888,0.0,-0.00067943754,-0.0004463658,-0.00031335646,0.00021761781,-0.00034798193,0.0020968737,-0.00013531244,-3.6238132e-05,-0.0001778042,5.0752283e-06,-0.0003988057,0.00167139,0.0019498449,0.0007426923,3.5380172e-06,-0.0003753671,0.012729557,0.00013838745
-0.08028543,-0.16866738,-0.2878512,0.009663387,0.26535276,-0.026434992,-0.09529049,-0.05436308,-0.0013224308,0.0007825159,-0.0062927296,-0.013602242,0.012225127,-0.18543437,-0.02244551,-0.01951491,0.0033204684,-0.024563558,-0.08583983,-0.012590034,0.014626329,0.002628306,0.0016330064,-0.00018804378,0.0032369064,0.0,-0.00096213334,0.002387146,2.1521075e-05,-0.00013418654,-0.00037035992,-7.2933058e-06,0.00074565277,-0.07904249,-0.004435306,-0.1379583,-0.02229546,0.020093987,0.007886602,-0.03918857,-0.00016975784,-0.0034971344,0.0027167157,0.008237045,-0.06475021,-0.0008896598,0.001602583,-0.17530642,-0.0001582339,0.02848831,0.17688979,0.0022102012,0.00042792354,-4.338818e-06,0.0020693687,0.0,-0.0012512031,-0.0005013015,-0.0011542756,0.00030009993,0.00025514307,0.00351606,-0.0002958841,-3.0944997e-05,-9.635308e-05,-0.00033833276,-0.00093940203,0.00013359549,0.0030859152,0.003985171,5.09148e-05,-0.00023226002,-0.0110278465,-0.000107278516
-0.45361683,-0.84849185,-0.31603062,-0.0040041,-0.080015674,-0.041591875,-0.34476492,-0.002729633,0.0070716897,-0.020837497,-0.048638,-0.0054744775,-0.02027768,-0.21079081,-0.0070704333,-0.040311854,-0.0049575325,-0.044385463,-0.13599811,-0.021405498,-0.0020278483,-0.00015109341,-0.0007401399,-0.0007116062,0.0011710285,0.0,0.04025596,-0.0051657334,-7.843857e-06,-0.0009102177,-0.0008202174,-0.00033734157,0.0007511951,0.024025332,0.02454421,-0.14153542,-0.023108969,0.016725497,0.004342227,-0.024159025,-0.00015440327,-0.0013704081,0.0017587574,0.0036689558,0.022801487,-0.0009844019,0.0032714582,0.0058744694,0.0010099633,-0.101666324,-0.10307518,0.0029870607,0.00030980917,-4.338818e-06,0.0005990098,0.0,-0.0001884487,0.06155257,-0.0009199496,0.00018136347,-0.0007077414,-0.023124337,-0.00051645876,-1.6843856e-05,-9.444484e-05,-0.002147533,-0.00020351312,0.0004391956,0.0020292792,0.0014642776,-3.80362e-05,-7.6125114e-05,0.0046406235,0.00043180893
-0.03578546,-0.41079926,-0.31589538,-0.0019583192,-0.0671399,-0.029353458,-0.0016287086,-0.026993517,-0.0069048987,0.0065391255,0.068592794,0.08793256,0.0055477894,-0.17367756,-0.03835069,-0.03480294,0.0036727227,-0.011227025,0.5130915,0.07087353,-0.00194861,-0.00012471038,0.0047552455,0.0011752364,1.334025e-05,0.0,0.0011489711,0.0014231156,-7.0301066e-06,-0.00060394756,0.0011039558,-8.2887027e-07,0.0006312802,-0.06945805,-0.0045508402,-0.12129013,-0.022665177,0.019170923,0.005029122,-0.032048058,-5.466105e-05,0.055879854,0.002791976,0.0043830024,-0.0435091,-0.0009223618,0.001433438,0.009348429,0.0011283722,-0.12272896,-0.109923266,0.0018309152,0.00021515069,-4.338818e-06,0.0024139464,0.0,-0.00014063176,0.04861368,-0.0030168884,0.00062265474,-0.002047808,-0.01800765,-0.00020784193,-1.675814e-05,-7.933032e-05,-0.00059260236,0.037300274,0.00015141386,-0.01985746,0.0024414835,7.954296e-06,-0.00035090744,-0.018804738,-0.0018937907
-0.36969945,0.011226537,-0.24616338,-0.0086696725,0.48217538,0.009323353,-0.0153788375,0.01164899,-0.0049625235,0.0038447317,0.0320251,-0.017183246,0.038548574,-0.111990556,0.008464586,0.035956644,0.0021412598,-0.046238564,-0.12914398,-0.028335094,-0.0014200284,0.0007497716,0.004563626,-0.0005131107,0.0053082504,0.0,-0.00030202174,0.00092342886,0.00015168008,-0.0006168087,-0.00025184982,-7.2933058e-06,0.00089312,0.031337753,-0.0037445438,0.41595227,-0.020123707,0.018194415,0.0051240274,-0.017833116,-0.00015869382,-0.0020966337,0.002342677,0.014146103,0.07916952,-0.00046753066,0.002552661,0.00923638,0.00030858023,0.045698483,0.28373742,0.001364446,0.00032838143,-4.338818e-06,0.0018099558,0.0,-0.0001766587,-0.00044325273,-0.0006561594,0.0006283341,-0.00059842353,0.0037358163,-5.8211946e-05,-4.427263e-05,-0.00016071234,-3.0168729e-05,-0.000914085,0.0011606055,0.010843441,0.009556292,0.00017307441,-0.00028329057,0.012758497,0.00011089592
-0.44235528,-0.25478736,0.12233509,-0.0063919458,-0.054806836,-0.026137082,-0.37578535,0.06876974,-0.0011745938,0.05495352,-0.01958785,-0.015056707,-0.0058588353,-0.35871264,-0.0015451558,-0.121669814,0.0047363956,-0.0033234549,-0.14366601,-0.02057978,-0.0031717082,-0.00016368103,0.0020269132,-0.0003509403,0.0013159357,0.0,-0.0014585515,9.548865e-05,-7.0635565e-06,-0.0015210884,-0.00015140985,7.475152e-05,0.0008710889,0.0148316845,0.022992523,-0.1575737,-0.024346704,0.016441276,0.004494292,-0.030650266,-0.00014454433,-0.0021893433,0.002083594,0.0032154561,0.01999722,-0.00059786515,0.004751008,0.007889968,0.00034094581,-0.15094988,-0.10435841,0.0022498146,0.00030062633,-4.338818e-06,0.00042964926,0.0,-0.00047786877,-6.242167e-05,-0.00050491793,1.9385921e-05,-0.0004791555,0.009140174,-0.00044094757,-3.981327e-05,-0.000116175754,-0.0003196552,-0.0001780448,0.0005954102,0.00052060786,0.00093515613,7.343631e-06,-0.0001654611,0.002124822,0.0016956847
-0.082392246,0.19285162,0.39488077,0.0045085307,-0.027220441,-0.008151281,0.14345288,-0.00053909456,-0.0012350844,-0.003952353,0.010314232,-0.011406752,-0.0030190782,0.15192488,-0.0057226755,-0.0010929898,0.0010057603,-0.051505856,-0.109563604,-0.016542986,0.006091697,0.0010850694,0.0014438905,1.4803633e-05,0.000975319,0.0,-0.00037001216,0.00026702994,-9.657986e-06,0.029727418,-0.00016212318,4.5926976e-05,0.00083156436,0.023489935,-0.005739292,0.11360816,-0.02811601,0.016954787,0.0029173607,-0.02232046,-0.0002678323,-0.0011507906,0.0023764565,0.004799621,0.026039239,-0.0007929027,0.0051445006,0.018744864,0.00047389176,0.044122033,-0.1453963,-0.0039517554,0.000638006,-4.4329404e-06,0.0005055604,0.0,-8.668306e-05,-5.6440706e-05,-0.0013259427,0.00077159365,-3.1954705e-06,0.0011591305,-7.880343e-05,-5.003797e-05,-0.00031222252,0.00011258192,-0.0006367998,0.002482527,-0.0012509157,-0.007785787,7.954296e-06,-0.0005131968,0.0037062117,0.00016214327
-0.4868089,-0.53981215,-0.38351384,-0.0017077631,-0.096473895,0.0077630216,0.026566092,0.00844653,-0.00092936144,-0.02453411,-0.078318685,-0.05659815,-0.009949819,-0.102977365,-0.047455996,0.073803395,-0.0016380794,-0.013025179,0.38049343,0.041830264,-0.0028167416,-4.942122e-05,0.0020103247,-2.3147988e-05,0.0005009073,0.0,-0.0013448815,0.0013329027,-1.3001871e-05,-0.00011956737,-0.00053525914,4.6685464e-06,0.00089606637,0.02814699,-0.005057349,0.2579112,-0.023387797,0.013953014,-0.00077406724,-0.020985149,-0.0002760949,-0.002459792,0.0024063282,0.0062555736,0.037460275,-0.0007924814,0.0040423777,0.011657794,0.00044512827,0.03820473,-0.1114294,-0.010018625,0.00013911678,-4.338818e-06,0.00095710385,0.0,-0.00014420762,-0.00025160925,-0.0011765452,0.0002518007,-6.419161e-05,0.0033501259,-0.00018337612,-3.4529796e-05,-0.00012915475,-0.00025238612,-0.00036615576,0.0008815619,0.003355789,0.0015642988,-0.00017757795,-0.00013356034,-0.014629286,-0.00025400775
-0.61102176,0.19022313,0.027476223,0.0047050165,-0.040150926,0.010307853,-0.26211062,-0.010599153,-0.000730145,-0.028393283,-0.042604167,0.00072036014,-0.015230805,-0.3230044,-0.038325842,-0.0036548441,0.00023370323,0.0033468986,-0.15773523,-0.026230522,-0.0013221203,-0.00023689972,0.003758523,0.0003019578,0.001952614,0.0,-0.0008693127,0.00044736048,-2.0463634e-05,-0.00048505716,-0.00083279633,7.635263e-05,0.00064668676,0.022452218,0.012968453,-0.15948984,-0.022731494,0.015109489,0.0045271865,-0.027675532,-0.00010679643,-0.0015905643,0.0025617352,0.0035688244,0.019115124,-0.00095630693,0.0040714974,0.00839616,0.00037456435,-0.20845191,-0.103392795,0.0004889177,0.00024017168,-1.9623727e-05,0.0012359768,0.0,-0.00068004505,2.3051871e-07,-4.73216e-05,0.00039716286,-0.00049955526,0.001616024,-0.00016481183,1.3875281e-05,-0.00022538638,-0.000111606736,-0.00062059594,-0.027475141,-0.0011387119,0.0006308443,2.927352e-06,-0.00017987513,0.002011692,-0.00045677513
-0.44284493,0.011027721,0.044141572,-0.010983663,0.29942873,-0.0043383124,-0.03195358,0.014343559,0.0030644014,0.00054259395,-0.031118466,-0.024159653,-0.0032929447,0.0634899,-0.10780344,-0.00030866684,0.013234485,-0.012601559,0.41681212,0.04412632,-0.002483598,0.0009444886,-0.0010914528,0.020628167,0.0038886871,0.0,-0.0005506871,-0.00017964152,0.00014620283,-4.3710337e-05,-0.0002492656,-3.744975e-06,0.0008156702,0.028421776,-0.003465688,0.28162894,-0.0312103,0.02009085,0.00036224312,-0.019336237,-0.00028819035,-0.0042131925,0.0028398372,0.008554781,0.03900406,-0.00016687135,0.004478527,0.017598845,0.00028227764,0.039354824,0.19115816,0.002109887,5.165524e-06,-4.4380067e-06,0.0011787448,0.0,-0.00011618388,0.000109006134,-0.0011121654,0.00032208578,-0.0004251288,0.000658855,-0.00012941727,-3.3781573e-05,-0.00014521691,5.721891e-05,-0.00033843963,0.0010743417,0.00392075,0.0021246823,0.00017142916,-0.00019170468,0.0027851325,0.00026848353
-0.104099,0.16657923,0.41246444,-0.0032895445,-0.035438135,-0.029169288,-0.08048932,0.0071514044,-0.00042795698,-0.0012410001,-0.029153373,-0.023431001,-0.012781726,-0.32217413,0.002798978,0.003092866,-0.0011527997,-0.025870532,-0.09794082,-0.011544287,-0.0025971879,-0.0013001321,0.0023797012,0.0003700194,0.001466511,0.0,-0.00034749424,0.00011869725,-7.9108795e-06,-0.0004896899,-7.571413e-05,1.4910895e-05,0.0009162525,0.017126124,0.0170826,-0.11594806,-0.020736275,0.025388163,0.0042304117,-0.012814546,-0.00017857354,-0.002517184,0.0026603425,0.0058164094,0.02871208,-0.00090139307,0.0068335645,0.013034611,-2.88824e-05,0.060104385,-0.1433287,-0.002376796,0.00039979458,-1.9623727e-05,0.0015859195,0.0,-0.00011113825,-0.00020750982,-0.00047494954,0.00072020566,9.750002e-05,0.0038336264,-0.000118472766,-4.1803007e-05,-0.00030996132,5.39392e-06,-0.00034100685,0.00036290838,0.00049517024,0.00043536475,4.3583786e-06,-0.00047502553,0.001918502,0.0015137647
0.28369656,-0.7768526,-0.3753736,-0.0037545315,0.021399073,-0.026207572,-0.099592775,0.0077556963,-0.003513091,-0.042725686,0.046749026,0.13784622,0.0316202,-0.18881725,-0.007910604,-0.020724613,0.00059434125,0.022609252,-0.07773861,-0.012709369,-0.0010730791,4.9789527e-05,0.001148055,-0.0036881906,0.00042122713,0.0,0.0016606012,0.00017251336,-0.00011760646,-0.0011818828,-0.00014313326,-0.00010278792,0.00032451143,-0.084599264,-0.008392136,-0.13078967,-0.02705772,0.024706585,0.010188287,-0.019541807,-7.808669e-05,-0.006570158,0.0026158018,0.0047607296,-0.071530215,-0.0010224077,-0.019794237,0.008865918,-0.00016029636,0.024151854,0.15323277,0.0013539814,0.00010054044,-4.338818e-06,0.00094444613,0.0,0.011629699,-0.0007618484,-0.0007308833,-6.5568514e-05,-0.0017705355,-0.0017157117,-9.435467e-05,-7.882355e-05,-9.4528514e-05,-0.0022992527,-0.0008440069,0.0003543667,0.0021171274,0.0063931486,-2.99609e-05,-0.00038897793,-0.014381149,-0.00018870045
0.3986634,0.009510792,-0.36223435,-0.00913707,0.28668237,-0.015599797,0.3988105,-0.012775027,-0.0044499063,0.015536046,0.01823445,0.042833842,0.0062377453,0.4099502,-0.017301157,-0.005207932,0.0023705377,0.006861458,-0.045685068,-0.01219338,0.0027446523,-0.00093791133,0.0019099528,-0.0005766268,0.0013477261,0.0,-0.00033238027,-0.0015178572,6.7020355e-06,-0.0017159401,0.00016161062,-1.2737112e-06,0.00021046841,0.0070016445,-0.0027148467,-0.056626808,0.23904012,0.015688954,0.00019654093,-0.0147544285,-0.00010934907,-0.0015097947,0.0014816961,0.0045663337,0.023328757,-0.00081782433,0.0009105283,0.009225398,0.00025453896,0.03481766,0.1943464,0.006304576,0.00024142224,-4.4329404e-06,0.0002449078,0.0,-4.6070058e-05,-0.0001325284,-0.012156293,0.0004055309,0.0022568398,-0.0034632983,-7.537814e-05,-4.15613e-05,-0.00012542035,0.0002528427,-0.001228099,5.9707007e-05,0.002214574,0.0067178304,9.421145e-06,-0.00065926573,-0.0077755097,-5.850609e-05
-0.18915226,-0.3130931,-0.35048404,-0.0056887744,-0.08845147,-0.0246671,-0.4852471,-0.145409,-0.009891516,-0.012840905,-0.016631696,0.010959488,-0.008830027,-0.21385127,-0.13221827,-0.07333503,-0.001393882,0.010199118,-0.09396501,-0.015961198,-0.0008142332,5.9345628e-05,0.0010180351,-0.0031130058,0.00076249253,0.0,-0.002711111,0.0009824923,-5.484255e-06,-0.00096409913,-0.00074155314,1.0943741e-05,0.00088776904,0.015241087,0.016571151,-0.14963949,-0.024136681,0.02034291,0.012395396,-0.022792405,-0.00021423097,-0.002823952,0.0021810462,0.004701021,0.034040283,-0.00049635733,0.0032230772,0.008493874,0.0001540459,0.01415536,0.19473177,-0.0016214007,0.00018980932,-4.9988466e-06,0.000540374,0.0,-0.00048634014,0.029804213,-0.0028841246,0.00018741086,-5.0500515e-05,-0.00912913,-0.0003688252,-2.7620466e-05,-0.00010220151,-0.00041649592,-0.00022796688,0.00050631806,-0.004463953,-0.01679925,7.343631e-06,-0.0002887448,0.009216151,0.0017863859
0.23400833,0.03625901,-0.38803855,-0.0035467562,-0.04423098,-0.019857537,-0.08775414,-0.009423498,-0.0038166312,-0.02554873,0.000988086,-0.01758229,0.005606641,-0.17225866,-0.006542984,-0.015788045,0.000536056,0.012748236,-0.09133619,-0.015145313,-0.0033802388,-0.0014018052,0.0011233998,-2.3278262e-06,0.0012969306,0.0,-0.00021030908,0.001021039,-0.000102160266,-0.00084392325,-0.000109539375,7.3889925e-05,0.00032962597,0.016530434,0.0023087794,-0.1186488,-0.02694482,0.024919657,0.006762928,0.14467381,-0.00048459065,-0.0011106237,0.0023494828,0.00532927,-0.04575379,-0.00088569225,0.001116467,0.010217002,0.0015957797,-0.16889319,-0.11434609,0.00070916384,0.0002577631,-4.338818e-06,0.0005951163,0.0,-0.00018414005,-0.00035022525,-0.00055670546,0.0005757947,0.0002636611,0.0022902165,-7.2732146e-05,-2.1728029e-05,-0.00010868675,-0.00031488627,-0.00053583464,0.00056189403,-0.0070749577,-0.015219529,4.3583786e-06,-0.0005370848,0.008771379,-0.003066398
-0.56058407,-0.06862859,0.021815056,0.008449004,-0.06259298,-0.0017852142,0.15131947,0.0014812398,-0.0038589863,-0.0060310997,-0.019553356,-0.0072031883,0.026100524,0.059378114,-0.012402315,-0.024482276,-0.0029272365,-0.030279016,-0.13893442,-0.026432315,0.00045390797,-0.0002697867,0.0029298859,-8.840973e-05,0.0018592249,0.0,-0.0005206747,0.00010931406,-1.4988018e-05,0.00016120642,-0.00026157952,1.3756733e-05,0.0010059227,0.04028663,-0.0038665342,0.24672128,-0.016068112,0.012403728,0.004227639,-0.03441431,-0.0003238773,-0.0008518007,0.0023969754,0.0058332444,0.033188563,-0.0004032548,0.0043907724,0.020558,0.00016348108,0.050773215,0.26937026,0.0018228503,0.00016114117,-4.338818e-06,0.0009072225,0.0,-0.00068004505,-9.301104e-06,0.00010637458,0.00065707194,4.775272e-05,-0.003958449,-0.00013206582,-3.8194812e-05,-0.0001795878,4.3328353e-05,-0.0005278251,0.0011661216,-0.0017291198,-0.018788107,7.954296e-06,-0.00030897313,-0.0023963389,-7.155066e-05
0.036714777,0.15976942,-0.35449803,-0.0013986662,-0.042266358,0.009743886,0.12723641,0.011206829,-0.012533924,0.007566232,-0.0012022965,-0.01988968,-0.008572736,0.081360504,-0.025715293,0.006249236,-0.00039521864,-0.015522929,0.340588,0.040415455,0.00016809611,-0.00013886845,0.004205558,0.0031001999,0.00034759886,0.0,-0.00053718337,0.00018175789,-1.3731576e-05,-0.001034005,-0.0002839292,9.986958e-06,0.0010461359,0.02538144,-0.0029499792,0.13830693,-0.03669704,0.016406864,0.0026347288,-0.019717127,-0.00038237392,-0.0013488112,0.0029105542,0.005111399,0.023150263,-0.0005995239,0.0040614745,0.019513544,0.00044423313,0.03849263,-0.10641181,-0.0028905312,0.00020497314,-2.0431644e-05,0.0005345452,0.0,-0.0001663663,-0.0006215736,-0.0016811345,0.0006962074,0.00028113936,0.0014445478,-0.00011994424,-3.647265e-05,-0.00028665437,0.00014759327,-0.0006775568,0.00058746885,0.0020092067,0.0015761969,7.954296e-06,-0.00026839357,-0.004938517,-0.00028357742
0.10961869,-0.066554785,-0.35959032,0.033034824,-0.076170295,-0.00914236,-0.100310564,-0.046767574,0.0014076824,-0.024317356,-0.08014277,-0.030585572,0.0014108603,-0.12047167,-0.015594542,-0.015433166,0.0046229335,-0.018147977,-0.09538603,-0.01128768,-0.0008418121,-0.0004064842,-0.0010166579,-0.0012733819,-0.0005361189,0.0,-0.0011424383,0.00042645782,-1.3103401e-05,-0.001405029,-0.00022782983,7.2961443e-06,0.00040297926,0.0054698214,-0.0060925623,-0.14969704,-0.025373084,-1.2636142,0.0041935467,-0.015598519,-0.00025587168,-0.0020342579,0.0009893873,0.0064021805,0.03414668,-0.0004890478,0.0025962458,0.01110273,0.00027137357,0.02510459,-0.105266675,-0.0021984554,0.00037468434,-4.338818e-06,-0.00046979816,0.0,-9.1253234e-05,-0.0019420714,-0.0004234921,0.0005560764,-0.0003835741,0.005587436,-0.00022811769,-4.155701e-05,-0.00026581614,0.00022794704,-0.0005630369,0.00022610326,-0.0036719847,-0.010488701,4.3583786e-06,-0.00051473884,-0.004032505,7.4756754e-06
-0.6111434,-0.04841235,-0.17665741,0.009671656,-0.04448428,-0.010967201,0.10818613,0.0056623183,0.00047149567,0.015668847,-0.028127609,0.03196151,-0.0067031183,0.11945414,0.00063106645,-0.019326985,-0.0030353558,0.013110761,-0.1488705,-0.02081749,-0.001875603,-0.00034094462,0.00045069394,-0.00026372352,0.0015550987,0.0,-0.0008983994,0.00012179639,-1.9422087e-05,0.0006298394,-0.00044965593,5.054505e-06,0.0009934861,0.037267458,-0.0035225651,0.15219735,-0.03166996,0.016510837,0.0034177355,-0.035253566,-0.00020174091,-0.0017348855,0.0022765296,0.006779549,0.019919004,-0.00077131717,0.005583744,0.015356665,0.00038582334,0.049163267,-0.12918727,-0.00011249533,0.00045987632,-4.4380067e-06,0.00088061293,0.0,-0.00058056193,-4.4064138e-05,-0.0007193184,0.00057950197,-1.19157785e-05,0.0018461512,-0.00014496161,-4.0949468e-05,-0.00017891398,-4.8406448e-05,-0.00050493545,0.0016377285,0.00059433066,0.0012258328,4.3583786e-06,-0.00012618958,0.0032991092,-1.7306316e-05
0.3324669,0.11742931,0.3142521,0.004400881,-0.05237891,0.02287123,0.3645057,-0.0058567217,-0.0053780884,-0.018429613,0.040553447,0.015330453,-0.00893667,0.37425807,-0.014090703,0.016861215,-0.00019866161,0.010842572,-0.06881623,-0.012674381,-0.0029892277,-0.0002592667,0.001348709,-0.00012005068,0.0015786946,0.0,-0.00024137557,-0.00016499707,-2.9729324e-06,-0.0006520032,6.851829e-05,6.475957e-05,0.00034689927,0.016624046,-0.0064603584,-0.057804294,0.18740745,0.015956428,0.00021880612,-0.010868271,-0.00016165692,-0.0007376302,0.002124391,0.0048568645,0.018487489,-0.0005264566,0.0040243105,0.011348983,0.00031753653,0.026950063,0.20847854,0.0011877702,0.00054345734,-4.4329404e-06,-0.0005906712,0.0,-6.398995e-05,-5.9242993e-06,-0.00085254916,0.00023526722,0.0009644488,0.0023135694,-7.995817e-05,-5.0261224e-05,-0.00031175217,0.00015663591,-0.00047723076,0.00022805546,-0.0016539579,0.00060841616,8.920879e-06,-0.00058360194,0.003163106,-0.00011486144
-0.5039066,0.2100935,-0.39614412,-0.0012546907,-0.051263884,-0.0350699,-0.36472744,0.007637508,0.00037459488,-0.015156117,-0.001152604,-0.028453223,0.01311763,-0.20654012,0.012027924,-0.014026663,-0.0011005845,-0.017851934,0.32845774,0.04771972,-0.0037504355,-0.0009700278,0.003049781,-0.0006008146,0.0019701917,0.0,-0.0016299754,0.0004495369,-1.5703523e-05,-0.0004470724,-0.002041337,9.754982e-06,0.0015511275,0.018888844,0.004203254,-0.15344691,-0.027873695,0.017649027,0.0069942125,-0.022906058,3.5595374e-05,-0.0018316108,0.0025299788,0.0056355526,0.024005016,-0.0014113339,0.004974796,0.012586879,0.0003473853,0.040729,-0.08973385,-0.0019258613,0.0005151609,-4.338818e-06,0.00059450854,0.0,-0.0002848777,-0.0002912211,-0.00030606444,0.00049508887,5.0805575e-05,0.0024604506,-0.00013972631,-0.00011617433,-0.00021439914,-6.270938e-05,-0.00022323382,0.00034734217,0.001021358,0.00059635384,4.5046e-06,-0.0002764274,-0.005658466,-0.00032302924
-0.5288623,-0.20721415,-0.38272744,-0.002500875,-0.05182455,-0.0023179993,-0.40125787,0.010953723,-0.00076380715,0.028723257,-0.015144493,-0.051197212,-0.007389287,-0.33852255,0.027855393,-0.011114329,0.0035046667,-0.0020004453,0.3810144,0.059657656,-0.0016185825,-8.269337e-05,0.0029183247,-0.00031596769,0.0023603505,0.0,-0.0012541902,0.00011386315,-8.325699e-05,-0.00060673105,-0.0011299696,5.5340033e-06,0.0015111096,0.025245177,0.022318052,-0.14863868,-0.026494714,0.017004704,0.0065620984,-0.02645377,-3.8487244e-05,-0.0037656946,0.0018944853,0.004250031,0.020959936,-0.00067968515,0.005063053,0.012283155,3.7828857e-05,0.0420084,-0.09930057,-0.00014444221,0.00026376863,-4.338818e-06,0.0009723003,0.0,-0.0005749898,-0.00021968946,-0.00043970635,0.00058389787,-9.476792e-05,0.0056658294,-0.00014721362,-3.5961188e-05,-0.00014070337,-0.00021989846,-0.0002251639,0.00069912506,0.0024311456,0.0004921736,8.920879e-06,-0.00034281038,-0.009364884,-0.00044489454
-0.007954058,0.2066521,-0.33625856,-0.0057972125,-0.038529273,0.0044179466,0.15073924,-0.018078633,-0.013390367,-0.0027011263,-0.013154804,-0.022679089,0.0037126604,-0.11857264,0.018047452,-0.015872952,-0.00051017915,-0.028197572,-0.09465794,-0.013332402,-0.0065803993,-0.00017884014,0.0011624454,0.0005579075,0.0009399258,0.0,-0.00022035534,0.00041797236,-7.151472e-06,-0.0006990167,-0.0004318778,4.8975435e-06,0.0009088659,0.029104907,-0.0021710673,0.19429068,-0.019305874,0.015538085,0.0035422721,-0.023060163,-0.0003484261,-0.002068511,0.002256844,0.0073439907,-0.08571559,-0.00072222855,0.0036176955,0.015896153,-0.02058399,0.05399153,-0.12958151,-0.0034002198,0.00066965783,-4.338818e-06,0.0012663839,0.0,-0.0001874873,-0.0007161442,-0.0007062757,0.00016683651,-7.7441175e-05,0.0030231888,-7.928346e-05,-3.5664143e-05,-0.00020572035,-2.110632e-05,-0.00043095293,0.0002497781,-0.003924732,-0.010805464,4.3583786e-06,-0.0005356208,-0.0042372677,-0.000118745236
-0.7315758,-0.22000016,0.28546357,-0.003356786,-0.050400883,-0.03834482,-0.103950486,0.008881247,0.02328017,-0.008600366,-0.039617848,-0.045468815,0.03320803,0.059983782,0.018281551,0.020495003,-0.0012881716,-0.0031977084,-0.16669017,-0.02501555,3.3012911e-06,-0.0002560551,0.0009126222,-0.00070181786,0.0022478993,0.0,-0.0012762782,0.0003131568,-6.268578e-06,0.00090842356,-0.0002330619,4.4421624e-05,0.00085308834,0.031997908,-0.005342991,0.21734743,-0.027037857,0.022054844,0.0016533012,-0.033022463,-0.00043195797,-0.00185155,0.002284867,0.0060855933,0.028896065,-0.0003567122,0.0046104677,0.017241603,0.00027262024,0.045184746,0.23420486,0.0011677726,0.00032837226,-4.338818e-06,0.00036274697,0.0,-0.00019297484,-5.302506e-05,-0.00035529933,0.00029009438,-0.00019801458,0.0015037677,-5.3675656e-05,-3.1842323e-05,-0.00014420846,-0.00023576526,-0.00041442554,0.0013130984,0.002560384,0.0026547455,4.3583786e-06,-4.4077835e-05,0.0022722508,-1.1246899e-05
-0.5554132,-0.012682175,-0.33970892,0.008536529,-0.058253266,-0.028150454,-0.21195023,0.011408342,0.0066497116,-0.022219526,-0.021449795,-0.03761864,0.008358769,-0.20956378,-0.0044186837,-0.09653656,-0.0006962388,0.009435942,-0.12902738,-0.022955721,-0.0014479306,-0.00035664614,0.0017791094,-0.0005225491,0.002409886,0.0,-0.00027123353,-0.0063086315,-1.4630515e-05,0.0009529412,0.022800691,7.867768e-06,0.00056031375,0.019730879,0.006135462,-0.16175312,-0.026995258,0.020379454,0.004918956,0.14294901,-8.753891e-05,-0.001995858,0.0024414943,0.004436359,-0.029807199,-0.00083423173,0.0031552222,0.013197249,0.00033306686,0.033122826,-0.09664433,-0.005756374,0.00042269554,-4.338818e-06,0.00083148485,0.0,-0.00016323272,-0.0004928326,-0.0011093697,0.00026472955,-0.03749682,-0.00987174,-0.0001605525,-3.5962024e-05,-0.00012613929,-0.0007523723,-0.00026753978,0.0012972967,0.0019745491,0.0012583748,4.3583786e-06,-0.00016442945,-0.006192726,0.0010942358
-0.0913312,0.1927788,0.39668334,0.005856927,-0.02987106,0.018652806,0.15128237,-0.004632498,-0.0032586025,-0.007636953,0.03673017,-0.013993759,-0.009333901,0.09891738,-0.004294341,0.02431451,0.00070108555,-0.03307461,-0.119666316,-0.018149098,-0.003838254,-0.0001201159,0.0008982231,-0.0001726789,0.0011722398,0.0,-0.00039296696,0.00011422864,-7.4612453e-06,-0.00058578415,0.003228074,2.0142881e-05,0.0006362745,0.01925309,-0.005922394,0.12510401,-0.030392613,0.014218917,0.00026604277,-0.018752055,-0.00022017787,-0.0012747785,0.0022508434,0.005555409,0.023044776,-0.00068031845,0.005244843,0.008689193,0.00042864282,0.051755108,-0.16372904,-0.004194903,0.0005557855,-4.4380067e-06,0.00038220262,0.0,-0.00015921626,-6.984255e-05,-0.0012496334,0.00040295668,-0.00019731572,0.0014589545,-7.404073e-05,-4.3675973e-05,-0.00031176134,0.00019305978,-0.00031054782,0.0009078543,0.00027482197,0.0011288465,7.954296e-06,-0.00035301244,0.00402965,-5.1376977e-05
-0.705293,-0.030025348,0.2974804,0.0017919265,-0.033157434,-0.05705081,0.21402456,0.0037233199,-0.0017776196,-0.036691,-0.02662335,0.013988993,0.0056065177,0.12583122,-0.0028889151,0.02961441,0.0037541697,-0.003634032,-0.16078897,-0.028406698,-0.0016685238,-0.0014098682,0.00076890434,-0.00027795267,0.002228974,0.0,-0.00042466514,0.0011080389,-2.8246632e-05,0.0005152478,-0.00022161458,1.0557902e-05,0.0008964176,-0.18016179,-0.0061073,-0.10789429,-0.038584325,0.015384155,0.0018076324,-0.031092502,-0.00042804598,-0.0017781965,0.0021963837,0.0035252338,0.023653936,-0.0005433526,0.005622831,0.014925078,0.00036920756,0.040063974,-0.16880688,-0.005816233,0.00047236017,-4.4380067e-06,0.0006593956,0.0,-0.00011442605,-5.4990207e-05,-0.0005640659,0.00059445633,-3.492459e-05,0.003301753,-0.00010286297,-3.6714413e-05,-0.00017903927,8.2007056e-05,-0.0003839693,0.001235893,0.0003193634,0.0014873814,4.3583786e-06,-0.00020631301,-0.0004001303,0.00036417934
-0.70705044,-0.015294502,-0.31530675,0.008431656,-0.050001495,-0.007566891,-0.16372441,-0.0007939835,-0.013027103,-0.041073024,-0.040688086,0.010717041,0.00974084,-0.14047152,0.0021376903,-0.006980855,0.0011775532,-0.031658653,-0.13563335,-0.016786963,-0.0059769475,-0.0001358482,-0.010072465,0.00376783,0.0013889504,0.0,-0.00032134427,0.0012449665,-7.5397715e-05,4.2105938e-05,-0.0013863293,5.266841e-06,0.0008947948,-0.16974287,-0.0021847428,-0.15978791,-0.028488044,0.01722839,0.0021331497,-0.029604672,-0.00036915205,-0.0068048583,0.0022144346,0.007179992,0.029542312,-0.0009795931,0.004232139,0.016563132,-0.00043463585,0.04090311,-0.0943108,-5.5833898e-05,0.00043384588,-4.338818e-06,0.00036053327,0.0,-0.0006777182,-0.0004951546,-0.0003789615,0.00040029435,-6.8087866e-05,0.0036897915,-0.0001336941,-3.4196015e-05,-0.00018091538,-0.00022379046,-0.00024553592,0.00065372646,0.0013186197,0.0027368471,3.5143553e-06,-0.00042205953,-0.006232043,-6.176623e-05
-0.64596575,-0.015195788,-0.29377,-0.0061339624,0.02655587,-0.048226185,-0.06094645,-0.0033193617,-0.011689542,0.003989814,0.03143971,-0.022691969,-0.010920257,-0.1671428,-0.028328657,-0.0048811403,0.0012752536,-0.02917902,-0.14123835,-0.015193352,-0.0014123693,-7.807104e-05,0.002104892,-0.00045211575,0.0022561068,0.0,-0.00034612927,0.0011527102,-1.506783e-05,-0.00013603145,-0.00019465666,7.54527e-06,0.00080023945,-0.1446502,-0.009622991,-0.14870845,-0.027497359,0.01790765,0.008819124,-0.027015062,-7.7452685e-05,0.06967824,0.0025576535,0.007412783,-0.059178118,-0.0008248059,0.0037203468,0.014112409,-0.00046605445,0.042857766,0.17079437,0.0008349374,0.00014466578,-4.338818e-06,0.00049111276,0.0,-0.00030852706,-0.00017130816,-0.0010046987,0.00042458225,-0.002266518,0.0033480313,-6.630634e-05,-3.8659036e-05,-0.00016713265,-0.00016018303,-0.0002680053,0.000655994,0.004834585,0.0052859723,-5.790025e-08,-0.00011699664,0.0002079877,-0.00033669808
0.2310684,-0.07896471,0.38979742,-0.0031123294,-0.02847255,-0.016662093,0.16774604,-0.0061673736,-0.0052090585,-0.00414876,0.012899364,0.0020943175,-0.048328504,0.10126322,0.061146002,0.023286091,0.0011566798,-0.045142345,-0.08779569,-0.0132043995,0.0010783349,-8.835387e-05,0.0011170539,-0.00016793604,0.0019562452,0.0,4.3099983e-05,-5.7474994e-05,0.0001228714,-0.00038503326,-0.00014124643,1.9558294e-05,0.0002995402,0.028306182,-0.0052583613,0.1343141,-0.024980413,0.018411275,0.0015108157,-0.011888239,-0.00022415565,-0.00062752445,0.0025893855,0.0047269543,0.029627468,-0.0006859758,0.0048108613,0.014121332,0.0003156545,0.042391602,0.24132779,0.0043097027,0.0001829181,-4.4329404e-06,-0.00027688316,0.0,-0.00018383937,-9.146536e-05,-0.000718338,0.00077905424,-5.9319977e-05,0.0007417442,-5.620598e-05,-4.6803492e-05,-0.00014384893,0.00016719951,-0.000510485,0.00018682063,0.00027237376,0.0020584185,3.5143553e-06,-0.00065041176,-0.001793046,5.891514e-05
-0.08265176,-0.1732133,-0.31412768,0.016489986,0.28827545,-0.033677243,-0.089231566,-0.013296375,-0.005694221,0.02367066,-0.02384888,-0.0074813,0.030771367,-0.18651718,-0.044534013,0.0033545815,0.0028051685,0.012539954,-0.080201685,-0.014400797,0.0017036485,0.004507381,-0.004156545,0.0007025782,0.0017462402,0.0,0.0095722675,-0.004828385,1.39529075e-05,-0.0012367328,0.0009684642,-4.7566537e-06,0.00052544073,-0.08422201,-0.0037639206,-0.13484167,-0.022958731,0.02005395,0.008914448,-0.020177007,-0.0002698765,-0.004513398,0.0021049553,0.00961343,-0.06551266,-0.0005328179,-0.046352,0.011183234,-0.00014985762,0.02524514,0.19204384,-0.00097389985,0.000582874,-4.338818e-06,0.0013441165,0.0,0.016627487,-0.00085273455,-0.0013068279,0.00027951866,-0.0026602529,0.0025787542,-0.00030397365,-8.359096e-05,-9.673995e-05,-0.00037095396,-0.0005732896,0.00021491238,-0.0057071038,-0.025306292,4.803193e-05,-0.00033682553,-0.011877651,-0.0012906956
0.34999534,-0.15804124,-0.30697238,-0.004005569,0.5441641,-0.018371,-0.036187746,0.03215246,-0.017503662,-0.0054586623,-0.01137869,0.03380451,-0.004882781,-0.17626086,-0.009212754,0.009538126,0.009916959,-0.019262252,-0.08454649,-0.01006596,-0.007973649,-0.0008601896,-0.0025668102,0.0007248724,0.0026236377,0.0,0.00013174367,0.0002707935,0.00017742992,-0.0014720404,0.000969429,-7.614742e-05,0.00043488393,-0.06456603,-0.0051589375,-0.15870363,-0.028379468,0.024567189,0.0077047604,-0.015338301,-0.00024807136,-0.006969934,0.002553655,0.007457774,0.06423174,-0.0005557032,0.0019867201,0.011172508,0.0002578103,0.032661483,0.19721329,-0.0016795353,0.00030602445,-4.338818e-06,0.0023735927,0.0,-0.00027166255,-0.00017383679,0.003761827,0.00042008632,-0.00028810528,-0.0052753882,-9.336912e-05,-0.00025046477,-8.948472e-05,5.6979883e-05,-0.001340132,-6.644194e-05,-0.019492382,-0.04762384,7.2255384e-06,-0.00049184705,-0.017220274,-0.001189742
-0.11498895,-0.076483555,0.26349688,-0.0009462815,-0.042375248,-0.03147378,0.30339566,0.0068728994,-0.0045043025,-0.028755842,0.020096643,0.027310213,0.07546688,0.34488654,-0.0022066794,0.023160595,-0.00068379333,-0.027232518,0.30529827,0.05311585,0.0008459398,-0.0010889615,-0.020637143,0.0012194203,-0.08383622,0.0,-0.00059198675,0.000209847,5.951804e-07,-0.001331128,-0.0015661934,2.1634327e-05,0.00056813867,0.0070739444,-0.0055819396,-0.04637743,0.16578789,0.012603831,-0.0015572209,-0.015876334,-0.000102342645,-0.0028541752,0.0023206095,0.0029424026,-0.02876589,-0.0006583777,0.0026125864,-0.25896552,-9.9023324e-05,0.02293507,0.21002308,0.0016847765,0.00016569256,-4.4329404e-06,0.00024617664,0.0,-6.06331e-05,-2.2687047e-05,-0.00074683945,0.00022628381,0.0020966146,0.004528546,-0.00015446258,-9.6061005e-05,-0.00013759593,0.0012126081,-0.00040722563,-0.0009629472,-0.00012343352,0.0015337237,3.852351e-06,-0.00049394666,-0.003655464,-5.793069e-05
-0.46273315,-0.16402142,-0.28126386,-0.010920231,0.35734114,0.022686921,-0.08308894,-0.005369488,-0.0033387023,-0.017443573,-0.017473765,-0.01650255,-0.0005334188,-0.15045206,-0.016913623,-0.07248666,0.0022130904,-0.040835906,-0.14131027,-0.02022003,-0.0033522788,0.00087402615,-0.009522014,0.0047982046,0.005902605,0.0,-0.0008184556,0.00068088574,0.00015860432,0.00025399143,-0.00029946017,-4.752786e-06,0.0005355193,0.03156306,-0.0028901896,0.30303738,-0.022940366,0.02144816,0.007585167,-0.0386477,-0.00010412595,-0.0040618866,0.002435539,0.010464351,-0.09472668,-0.0004611266,-0.07145222,0.012810712,-0.00019575444,0.032289296,0.20882246,-0.002142689,0.00012275661,-4.338818e-06,0.0017521111,0.0,-0.0007270439,-0.00046978184,-0.0009057609,0.0003790675,-0.0033098254,-0.008075115,-6.983224e-05,-0.00020518889,-0.00010465956,-0.00023286814,-0.0003121774,0.0006972058,0.010944645,0.004135942,0.00017307441,-0.00021828122,0.0070827403,0.0005003642
-0.036913764,-0.060279794,0.24973837,0.0071029053,-0.03458966,-0.013553231,0.2316415,-0.007905117,0.0006766593,-0.00018181017,-0.0012589655,-0.004787347,0.022483798,0.10225731,-0.011530511,-0.002464483,-0.008101139,0.014352386,-0.11557113,-0.014784412,-0.0045839064,-0.0013189086,0.0005590513,-0.00015432836,0.0005845522,0.0,-0.0007294806,-5.1312767e-05,-7.585504e-06,-0.0014253764,-0.0002182666,1.2126283e-05,0.00081934285,0.019120824,-0.007268925,0.13810675,-0.032087065,0.019222386,0.0026865425,-0.02777426,-0.00031577286,-0.001558234,0.002437134,0.003379009,0.025422664,-0.00073368504,0.0055311024,0.017591929,0.00037157198,0.030049952,-0.16342993,-0.007747023,0.00037057674,-4.338818e-06,-0.0001361167,0.0,-0.00010047561,-9.318459e-05,-0.0010775957,0.00094748964,8.556556e-05,0.0010582372,-0.00012401688,-3.6568963e-05,-0.00014474144,6.880686e-05,-0.000546381,0.00028655105,0.00034312016,0.00041229528,4.3583786e-06,-0.00054608093,-0.0010028784,-0.0010965518
-0.58766645,-0.6251241,-0.30482978,-0.0040214923,-0.092566215,-0.04047444,-0.36747998,0.005188318,0.005070913,-0.025494069,0.039963298,-0.01769499,0.015396206,-0.2815367,0.020052275,-0.075823754,-0.0022500332,-0.020354575,-0.15684883,-0.021962017,-0.00093841663,-0.00029968843,0.0031318394,-0.0009660418,0.0018788186,0.0,-0.00070597307,0.00084708614,6.427874e-07,6.3063875e-05,-0.0013398776,4.256062e-06,0.00082708494,0.018467408,0.029021395,-0.14244063,-0.024080437,0.015872974,0.006731044,-0.027584871,-2.7674956e-05,-0.0023023686,0.0023740705,0.0035035694,0.023722598,-0.00059068645,0.0040308624,0.0055890414,3.3465483e-05,0.035570104,-0.1095871,-0.0034992744,0.00030328508,-4.338818e-06,-0.012135051,0.0,-0.0006271896,0.0020035692,-0.0010479074,0.00050096796,-0.0009610318,-0.025654234,-0.00039366743,-2.5006557e-05,-0.000108566084,-0.0020338052,-0.00019696534,-0.019166388,0.008447808,0.0022180683,-5.772479e-06,-3.3854936e-05,0.017029917,-2.2155451e-05
0.26705232,0.10501985,0.318379,0.005945009,0.1762374,-0.0049490896,0.14084074,-0.028359275,0.0016938152,-0.014416718,0.019277573,0.0055381083,-0.042332154,0.12755938,0.02064484,-0.019816125,0.0018872886,0.00705204,0.26645488,0.04909286,-0.0032848434,0.0019654208,-0.013455512,0.0013218087,0.0013067876,0.0,0.02378162,0.005782335,3.9053066e-05,-0.000663557,-7.602194e-05,0.0003538344,0.00034301414,0.02335235,-0.003562148,0.1334447,-0.005771226,0.020398239,0.004021463,-0.022351634,-0.0002081533,-0.0015802607,0.002819922,0.005418629,0.026764248,-0.00046323895,0.0034297078,0.017292192,0.0002797752,0.035861857,0.26034886,0.0031142144,0.00023023995,-2.0408525e-05,0.0013204186,0.0,-0.000100920435,-0.00013859995,0.01354532,0.00035943923,-0.00012489525,-0.012798684,-0.00033502196,-5.6624078e-05,-0.00027383797,0.000180563,-0.0009045326,0.00021361311,-0.00051462604,0.004113599,0.00017307441,-0.00038456876,0.008756657,0.0018756888
-0.1342828,0.19308753,-0.17094189,0.008146456,-0.040667858,0.015738152,-0.0060626017,0.0040435586,0.00014370968,-0.0027508624,-0.028633082,-0.029336015,0.023280792,0.13349548,0.003171228,-0.016473701,-0.0014660911,0.0113999965,-0.10299785,-0.013267907,0.0016453974,-4.0970997e-05,0.0005676257,0.00045138557,0.00079965685,0.0,-0.0005941221,-4.291904e-05,-1.6697843e-05,-0.0013834209,-0.00017772167,1.5650308e-05,0.0009544689,0.030045614,-0.0022147284,0.19313478,-0.026172029,0.016441692,0.0034455317,-0.024134463,-0.00036756165,-0.0017088272,0.0025395264,0.008724774,0.029025227,-0.00068681175,0.0050684395,0.017106388,0.00038727277,0.046542272,-0.11384718,-0.0019149361,0.0005070051,-2.0431644e-05,0.001006645,0.0,-0.0006777182,-0.0001829064,-0.00028151207,0.0006519824,0.00032177163,0.0015045924,-0.00014104022,-4.014696e-05,-0.00031133572,0.00010913974,-0.00053359265,0.00072082016,0.00051426375,0.0007501323,3.5380172e-06,-0.00046774995,-0.004066715,-2.6780748e-05
-0.58422416,-0.050667744,-0.3605348,0.0048349793,-0.06782289,-0.0612122,-0.39943117,-0.0003947524,0.0011363833,-0.008445961,-0.018891647,-0.0006679233,-0.0027593733,-0.31258088,0.0072522247,-0.03314487,-0.0014857376,0.058983702,-0.11617192,-0.016809292,-0.017347328,-0.00089328125,0.0026888922,-0.000393418,0.0029942025,0.0,-0.00032120539,-0.0059004375,-2.0776015e-05,-0.010386894,-0.0016381899,5.9226913e-06,0.0011894736,0.022034891,0.0092892395,-0.15328646,-0.02615572,0.0152727645,0.0072108256,-0.032607477,-9.2213595e-05,-0.0014369113,0.001762534,0.0050066784,0.022819286,-0.000501142,0.0051239915,0.008870814,6.4282765e-05,0.04607455,-0.106947795,-0.0051332545,0.00049787643,-4.338818e-06,0.00049378077,0.0,-0.0001894895,-0.0003423944,0.00048796413,0.0004483846,-0.00026001837,0.0061185695,-0.00029089514,-3.465436e-05,-0.00015003061,-4.4202712e-05,-0.00021436268,0.0007233494,-0.018667834,-0.00961283,2.927352e-06,-0.00019905929,-0.008155842,-9.085637e-05
-0.08858804,0.1396549,-0.20512395,0.008531249,-0.04639078,-0.006984311,0.15954727,-0.0049121203,-0.005457926,0.011582525,0.008038275,-0.02006969,-0.08111888,0.109640144,-0.0056310226,0.0040515517,0.0013469616,0.011212377,-0.09426504,-0.012678551,-0.0038210854,-0.0025799805,0.00022796982,0.0005062966,0.00083040225,0.0,-8.514491e-05,0.0002451078,-1.5115816e-06,-0.0013701333,-0.00029509596,1.0196949e-05,0.000795597,0.02932897,-0.0029470697,0.14914262,-0.03597629,0.014168227,0.0030418155,0.11479404,-0.0001153635,-0.0016362813,0.0024855991,0.0058931997,-0.031945873,-0.00038068183,0.0043189167,0.013521769,0.0004224212,0.04400087,-0.12017523,-0.0035118798,0.00074532407,-2.0431644e-05,0.00010046032,0.0,-0.00018414005,-5.534561e-05,6.9154674e-05,0.0005869862,0.00076374726,0.0017004473,-6.7329885e-05,-4.503785e-05,-0.00025074978,-0.000587822,-0.00055248226,0.00093989447,0.00035493917,0.0013619591,7.954296e-06,-0.0004932666,0.0025311254,-0.00042043425
0.18124488,0.16848925,-0.4093296,-0.0029230856,-0.042683236,0.0014839169,0.17257373,-0.026786804,-0.006410084,-0.0074626496,-0.011438504,-0.029841006,-0.008491336,-0.16780818,0.0033800064,-0.042687915,0.008365745,-0.03449979,-0.07483147,-0.015836095,0.0052716793,0.00055518723,-0.005306705,0.0003703959,-0.010136702,0.0,-0.00010814104,0.0003468969,-0.000112954614,-0.0006887677,0.00051650044,5.089503e-05,0.0006535989,-0.10530082,-0.002474149,-0.09402001,-0.024642529,0.015236669,0.0063391733,-0.020432249,-0.00043417123,-5.631798e-05,0.0020158242,0.004586469,-0.074629724,-0.001051094,0.0014552933,0.012798774,-0.050232332,-0.19969396,-0.14017917,0.0008097539,0.00042261236,-1.9623727e-05,0.0009104471,0.0,-0.0001874873,-0.0007996755,6.417129e-05,-3.8653794e-05,-0.0012198623,0.0021482704,-7.848272e-05,-1.2836315e-05,-0.00019942138,-6.6874214e-05,-0.0007273955,0.00038354693,0.00063021516,0.0016133882,2.564334e-07,-0.00056050555,-0.0036136482,-0.00014151771
-0.4971571,-0.18134145,0.27784622,-0.003192308,-0.039906766,0.0088385185,0.0521216,0.015634865,-0.0063485987,-0.010762669,-0.035306644,-0.033308227,0.025292568,0.044805832,0.006511338,-0.021257306,-0.0056316988,0.0052721626,0.37925863,0.025366921,0.0011830509,0.00010535709,-0.0011087066,-0.00057805993,-0.012166996,0.0,-0.0015694546,0.00029720258,-9.48024e-06,-0.0011408327,4.273994e-05,8.212401e-05,0.0008361697,0.024357237,-0.004276547,0.21230195,-0.019897202,0.015082178,0.002891547,-0.018562691,-0.0003953955,-0.0010202453,0.0029344326,0.0029410415,0.020673068,-0.0005226248,0.004390077,0.016383631,0.0009971866,-0.15436646,-0.13368006,-0.00063787604,0.00027740875,-4.338818e-06,-2.3281958e-05,0.0,-0.00048874284,0.00018602343,-0.0009541774,0.000852359,-0.0011825872,0.001397289,-0.00015151268,-4.1016196e-05,-0.00012317297,-5.442004e-05,-0.00024536107,0.00059753674,0.001805674,0.0014218619,3.852351e-06,-0.00024184278,0.0034296159,0.00044054215
-0.40132862,0.08962781,-0.30521634,-0.0066079567,0.34841365,0.05268885,0.39789847,-0.03541941,0.0070570298,0.02949729,-0.04549918,-0.09922274,0.006720601,0.4586979,-0.021533463,0.03580952,0.0014098829,-0.018509852,0.33368,0.054573216,-0.0010916332,0.0010942462,-0.015211841,-0.018541723,0.0010099278,0.0,0.06723114,-0.0043495246,-2.1223788e-05,0.00058656064,-0.00011695625,1.4514155e-06,0.0007763398,0.029285053,-0.0024286062,-0.08143791,0.23520996,0.012460953,-0.00027920483,-0.010877013,-0.00023640736,-0.0021178399,0.0017756474,0.0061402274,0.010449191,-0.00049383065,0.0010609436,0.0045231706,0.00027379786,0.044185527,0.2039893,-0.0013910353,-0.05194265,-2.0408525e-05,0.00022919422,0.0,-0.00010971738,-0.00014566265,-0.0012019658,-0.0001060479,0.0007918754,-0.006080321,-0.00029197044,-0.00013200354,-0.00024802162,0.00030456999,-0.0014300637,0.00082345755,0.0047887433,0.0067827343,7.2255384e-06,-0.0002415517,0.0025501235,0.0003892807
-0.6582373,-0.018247448,0.058459252,-0.0052244305,-0.051095925,-0.028328976,-0.38655713,0.008826263,-0.005355756,-0.008915036,-0.02414622,0.0045247236,0.008957677,-0.16821894,-0.0013358376,-0.00014752321,-0.0006842514,0.01108357,-0.14258693,-0.025124906,-0.0017102392,-0.00014996013,0.0014627888,-0.000442875,0.002540445,0.0,-0.0006030299,0.00018995279,-9.6553185e-06,0.0003944562,-0.0007458341,5.755893e-06,0.0010105384,0.029478999,0.023261575,-0.18499354,-0.02655397,0.02119233,0.008654529,-0.031756654,-6.4640386e-05,-0.0021859522,0.0029239643,0.0032830876,0.02798612,-0.00079912646,0.005285681,0.008906005,8.027125e-05,0.04273285,0.16550335,-0.0014754278,0.00027896866,-4.338818e-06,-0.00035947104,0.0,-0.00057057606,-0.00010466884,-7.419919e-05,0.0005125213,-0.00028341732,0.0036589159,-7.4279116e-05,-4.2296408e-05,-0.000179023,-8.971608e-05,-0.00022868067,0.0012803826,0.00051450625,0.0026972312,8.920879e-06,-9.00852e-05,0.0020617195,7.2888433e-06
-0.65411246,-0.018107623,-0.29776835,-0.0057994816,-0.06523044,-0.030242324,-0.3482297,-0.016158614,-0.006166374,-0.024093954,-0.019792326,-0.018030887,-0.06446052,-0.31955227,0.0033149538,-0.11087416,-0.0006388644,-0.01962463,-0.16164467,-0.02526479,-0.00047791438,-9.0134046e-05,0.0019141987,-0.00036157787,0.0032886197,0.0,-0.0004367048,0.0013343605,-1.9017769e-05,8.324249e-05,-0.00095257466,2.6491121e-05,0.0010525684,0.013656183,0.007746791,-0.13337873,-0.019753119,0.016848216,0.0055339118,-0.031034216,-4.0619267e-05,0.043896213,0.0019390223,0.0038817548,-0.028033497,-0.0011846869,0.0030306247,0.0067545837,-3.6261767e-06,-0.18647662,-0.09908685,0.0035064819,3.364851e-05,-4.338818e-06,0.0007611345,0.0,-0.00017663509,-0.0006032619,-0.0004353504,0.0002527135,-0.0018957354,-0.018877609,0.0082809385,-1.3641451e-05,-0.00014356498,-0.0002320696,-0.0002739518,0.000278358,0.0027389806,0.0015490601,7.343631e-06,-0.00025883625,-0.006184051,-4.4405275e-05
0.2807917,-0.002170802,-0.21661799,0.0040730904,0.34136683,-0.028440615,-0.34338424,-0.0038479557,0.0036327261,-0.014474629,0.011361276,-0.018527344,0.028435085,-0.31722385,0.01108994,-0.05162471,-0.0026596002,-0.032777812,-0.069257356,-0.009051271,0.0011815517,-6.8967325e-05,0.009184604,-0.00012706342,0.0024542334,0.0,-1.1754008e-05,0.0023143329,2.1059439e-05,-0.00042891857,-0.0003775533,-2.4491783e-07,0.0003548585,-0.08965519,-0.018474376,-0.119000025,-0.026294632,0.024063602,-0.09774014,-0.018070484,-1.9776795e-05,-0.006541001,0.0030060872,0.005921565,-0.07449289,-0.0010080507,-0.0009853179,0.0060477564,-0.00023328833,0.037214763,0.1444008,0.0014271445,-2.493272e-05,-4.338818e-06,0.0013800138,0.0,0.009517569,-0.0004932715,-0.0008992263,0.00053423067,0.0016928833,-0.006934344,-0.0002700137,0.003982113,-0.00013108704,-9.22882e-05,-0.0008076522,-0.0011600467,-0.0019606242,0.0031167094,0.00017272671,-0.00082186586,-0.0035760994,-0.00032563836
0.24229638,-0.05446154,0.3167121,-0.0028130552,-0.031620033,-0.011837431,0.040187884,0.00993771,0.022192331,-0.010164856,0.02031471,-0.005518591,-0.0034573607,0.07229296,-0.0066558747,-0.006016124,0.0015395342,-0.042379055,-0.10324487,-0.013557819,-0.00029683672,-0.00041609348,0.0015698418,-0.00015512055,0.0012198536,0.0,-0.00031433112,0.00011439764,-2.2204687e-05,-0.00078373536,-0.00017266511,1.532024e-05,0.0004928623,0.020835422,-0.0046047955,0.20323136,-0.017999081,0.020296106,0.0044590854,-0.018669005,-0.00020667119,-0.0005355639,0.002957225,0.00449063,0.04089622,-0.0007336225,0.0031710714,0.022350792,0.00045464814,0.04658855,-0.15283802,-0.007007176,0.00034790227,-4.338818e-06,0.0010566149,0.0,-0.00018687977,-3.676484e-05,-0.0005942997,0.0008226794,-0.000107853564,0.0014021709,-6.60387e-05,-4.854476e-05,-0.000144067,1.3764833e-05,-0.0005637354,0.00028378295,0.0003485912,0.0016791617,7.954296e-06,-0.0006756775,0.0040210322,0.00025729375
0.13156058,-0.08555136,0.31285837,-0.01996658,-0.042938896,-0.045949798,-0.3183007,0.08045254,-0.0123696355,-0.03449229,0.10438497,-0.004652341,0.008498581,-0.1424703,-0.0053067557,0.0022826914,0.015482183,0.0040055034,-0.102425784,-0.013554937,-0.0015899381,-0.00055714155,0.00830667,8.3836676e-07,-0.0032825663,0.0,-0.0003668281,0.001535259,-0.0001047597,-0.0018261924,-0.0002044157,7.672359e-05,0.0004892129,0.009187156,-0.015093585,-0.15196149,-0.019697651,-0.9949287,0.0021073525,-0.01265798,-0.0003076034,-0.00043300478,0.0027594045,0.004597537,0.025002535,-0.001073064,0.0015945508,0.007200993,0.0015194295,-0.13488173,-0.1419852,0.00014549293,0.0003559521,-4.338818e-06,-0.00088843395,0.0,-8.583879e-05,-0.0019090645,-0.00020318077,0.0006019097,-0.00012116859,0.011091042,-8.139647e-05,-7.534156e-06,-0.00013171672,-2.5083511e-05,-0.00062980043,0.00019930488,8.698754e-05,-0.00615258,7.343631e-06,-0.0006602071,-0.005885641,0.00015542303
-0.66125995,0.21477224,-0.2857367,0.004887586,-0.03953304,-0.023580516,-0.105261005,0.040712435,-0.004832653,-0.036123578,0.016279876,-0.07154874,0.024806172,0.106303036,0.027032362,-0.014707062,-0.0028928767,-0.029363206,-0.11619132,-0.018603755,0.009785259,0.0050335,0.0007174496,0.0003140915,0.0013859996,0.0,-0.00025165756,0.00037478696,-0.0002788309,0.00037825076,-0.0012547566,8.2315e-05,0.00062381465,-0.195676,-0.0040874286,-0.17061713,-0.03273019,0.01663817,0.0030315379,-0.05179067,-0.00022293466,-0.0076638698,0.0018774477,0.0055443803,-0.03408515,-0.0014743314,0.002674594,-0.09174339,0.00019153654,-0.12823723,-0.09326369,0.0026608114,0.00048727947,-1.9623727e-05,0.0018971147,0.0,-0.00019262299,0.078106,-0.001140988,-0.0004974465,0.00086874765,-0.009906726,-0.00017235515,-9.012769e-06,-0.00019542022,-0.00024529177,-0.000367803,0.00065159297,0.0016434775,0.001695638,-5.790025e-08,-0.00029029383,0.0007649245,-3.136212e-05
0.15646394,-0.02594392,0.3492932,-0.018555254,0.25643858,-0.022012124,0.1397855,0.004163578,-0.0009780892,-0.0036304398,-0.028125573,0.0062923958,0.0033346214,0.06537356,-0.025405189,-0.010872047,0.0053355973,0.014399087,0.28302464,0.052482568,-0.009599362,-0.0054100514,0.001706382,0.00016876154,0.0015815842,0.0,-0.00026600566,9.762551e-06,3.648484e-05,-0.00062018086,0.00013469264,3.469014e-06,0.00034742805,0.024262542,-0.0037069889,0.15949546,-0.021568278,0.024423892,0.0019656764,-0.013448117,-0.00047503875,-0.00097545877,0.0027083338,0.005512788,0.025137011,-0.0006569876,0.0015715625,0.0210907,0.00040641334,0.04448358,0.2556516,0.0054758927,0.00031030382,-4.338818e-06,7.9881254e-05,0.0,-0.00017221777,-6.717208e-05,-0.001889382,0.00051972957,-0.00018266153,0.0011919205,-0.00025498692,-4.19698e-05,-0.0001225349,0.00012696907,-0.0008681522,0.00030556592,0.0009878598,0.0050802436,0.00017142916,-0.00042512696,0.0036046074,0.00018718063
-0.6226257,-0.05532735,-0.2160311,0.0138854645,0.46859512,-0.011899775,-0.52596956,-0.062240496,-0.0021141546,-0.013892533,0.0051113563,-0.07487808,-0.028815981,-0.3447722,0.0027021333,-0.054792922,-0.0025449654,-0.0037319786,-0.08877213,-0.0153691415,0.0032318658,0.0018417296,0.006779646,-0.001358141,0.003617603,0.0,-0.0012077563,-0.0008683372,-5.1047602e-05,-9.529546e-05,-0.0033594607,1.1825841e-07,-0.12776631,0.02708384,-0.0073495707,-0.18054119,-0.024869377,0.022831809,0.008286412,-0.024067992,-5.6670797e-06,-0.0040045297,0.0008167875,0.0048314934,0.035573084,-0.00049746176,0.0026146283,0.007937615,-0.00070887816,0.025374927,0.18821763,0.0012282527,0.00026277488,-4.338818e-06,0.00023121026,0.0,-0.00088203873,-0.0002160769,-0.0009349719,0.00015618608,0.006215455,-0.021142531,-0.00040206473,-3.6011446e-05,-0.0001076893,-0.00029461,-0.0010130439,5.5149714e-05,0.01137345,0.0024427178,0.00017272671,-0.00029831982,0.046806257,0.00056415715
-0.15510263,-0.07744438,0.10112789,-0.0067404173,-0.05112096,0.0018663866,0.19089198,0.01629793,-0.008050068,0.10919828,-0.030050196,-0.0073014568,-0.004453938,0.017774852,0.028421775,0.01902809,-0.0038256315,-0.029621135,-0.108862475,-0.018008873,-0.008094248,-0.0013605271,-0.0008539922,-0.00022746429,0.00035171467,0.0,-0.00017052598,2.348629e-05,-1.3575022e-05,-0.0015351838,-0.000208548,1.0047015e-05,0.000750146,0.024050424,-0.00389878,0.1645153,-0.04022943,0.015253341,0.00264616,-0.017805472,-0.00023890415,-0.00088109274,0.0028522848,0.004554238,0.023067065,-0.00034807797,0.0058729425,0.014970036,0.0002271022,0.046153016,0.24486367,0.0032201218,0.0004289198,-4.338818e-06,0.00042961826,0.0,-6.3437976e-05,-6.2067804e-05,-0.0010756826,0.00074237736,-8.93282e-05,0.00044685742,-5.8870442e-05,-0.00024108303,-0.00014672459,0.00020495812,-0.0005077687,0.000317436,0.00018514149,0.0018614864,4.3583786e-06,-0.00050786935,0.0009267723,-0.00035952256
-0.11149406,-0.15320049,0.041601963,-0.004082545,-0.04705966,-0.024088034,-0.34309217,-0.009578502,-0.0018267487,0.0008527476,0.0016463837,0.0014643196,0.007366084,-0.31337962,0.001713865,-0.029558314,0.0027814847,-0.021145057,-0.134243,-0.017566483,0.0012099111,-0.00027118798,0.002135325,-0.00023311927,0.0017592111,0.0,-0.0006388224,0.0001942078,-6.4497785e-06,-0.00057833997,-0.0005155058,7.4755386e-05,0.000925673,0.01751919,0.021921752,-0.13946627,-0.021453153,0.016901894,0.005014592,-0.018996367,-0.00027430215,-0.0012254386,0.0029970638,0.0028496145,0.02178275,-0.0009035402,0.003531206,0.01036537,0.0008732897,-0.1850284,-0.11044643,0.0006450793,0.0002554032,-4.338818e-06,0.0009987244,0.0,-0.00029756868,-0.00012111825,-0.0004340917,0.0007198019,-0.00067099265,0.0038181178,-8.031522e-05,-1.3147831e-05,-9.697195e-05,-0.00013341838,-0.00020503512,0.0001934014,0.0014941014,0.002052069,7.343631e-06,-0.00025819798,0.0028553691,0.00021523776
-0.499847,-0.018917518,-0.30928534,0.010033049,-0.08253957,-0.027918542,-0.37310556,-0.03533753,-0.0037615246,0.07905352,-0.008087607,-0.035908166,0.0030183147,-0.33687437,0.0150660435,-0.09681101,-0.0015651403,0.0013871226,-0.10312318,-0.013834817,-0.00079721893,-0.0013435098,0.0030586037,-0.0004268689,0.0023312331,0.0,-0.0001289376,0.0011393577,-1.2351594e-05,0.0003628131,-0.0014117693,7.475152e-05,0.0012230681,0.015380153,0.011126547,-0.16174737,-0.026399124,0.01668954,0.0063301316,-0.020703953,-5.272934e-05,-0.0019031571,0.0016859813,0.002962827,0.023074955,-0.0004949146,0.0042138365,0.006520858,0.0005373706,-0.1827737,-0.1056995,0.0019296762,0.00026997222,-4.338818e-06,0.0006963559,0.0,-0.00018804871,-0.00040116295,-0.0010103014,0.00039660666,-0.0007564991,0.006338156,-0.00015615406,-5.16624e-05,-0.00016454542,-0.00012849603,-0.00021242857,0.00063894014,0.0009627874,0.0013315326,7.343631e-06,-0.00018154841,0.0045870324,-0.0001387883
-0.53048396,-0.17441246,0.46792167,-0.0022246304,-0.052468278,-0.027696822,0.059376862,0.046927895,0.006004669,0.020069726,0.06514283,-0.002937678,-0.023321994,-0.15385471,-0.0014763505,-0.070114605,0.0042425613,-0.013217813,0.37322226,0.06388352,-0.014490722,-0.0028164613,-0.00020306621,-0.0019174933,0.0031385617,0.0,-0.0014690082,0.00021862892,-6.6639e-06,-0.00047629722,-0.00085802027,1.0299633e-05,0.0008296537,0.035794266,-0.0067275628,0.24390931,-0.01286812,0.01877461,0.004740317,-0.025265733,-0.00019236984,-0.0029713532,0.001784514,0.005167104,-0.060274336,-0.0006772263,0.0046779653,-0.23958713,0.0002647985,0.026824173,0.20366575,0.0034745212,2.3052158e-05,-4.338818e-06,0.00036472018,0.0,-0.00029944192,1.6949802e-05,-0.00061969116,0.00039221687,-0.000753782,0.004509171,-7.1250375e-05,-2.8703427e-05,-0.00011489939,3.05503e-05,-0.00031670564,-7.257919e-05,0.0015849988,0.003452215,7.954296e-06,-0.00031776947,-0.009396397,-0.00046559868
0.67079246,0.15665504,-0.29809463,-0.0014675332,-0.047601547,0.06140001,0.3352689,-0.00064847287,-0.005203717,0.03797988,-0.02290405,0.04582102,0.05415306,0.25858048,-0.0120704705,0.011766921,0.0016183403,0.0040117204,-0.058361143,-0.008726964,-0.0006020892,-0.00033945125,0.0009563576,5.6784493e-06,0.0009904205,0.0,-0.0005071829,-0.0022951162,1.1041053e-05,-0.001734935,-6.7667446e-05,6.7807623e-06,0.00039836482,0.012175691,-0.0041610217,-0.05661141,0.2824253,0.010129208,0.0013797771,-0.017426994,-0.00018230005,-0.0017911165,0.0013504473,0.0030047712,-0.0015371554,-0.00062273286,0.0013636381,0.008971791,0.00029372927,0.026533918,0.18708865,0.0008600609,0.0003643144,-2.0408525e-05,0.00071258855,0.0,-1.9451181e-05,-0.00014407394,-0.00042663154,-0.0004477712,0.0024206082,0.0018802487,-7.6668366e-05,-4.59934e-05,-0.00028425845,0.0002922137,-0.0009071493,0.000103855,6.289742e-05,0.0033508542,4.3583786e-06,-0.0005687878,-0.00014558683,3.2256583e-05
-0.5538122,0.16249184,-0.3353889,-0.0058637713,-0.041822392,-0.031604882,0.12770057,-0.0027786547,0.00021279519,0.019918809,-0.02786535,-0.034188878,0.0075843506,0.10462037,0.004291793,0.045536853,-0.0002609315,-0.020388044,-0.14209053,-0.016724236,0.003209044,-0.00028747466,0.0010695318,0.0002519828,0.00077240204,0.0,-0.00038225774,0.00014800913,-3.593928e-05,-0.0009134357,-0.0010013415,1.1001866e-05,0.00095180096,-0.20169428,-0.0034716292,-0.14177918,-0.04977084,0.012654936,0.0015597735,-0.030694757,-0.00031339825,0.015545995,0.0019903572,0.007744438,-0.044365175,-0.0006171036,0.004413405,0.018746415,0.00030787816,0.05066517,-0.13151152,7.309757e-05,0.00058610254,-4.338818e-06,-0.013117788,0.0,-0.00017825699,-0.00045738937,-0.0015692576,0.00067399605,-0.0005207819,-0.010298102,-4.5911012e-05,-4.0410287e-05,-0.00021505164,-8.2998406e-05,-0.00053525285,0.0012217406,0.0022408983,0.002468315,7.954296e-06,-0.00032655825,-0.0051881005,-0.001076553
-0.4540853,-0.01722157,-0.38899067,0.0029067202,-0.04858296,-0.01409041,0.044675447,0.020127673,-0.0071744123,-0.003331415,0.070527725,-0.060976353,-0.0032312972,0.0926744,0.01702454,-0.01559405,0.0006999101,0.013191356,0.37364498,0.046349972,0.00013295948,-0.0002617056,0.0017467557,-0.0011608301,0.0011754438,0.0,-0.0009007815,0.00024215494,-1.890497e-05,-0.00020259919,-0.0004412691,4.8445136e-06,0.0010238411,0.035760734,-0.003477398,0.19957192,-0.026238693,0.017318098,0.004042697,-0.025329133,-0.00026072818,-0.0021950707,0.0028284988,0.0065574273,0.026783532,-0.00080207566,0.005343638,0.019704023,0.00038168076,0.049844943,-0.117647044,-0.0033475952,0.00036853174,-4.338818e-06,0.0012103383,0.0,-0.00018772141,-0.0002927229,-0.00061695516,0.00048112715,-0.000613129,0.0032242495,-7.6081014e-05,-3.783461e-05,-0.00017705499,-3.8654547e-05,-0.00029076627,0.0018266578,0.0016895086,0.00053687714,7.954296e-06,-0.00030032962,-0.0054798587,-0.0018647973
0.5424198,0.096831515,0.50109345,-0.0062040905,0.27112833,0.0234865,0.3241754,-0.018380916,0.0014953174,0.007239846,-0.01322035,0.15527709,-0.028742261,0.39646462,0.012477593,0.008242218,0.0057155625,-0.018489726,-0.06371637,-0.009852412,0.0038414218,0.0017582133,-0.004418451,-0.006936788,0.0014390657,0.0,-0.00013482347,0.0013201913,-1.7434611e-05,-0.0010912002,0.0001105008,-1.4711283e-05,0.00024946046,0.01713452,-0.004817818,-0.05733316,0.186312,0.012049702,0.0008798545,0.00039210956,-0.00025152802,0.00028828956,0.0013752108,0.0040786825,0.013665447,-0.0004397149,0.0020019482,0.00733651,0.0003555658,0.022388844,0.18357119,0.0016068154,0.0004471769,-2.0408525e-05,0.00013682451,0.0,-9.2939306e-05,-4.9992716e-05,-0.0011764732,0.00031702573,0.0015063193,0.0025137612,-7.775042e-05,-4.899162e-05,-0.00027375107,0.00012570254,-0.001027791,0.0028594267,-0.00041756872,0.0036581683,0.00017307441,-0.0002683358,-0.00073130615,4.003357e-05
0.22270253,0.16973738,-0.25250146,0.004708221,-0.037584808,-0.008044383,0.19639978,0.013147819,-0.00056567084,-0.0072734035,0.018101681,0.0009842172,0.030458234,-0.13079618,-0.004095142,0.0075950897,0.00036134676,-0.071982846,-0.068969876,-0.013290542,5.7004785e-05,0.0001483112,-0.0054822164,-0.0015596792,0.0013267595,0.0,8.6231536e-05,0.00073231576,-9.0421534e-05,-0.00071754894,-0.00018846127,1.1078664e-05,0.0005718875,0.028113753,-0.003135832,0.24203497,-0.029021015,0.015966091,0.0044911294,-0.023438469,-0.00020206318,-0.0005264316,0.0024743166,0.007118169,0.06292998,-0.0007731091,0.003914935,0.020737708,0.00034127192,0.040295232,0.23002198,0.003843173,0.00030240117,-1.9623727e-05,0.00026529073,0.0,-0.00018299509,-0.0001254564,-0.0009954276,0.0007319063,9.76209e-05,0.0012238761,-0.00012405617,-4.422287e-05,-0.000311033,4.4009954e-05,-0.00057771726,0.000103318496,0.0002793175,0.0034438407,3.5143553e-06,-0.0006929444,-0.0044331565,-5.450174e-05
-0.5134871,-0.23189151,-0.34412983,-0.0015204705,-0.067008145,-0.055517048,-0.43042463,0.006006173,-0.010390789,0.013288513,-0.055431213,-0.07995968,-0.03313143,-0.2990322,-0.0008925271,-0.030252606,-0.001982999,-0.0013297885,0.34785596,0.0486999,-0.0014102907,-0.00046338764,0.0032919724,-0.0005570041,0.0026806137,0.0,-0.0012529334,0.0012527204,-8.740202e-06,-0.00024842136,-0.0011575995,7.4755386e-05,0.00094373594,0.022095619,0.00488868,-0.15694834,-0.02450671,0.017886981,0.0062873894,-0.021205183,-0.00012129103,-0.002071358,0.0015615232,0.0043507856,0.022097647,-0.0005653836,0.0038476076,0.00834122,0.00043914455,-0.15714295,-0.10977366,0.0016818176,0.0002849067,-4.338818e-06,0.00013146801,0.0,-0.00049177173,-0.00011661635,-0.00031348603,0.00048445346,-0.0010369252,0.0041553895,-0.0004382516,-1.3207993e-05,-0.00012542389,-0.0001840807,-0.0001856404,0.00013256131,0.0019818007,0.0016519154,7.343631e-06,-9.144927e-05,0.0054610902,0.000988452
-0.48003924,0.031014854,-0.3911364,-0.004131745,-0.048302412,0.0032945639,0.039381966,-0.0051947525,-0.007893247,0.0032044991,-0.014876786,-0.067053474,0.021424733,-0.06920881,0.031209547,-0.012922338,0.0029490627,0.007871883,0.37284213,0.04186484,-0.00094355404,-0.00036962138,0.00014767653,-0.00214723,0.0011508124,0.0,-0.0014167372,-0.00048744192,-2.1426291e-05,0.0004187958,-0.00077087904,3.2392509e-06,0.0008546321,0.030641746,-0.0040215594,0.25792217,-0.02321117,0.019733494,0.001423664,-0.03682898,-0.0002736311,-0.0026795657,0.0014982589,0.008306561,0.038784098,-0.0005673009,0.004030142,0.015681656,0.00070292264,0.040551588,-0.11507507,-0.0035483441,0.00038109752,-4.338818e-06,0.0014323278,0.0,-9.124137e-05,-0.00052171655,-0.00089478673,-0.00018071292,-0.000371242,0.002664079,-0.00012611436,-0.00013210191,-0.00020755253,-1.1131968e-05,-0.00042948883,0.0010116677,0.0016589201,0.0007891772,4.3583786e-06,-0.00024600318,0.010971593,0.0002476417
0.24552739,0.15760076,-0.4016587,0.004971316,-0.06131772,0.00021372265,0.05983307,0.00045313276,-0.006635114,-0.0083151115,0.016853519,-0.0066258484,-0.025220437,0.060972586,0.020949973,-0.013874958,-0.0008441909,0.011083631,-0.068223774,-0.012404243,-0.0009913194,-0.0019619155,0.0011182171,0.0004934668,0.0020397233,0.0,-0.00024382609,0.0002373447,-0.000112060436,-0.0010578629,-0.00016704599,3.8348826e-05,0.00039220002,0.027096143,-0.0020170216,0.22848767,-0.014316518,0.017153153,0.0065220133,-0.009395361,-0.00013880637,-0.0010271566,0.0025442303,0.007521828,0.060450923,-0.00043247963,0.0022412096,0.018632604,0.00022813058,0.045330025,0.22613627,0.0012142912,0.00058818044,-2.0431644e-05,0.0012137968,0.0,-0.00018687977,-0.0005344213,-0.0006735267,0.0004126531,1.705772e-05,0.000749178,-0.00013719001,-4.95189e-05,-0.0003105244,0.00015530064,-0.0005844896,7.535657e-05,0.0015635353,0.0025667876,7.954296e-06,-0.0006735501,0.003537953,0.0002122688
0.23167723,-0.33948362,-0.33370054,-0.0027587416,0.26051345,-0.02794952,-0.013107893,0.030004725,-0.0064064697,-0.036090232,0.060230155,0.03266986,-0.01203543,-0.19026724,0.010263992,0.025350805,-0.0020119057,-0.029198755,0.42209545,0.065846875,0.0017058237,9.991187e-05,0.0062917266,0.00028381933,0.0020440922,0.0,-0.0003662598,0.0007788169,6.998407e-05,-0.00016806126,-0.00017904703,-0.00041165057,0.00035978187,-0.10440392,-0.0048044757,-0.11134376,-0.02792051,0.020895628,0.0051119523,-0.023785006,-7.480937e-05,0.018960867,0.0029965339,0.0076676686,-0.0695413,-0.0007759918,0.0009295196,0.009479528,3.1632473e-05,0.029760864,0.17194149,0.0013637558,0.00022276916,-4.338818e-06,-0.019334404,0.0,-0.0002040146,0.000242799,-0.0012684624,0.0005573997,-0.0031516093,-0.023165671,-0.00017765845,-4.629622e-05,-9.33302e-05,-0.000108242784,-0.0005030383,0.00027643237,0.0036591913,0.0046723303,0.00015774755,-0.00023428407,-0.019455217,-0.0019838582
0.4534888,0.09855453,0.26178443,0.0019278938,-0.04810789,0.024161007,0.37900937,0.005458815,0.0008040341,-0.00097397994,0.012042454,0.03399847,0.051516723,0.38976535,-0.027034324,0.026801763,0.00032743608,0.007003198,-0.06630909,-0.010250028,0.0025130366,0.00022059894,0.0014452913,-0.00027344088,0.0009449537,0.0,-0.00047933136,0.0074821115,-1.1326968e-06,-0.0013433537,-0.0022353951,5.7890717e-05,0.00031248204,0.014886882,-0.0054611107,-0.05397556,0.20549238,0.017618315,0.0014695913,-0.017511306,-0.00019528046,-0.0002457222,0.0012034513,0.003428867,0.015968269,-0.00042557105,0.001377992,0.0069693155,0.00033937546,0.026030555,0.19029136,0.0026298624,0.00056599133,-4.4329404e-06,5.1974857e-06,0.0,-7.465259e-05,-5.748086e-06,-0.00091986323,0.00038734617,0.0013838789,0.0024525884,-8.0021506e-05,-4.679305e-05,-0.0003121052,-4.2433043e-05,-0.00036945843,0.00018931371,-0.0009544812,0.0020227355,8.920879e-06,-0.00051875523,0.0009364017,-0.00023824183
-0.54850274,0.015374766,-0.34854928,0.0057553104,-0.08435519,-0.04319098,-0.3790968,-0.00077670766,-0.0019777713,0.023657952,-0.014632635,0.00796093,0.0026322848,-0.31926927,-0.0097991275,-0.10386078,0.003584534,0.011273702,-0.12196661,-0.015456785,-0.0009820802,-0.00038751677,0.002516412,-0.00039808278,0.0025590966,0.0,-0.0011100608,0.00032290525,-1.8432422e-05,0.0007629986,-0.0016363645,8.157735e-06,0.0013429287,0.017647564,0.0069897217,-0.16033639,-0.025166497,0.018165948,0.006367283,-0.01738722,-5.7350044e-05,-0.0026106548,0.0015117573,0.0047413367,0.026772656,-0.00079769816,0.0054176333,0.010510892,0.00013238851,0.047651406,-0.0998454,-0.006399543,0.00025113285,-4.338818e-06,0.00059699407,0.0,-0.00016816371,-0.0002728745,-0.00013079778,0.0005155566,-0.00022313205,0.002748559,-0.0002747658,-0.0001328286,-0.00017909035,-1.694442e-05,-0.00026029293,0.0010022187,0.0003820807,0.0011359357,7.343631e-06,-0.00024973272,0.0063105263,9.030501e-05
0.11816567,0.15021685,-0.38674605,0.0024003065,0.039165594,0.02252971,-0.42324585,-0.016941875,-0.0017741587,0.00047120836,-0.022760969,-0.029900216,-0.010326143,-0.33437833,-0.013333001,-0.07745142,-0.000260249,-0.054177932,-0.06662793,-0.011284686,0.00180688,-0.00076874375,-0.022943616,-0.0006020344,-0.04244466,0.0,-0.00012243894,0.0032357378,-0.0001223223,-0.0008351209,-0.00034018914,1.3236663e-05,0.0007133743,-0.087476745,-0.015492995,-0.1302171,-0.023457892,0.01940931,-0.121690355,-0.013808328,-0.00019378049,-0.0074708476,0.0022359511,0.004524003,-0.06922359,-0.0012326906,-0.001012651,0.009701751,-0.00032093652,0.029611114,0.14163679,0.0021816771,-3.07856e-05,-1.9623727e-05,0.0006785171,0.0,-0.00020447523,-0.00035054638,0.00026047777,7.475396e-05,-0.0011448519,-0.006157113,-9.6476215e-05,-3.7560945e-05,-0.0002714467,-0.00054711767,-0.0005597204,-0.0014000699,-0.011755257,-0.012707142,1.1186648e-06,-0.00082112825,-0.0060908697,-0.0002905468
-0.44581354,0.16680379,-0.3146488,0.002118683,-0.038976505,0.010535327,0.14546277,0.00789541,-0.004336578,0.0070906314,-0.03480032,0.031549484,0.00979393,0.064393096,-0.0049204966,0.02184255,-1.3280909e-05,-0.012596856,0.36084715,0.046112932,0.004062466,-0.00020442692,0.001078767,0.00046682757,0.00071806135,0.0,-0.0008878012,0.0015461036,-2.908112e-05,-0.00033278574,-0.00053290656,3.623077e-06,0.0010365221,0.036627267,-0.0030949349,0.17974296,-0.0329841,0.015780754,0.0026804304,-0.023239201,-0.00024043853,-0.0023448614,0.0019960923,0.004929214,0.01986286,-0.00045604777,0.005661819,0.01371935,0.0007038628,0.051363595,-0.1270953,-0.0037320226,0.00038613714,-4.338818e-06,0.0008976824,0.0,-9.789716e-05,-0.00031168805,-0.0013328147,0.00052883994,-0.00019282122,0.0025303143,-0.00011836753,-3.2445852e-05,-0.0002483692,-1.0738186e-05,-0.00046262695,0.0012755034,0.003055176,0.00073122326,4.3583786e-06,-0.00017798714,-0.00764145,-0.00018886907
-0.62245345,-0.036792543,-0.37389028,0.0027003626,-0.043855462,-0.019840876,-0.001888124,0.032384027,-0.003548134,0.032876525,-0.04956481,-0.043151032,-0.011224465,-0.14889376,-0.046072066,-0.030903423,-0.008844367,-0.005413577,0.313632,0.048530173,0.0033526355,0.0028024036,-0.0034183594,-0.0008139945,-0.03230121,0.0,-0.0007466747,0.00069629273,-0.0002290717,0.00016127531,-0.002382744,3.3867373e-06,0.00072126003,-0.102334745,-0.004839863,-0.12662807,-0.025231263,0.012736233,0.0035646386,-0.036982518,-5.961783e-05,-0.007475005,0.0017050921,0.0064028413,-0.04797167,-0.001119546,0.0036000581,-0.23416728,0.0001187085,0.024196435,-0.08179894,-0.005983907,0.00038367457,-4.338818e-06,0.0012176952,0.0,-0.00019742177,-0.0005106279,0.00011251231,0.00027263077,9.17326e-05,0.0042131115,-0.00015388643,-4.567022e-05,-0.00015231317,-0.0003044998,-0.0002511192,-0.00061378983,0.0017267936,0.0007506155,1.72933e-06,-0.00022260526,-0.0043445155,-8.828283e-05
-0.5064561,-0.092236236,-0.29899207,0.013523779,0.2198689,-0.022729782,0.10145772,-0.03335821,-0.008987011,0.001854961,0.002194916,-0.037094798,-0.013503976,0.09119897,2.7247992e-05,0.011573886,-0.009875024,0.005722889,-0.1409827,-0.017919855,-0.0011167406,0.0005455176,-0.0023030776,-0.0010947563,-0.051896278,0.0,-0.0006481273,0.0021604775,-9.584723e-06,6.938046e-05,-1.0848459e-05,2.9764462e-06,0.0007565528,0.030114999,-0.0023410644,0.1614916,-0.025924947,0.017261697,0.00072355394,-0.030750247,-0.00038037743,-0.0009289208,0.0021645527,0.006208204,0.022485806,-0.0006767533,0.0026480206,0.01155672,0.0013026968,-0.21281944,-0.17443155,0.00052455993,0.00018709784,-4.338818e-06,0.0008696717,0.0,-0.00011350454,-0.00044149614,-1.6185286e-05,0.00041339904,-5.250594e-05,0.0018912149,-0.0002866302,-1.4725138e-05,-9.740895e-05,-7.277679e-05,-0.0007167511,0.0012950047,0.0044048605,0.0041789296,5.2788564e-05,-9.0743124e-05,-0.012085688,-5.5217002e-05
-0.5566587,0.16117857,-0.36244953,-0.0019303904,-0.045901116,0.034687426,-0.088638775,-0.0023194912,-0.004712812,0.022836898,-0.028406706,-0.0636467,0.01793676,-0.16755587,0.002859136,0.02922175,0.0022083672,-0.008339434,0.38889784,0.051510707,-0.0021711001,-0.000113731374,0.001777919,-0.0017712878,0.00042879238,0.0,0.016528584,-0.0019159946,-0.00022719287,7.658363e-05,-0.0006969105,6.9535918e-06,0.0008011781,-0.13691345,-0.006352144,-0.13295503,-0.032257933,0.018695,0.0019358395,-0.018874878,-8.08675e-05,-0.01044684,0.0011373037,0.0070144595,-0.054282643,-0.0013707884,-0.10440831,0.010662553,0.0002810144,0.036171485,-0.089747086,-0.0021692552,0.00028221466,-1.9623727e-05,0.0011248025,0.0,-7.2319424e-05,-0.0005968248,-0.0011593249,7.681897e-05,-0.002657661,0.00749353,-0.00016396421,-7.157121e-05,-0.0003203583,-0.000106106774,-0.00066908565,0.00086019957,0.003438377,0.001929243,4.3583786e-06,-0.00028055106,-0.00332399,-0.00019606973
-0.08425205,0.23504394,0.39741674,0.0055161933,-0.028121186,0.008064116,0.1314505,-0.00343498,-0.00096163974,-0.0008118917,0.01900226,0.0028072754,-0.0023814975,0.09060735,-0.014230272,0.0034420278,0.00074554456,-0.023073805,-0.1170765,-0.01440285,-0.003180511,-5.4492426e-05,0.00085028954,8.360007e-05,0.0007127586,0.0,-0.00033723103,0.0002564464,-8.241835e-06,4.2153e-05,-0.00019898843,4.5926976e-05,0.00080797944,0.020683795,-0.0070860717,0.15144354,-0.024273964,0.016162822,0.0028605608,-0.02529454,-6.3981875e-05,-0.00096342183,0.002611484,0.0051467563,0.025256377,-0.00089962804,0.004561849,0.010966142,0.00033843884,0.034359954,-0.1588803,-0.0033838684,0.00041329645,-1.9623727e-05,0.00052799965,0.0,-0.0005814062,-0.00027380622,-0.0006850103,0.000516128,0.00010333184,0.0019063686,-7.4715244e-05,-4.381628e-05,-0.00028352856,6.274065e-05,-0.0007768308,-0.029058576,-0.00090003427,0.0012767629,7.954296e-06,-0.0002458358,0.0024776729,-0.0003325359
-0.5613664,-0.26190668,-0.28793347,-0.0043914597,-0.06171665,-0.018036686,0.0031711503,-0.004902636,0.006079379,-0.016311876,-0.030463343,0.0029160576,0.006274894,0.12608574,-0.0097187655,-0.012046101,0.0016931165,-0.023595968,-0.18449292,-0.022784937,-0.00015482184,-0.00032872037,0.0006795329,-0.00021533137,0.002435409,0.0,-0.0015113481,0.001006986,-1.5019166e-05,0.00025166525,-0.00032626683,4.8445136e-06,0.0008654647,0.04420545,-0.0030159345,0.21080136,-0.028297847,0.017833754,0.0018223135,-0.030365255,-0.0003985443,-0.0022989635,0.002525055,0.007138281,0.02745246,-0.00034946273,0.0050925836,0.0143586015,0.0003428964,0.045365307,-0.12470001,-0.0031282308,0.00044932961,-4.338818e-06,0.0013400147,0.0,-0.00012867994,-0.00045765907,-0.0001978007,0.00037720118,-0.00023612287,0.002941277,-8.9596186e-05,-3.743755e-05,-0.00013604165,-0.0003230795,-0.0004102132,0.0012541468,-0.015047955,-0.0130075645,4.3583786e-06,-5.76566e-05,0.0075904997,4.794234e-05
0.36794007,-0.15813315,0.35541546,0.004839707,0.29607457,-0.020069553,0.43210432,0.0018489854,-0.003644412,0.03899917,-0.01268185,0.0643099,0.002114942,0.5147438,0.028588062,0.008588085,-0.0013451858,-0.06137322,-0.0620201,-0.009593487,-0.0011097481,-0.00075068104,0.0011820158,-0.0030651751,0.0022892144,0.0,-0.00022561545,-0.0004157432,3.832884e-06,-0.000988244,0.00049633847,-6.6484725e-05,0.00037247117,0.026725074,-0.005807463,-0.0592628,0.20467052,0.015400464,0.000967852,0.2271907,-0.00022455004,-0.00092569104,0.0023704707,0.0041153925,-0.022319678,-0.00058434013,7.1575865e-05,0.009750949,0.0003089798,0.03193238,0.2072866,0.0018851057,0.00037666396,-4.4329404e-06,-0.0002861909,0.0,-0.00011937834,0.00019597626,-0.001126728,0.0001447826,0.0024217032,-0.00036934295,-0.00030337408,-0.00025494123,-8.247142e-05,-0.00029146118,-0.0013224799,0.00055044965,-0.0071650352,0.0037815527,0.00016525865,-0.00038743796,0.0016207084,7.513273e-05
0.521478,0.108995326,0.37208977,0.0033076282,-0.028098699,0.03227259,0.37153777,0.03970524,0.00037805404,-0.0074808137,0.02351711,0.110669695,0.0018542969,0.38159794,0.026820526,0.028167127,7.4923024e-05,-0.027531916,-0.05965763,-0.0076592346,-0.007780438,-9.411535e-05,0.000983994,0.00084429065,0.00039964565,0.0,4.9270726e-05,0.0011102104,-9.897176e-06,-0.0010350199,0.00012853861,5.720689e-05,0.0002471193,0.016837131,-0.0058633974,-0.04856425,0.20277463,0.00869526,-0.0007090116,-0.02197191,-0.00016064211,0.0011309474,0.00046100921,0.0034128244,0.00981391,-0.0006308218,0.0027791471,0.0057132747,0.0003123447,0.021142177,0.19500525,0.0013712208,0.00044890938,-2.0408525e-05,0.0016310253,0.0,-7.167292e-05,-0.00015471979,-0.00027126414,-0.00010735717,0.0008463198,0.00019689588,-0.0001431646,-3.459541e-05,-0.00028119798,1.8870358e-05,-0.0006852948,0.00010096319,-0.0006683077,0.0012755041,2.9036896e-06,-0.0004862451,0.0030786765,-8.9238325e-05
0.17406967,0.21023153,-0.36438325,-0.0109134205,-0.033001065,0.03103882,0.10232687,0.07894906,-0.005739065,-0.012720548,0.00055147585,-0.041900743,-0.021767449,-0.1960056,-0.06459163,-0.0027834813,-0.002283869,-0.06732042,-0.08642805,-0.014495143,-0.0035639736,-0.0009488289,0.0011236628,0.0012047675,0.001460348,0.0,-0.00025542668,-0.0022382634,-2.6814683e-05,-0.006217174,0.00045045803,7.5125834e-05,0.00041241883,0.021256903,-0.0029948386,0.15845448,-0.02348443,0.011836916,0.0038574643,-0.025326459,-0.00027317423,-0.015195163,0.0021396005,0.007115145,-0.12375267,-0.0014578856,0.0011712392,0.01210795,0.0009975524,-0.14928453,-0.17251605,0.00013068963,0.000117578944,-1.9623727e-05,0.00021789358,0.0,-0.00020459942,-0.00042873496,0.00038913713,7.438344e-05,-0.0007273505,0.002197393,-5.871583e-05,-1.6054551e-05,-0.00019413498,3.3130844e-05,-0.00088212395,0.0006292497,0.001306534,0.0011792651,3.5380172e-06,-0.0005579787,0.006402701,-0.0011233198
0.3211488,-0.029793417,-0.3673087,0.0058205817,-0.07093315,0.009445034,-0.11911227,0.0028441704,-0.0056668655,-0.0054783067,-0.004475818,0.009485265,-0.03283484,-0.19921659,-0.0065279906,-0.0028660963,-0.0022972354,0.012321568,-0.11300897,-0.014122131,-0.0010597988,-0.002074386,-0.0037116986,-4.94892e-05,-0.026758367,0.0,0.0005988439,0.00029306186,-2.5766854e-05,-0.0010104615,-0.0007962363,1.8274673e-06,0.00038475223,-0.076911636,-0.0111391395,-0.11299608,-0.028270386,0.021559486,0.009800135,-0.012856179,-0.00014354104,-0.0071214023,0.002548356,0.0050415806,-0.067921065,-0.00096846564,-0.018502323,0.015529464,0.00013059024,0.028664041,-0.11634632,-0.003944181,0.00037133024,-4.338818e-06,0.0023764628,0.0,-0.00011113825,-0.00024700142,-0.0043589086,0.0008050313,-0.0024048134,-0.0024059608,-0.00010726379,-0.00010333104,-0.00014504035,-0.00012218016,-0.00015020728,-0.00017895168,0.00065769756,0.0031737974,2.564334e-07,-0.000605397,0.005479759,0.000121501245
-0.06454483,0.00042019316,0.04809033,0.011418091,-0.045619335,0.006353646,-0.08619512,-0.008557109,-0.0032577403,-0.011685404,-0.007838636,-0.011912202,-0.011113668,-0.1465287,-0.008261966,-0.00061237917,-0.0023491154,-0.02429212,-0.113258645,-0.0167901,-0.0017000423,-6.620365e-05,0.0018103862,-0.00012292688,0.0015764238,0.0,0.00084093644,0.00037052477,-2.3418934e-05,-0.00060462765,-0.00026568002,8.795976e-06,0.0006494925,-0.08107198,-0.006682256,-0.13877055,-0.028179513,0.021382475,0.0069896975,-0.02665721,-0.0003095855,-0.006498864,0.003082782,0.006245969,-0.0573837,-0.00089841505,-0.045303926,0.01638844,-0.00011047831,0.022332298,0.17072695,-0.00025608295,0.0002655826,-4.338818e-06,0.0027069629,0.0,-0.0001770751,-7.2698844e-05,-0.00057911885,0.0006036465,0.015396621,-0.0065735294,-7.472927e-05,-0.0005496731,-0.00014576534,-3.9758725e-05,-0.00039077905,0.0003837187,0.0003437877,0.0034906422,7.954296e-06,-0.0003997894,-0.0041021476,-0.00010571018
0.21127403,-0.5227412,-0.3108282,-0.0062205023,0.5119075,-0.021383507,-0.09062118,0.029548619,-0.012484129,0.013319381,-0.07299265,0.083578944,0.00035542593,-0.16862844,0.033036694,-0.010401683,-0.0028955804,-0.036903482,-0.09605806,-0.0144588705,0.0004036203,0.0038475154,-0.01173799,-0.00073513127,0.0024514252,0.0,0.0015597629,-0.0123098,7.186568e-05,-0.00054233486,-0.000108673754,-0.00074143626,0.0005150634,-0.06535673,-0.0021234027,-0.1610362,-0.027930137,0.022890938,0.007715012,-0.021882545,-0.00027565716,-0.003147302,0.002072708,0.005553543,0.05855564,-0.00031233026,0.0011168811,0.011345064,0.00016130933,0.03184853,0.17531809,-1.5957932e-05,-2.3831983e-05,-4.338818e-06,0.0012611649,0.0,-0.00021538546,-0.00022137346,0.015131786,0.00067628553,-0.00054586516,-0.0050477553,-0.00012774298,-3.350158e-05,-9.320906e-05,-0.0002695553,-0.0005922107,0.000107361106,0.0038449066,0.010423478,-4.072301e-05,-0.00023736601,-0.013055636,9.2496855e-05
-0.107491694,-0.035746913,-0.2161329,0.0104945395,-0.040807784,0.010452781,0.12180801,0.004353608,-0.003783645,-0.004144182,0.03385218,-0.03358867,-0.010256898,-0.1265859,-0.019489909,0.0044496725,0.0018597222,0.012641215,-0.12391348,-0.01675844,-0.003704393,-0.0001903991,0.0015466671,-4.550723e-05,0.0012231551,0.0,-0.0004807402,0.0002042419,-1.1554393e-05,-0.00072150474,-9.504338e-05,7.352859e-05,0.000962363,0.022957891,-0.0042841686,0.20597897,-0.022341777,0.017132899,0.003098127,-0.019451564,-0.00025813226,-0.0005103701,0.0028415965,0.0061950637,0.042691767,-0.000717381,0.0026014987,0.011144511,0.002174993,-0.17579001,-0.15603416,0.0008003663,0.00019028713,-4.338818e-06,0.0010279088,0.0,-0.00067943754,-8.2675426e-05,-0.0006656259,0.00071782083,-0.00070423604,0.0024990896,-0.00013966417,1.185068e-06,-0.00013165204,-1.1803059e-05,-0.0005833367,0.0005800503,0.00043544112,0.0019865537,7.954296e-06,-0.00039972537,-0.004868689,-0.00025721372
-0.56900656,-0.29854965,-0.30996317,-0.004579636,-0.074947804,-0.04502388,-0.42866895,-0.02419801,0.0006939874,-0.024346424,-0.018253949,-0.05793907,-0.0024529041,-0.34739465,0.01034208,-0.07082102,0.00047370087,-0.026810423,-0.12133207,-0.01799298,-0.0009056243,-0.00015691777,0.001563346,-0.00025672023,0.0031520172,0.0,-0.0018170329,0.0009361687,-8.2395345e-06,0.0005720701,-0.0016337784,4.256062e-06,0.0006858531,0.028580252,0.011003759,-0.13898261,-0.022564868,0.015126373,0.0064911526,-0.030002635,-3.1427924e-05,0.112861834,0.0024966006,0.0041346354,-0.033077013,-0.00072837394,0.0029783845,0.008528959,7.7410674e-05,0.046200074,-0.11211616,0.0057953806,4.1215273e-05,-4.338818e-06,-0.006808621,0.0,-0.00070453266,-0.0007062839,-0.001082936,0.00022599235,-0.0021732464,-0.017397208,-0.00035185672,-3.555692e-05,-0.00010942157,-0.00046802446,-0.0001926423,0.0005077415,0.0036261815,0.0010404816,4.4809385e-06,-0.00017756151,0.0077080783,0.00030634567
-0.3933899,-0.31314823,-0.29892457,0.0015732718,-0.07835875,-0.0041265497,0.26700395,-0.004126899,-0.01801955,-0.039283674,0.0142601095,0.018792644,-0.019797297,0.16026062,0.058121767,-0.092524186,0.0006203102,0.018667491,0.35777035,0.047941044,-0.0034323137,-0.00045502064,-0.0071123466,-0.0014623369,0.0007171749,0.0,0.00034404662,-0.012346205,-2.082978e-05,0.00045362217,-0.0004403333,-0.00040473658,0.00054385664,0.032225884,-0.0030320375,0.1504941,-0.032596365,0.015120697,0.0035299624,0.25880197,-0.000103530685,-0.0030969267,0.0020766207,0.0030643842,-0.023843227,-0.00024052059,0.0045542195,0.011548164,0.00020868873,0.04419909,-0.11576194,-0.002977392,0.00027619483,-4.338818e-06,0.0003631999,0.0,-0.00020302476,-0.00032533068,-0.0014266276,0.000740691,0.001081834,0.0071433363,-0.00013996466,-2.980055e-05,-0.000121077515,-0.00079623563,-0.00022645338,0.0012598753,0.0025703171,0.002572768,-2.5544621e-05,-8.970812e-05,0.0036485405,-0.00068286207
0.35027793,-0.07656847,0.42182595,-0.0034537564,-0.045226816,-0.005525435,-0.027591772,0.015617097,0.0015766288,-0.0017788662,0.013603465,0.008406987,0.028183306,0.08496593,-0.012670019,-0.009515475,-0.0012900567,0.0098267095,-0.097051986,-0.013038745,-0.00081792794,-0.00022176842,0.0013794143,-0.00013480778,0.0019154504,0.0,-0.0005093994,-0.00019438617,9.073821e-06,-0.0012692388,-0.0014243531,4.008789e-05,0.00040312024,0.024946276,-0.0062296046,0.19888291,-0.019898355,0.025709212,0.0044572614,-0.017152516,-0.00019622463,-0.0009313504,0.0028203372,0.0052271276,0.034308866,-0.0005666399,0.003719741,0.014160134,0.00026486945,0.035319228,0.24998632,0.0045450446,0.00028319636,-4.4380067e-06,0.0010323458,0.0,-0.00018802052,-5.144263e-05,-0.00080549554,0.0006782531,2.51993e-05,0.0011086914,-6.910632e-05,-5.9253314e-05,-0.00014735374,0.00014505853,-0.00032813754,0.00013380975,0.00038668414,0.003180202,7.954296e-06,-0.0006066694,0.004222115,0.00013668617
0.16713159,0.094717465,0.30988514,-0.004875098,0.123567104,0.03452113,0.3415724,0.02022393,-0.0009611288,0.010227421,-0.0025227985,-0.01717533,0.025416117,0.31855538,0.024487585,0.012045818,0.009809897,0.008575467,-0.06398997,-0.013798784,0.001397981,-0.008053552,0.0006042735,-0.00030455668,0.0021118566,0.0,0.000117597134,0.0002664136,3.2680495e-05,-0.00064280763,9.777309e-06,5.482279e-05,0.0004757592,0.019887943,-0.004884265,-0.06004917,0.194304,0.017179443,0.0029501254,-0.020881703,-0.0003655651,-0.0030502763,0.0017105129,0.0052798153,-0.03599035,-0.00061316154,-0.038724612,0.007837585,0.00048043195,0.03683172,0.2317476,0.00642988,0.00029164474,-2.0408525e-05,-0.0004445736,0.0,-0.00010169579,-0.00034576887,-0.0011049384,0.0001371192,-0.0013966345,-0.004905259,-9.586393e-05,-4.0649094e-05,-0.00027170195,0.00090794766,-0.0007404664,0.00015179858,-0.0017073747,-0.012433582,0.00017142916,-0.0005848656,-0.00034326885,-0.0010699693
-0.59359246,0.17445366,-0.3139357,0.0017681008,-0.035778016,-0.030842789,-0.34778225,0.030906513,-0.0026590512,0.0375771,-0.016855588,-0.021189598,0.00692304,-0.14382248,-0.041500695,0.007928259,-0.005503623,0.0011593703,-0.12548769,-0.019077992,0.00081036583,-0.00025565905,0.0033938058,-0.00019108226,0.0026174264,0.0,-0.0007385316,0.0003787708,-2.5477437e-05,2.0319601e-05,-0.00069605524,2.8088369e-05,0.0014097543,0.020182807,0.0037027658,-0.1602667,-0.023327295,0.018829707,0.0016896508,-0.03459136,-0.00034021182,-0.0018076227,0.0019263728,0.005838414,0.018780537,-0.0014732106,0.0026909686,0.010849361,0.0012914487,-0.17060502,-0.10254858,0.0009878044,-0.05799215,-4.338818e-06,0.001277125,0.0,-0.00019341666,-0.0008131929,-1.5141803e-05,0.00058222975,-1.1956013e-05,-0.0046937526,-0.00023432449,-1.1942735e-05,-0.00023481171,-0.00020483752,-0.00051650027,0.00094921695,0.0022350005,0.0012111033,7.343631e-06,-0.0002700087,-0.00033302093,-5.667437e-05
0.17702709,0.1181404,-0.16948895,0.002365051,-0.03440348,-0.023842609,0.3198119,-0.001943732,0.0018332868,-0.008355066,0.0048853643,-0.023820318,0.055782072,0.17400678,0.02798998,0.06338314,0.0010723253,-0.048424255,-0.06855811,-0.012301957,0.009713978,0.00097039144,0.0030703126,0.00016680165,0.004290239,0.0,-0.00014091932,0.0008557047,1.0676411e-05,-0.0009513755,-0.00044995843,1.9802112e-05,0.00043876132,0.027864927,-0.0035697632,-0.060813524,0.31185636,0.01230566,0.000866278,-0.02228786,-0.00022807697,-0.0020062705,0.0010033989,0.0047603245,-0.04355949,-0.00072457636,0.0022958356,-0.1962307,-7.624612e-05,0.03248519,0.18510363,0.002731957,0.00033888957,-2.0408525e-05,-0.0002560986,0.0,-0.00015265029,-0.00022094412,-0.00055142667,0.00025185148,0.0035179313,0.0025356575,-0.00013613638,-2.7299462e-05,-0.00027737697,-8.851726e-06,-0.0006472125,-8.829171e-05,0.0002538815,-0.021102477,-8.156212e-08,-0.0006836083,0.0011557116,-1.4439203e-05
-0.4737983,0.17964259,-0.28779843,0.0369389,-0.068544276,0.0014219779,-0.06742607,-0.033079058,-0.0004510337,-0.02329213,-0.10780709,-0.07581892,0.0009561513,-0.16549575,0.089365914,0.020402882,0.003092122,-0.06396536,-0.09784292,-0.0128671825,-0.0023262308,-0.00023685332,-0.0006833037,-0.0011209075,0.0010775641,0.0,-0.0011098194,0.0004347666,-1.7375434e-05,-0.0012288123,-0.00018993573,8.893392e-06,0.0010648848,0.02201677,-0.005944103,-0.17714363,-0.026846092,-1.0111845,0.0012138098,-0.019771142,-0.00025418054,-0.0019061905,0.00092434924,0.0067893355,0.02198385,-0.000899586,0.0051750485,0.0093215,0.00016792874,0.036534473,-0.10847942,-0.002113228,0.0006144353,-4.338818e-06,0.0007879948,0.0,-0.00019169734,-0.0012968344,-0.0002608078,0.0005927968,0.00011780871,0.005969804,-0.00018141983,-3.563133e-05,-0.00044060207,-1.0973094e-05,-0.0012534168,0.0002899841,0.0011389863,0.0018985865,-8.156212e-08,-0.0001758976,-0.0007672319,7.120182e-05
0.50685376,-0.03394955,-0.3866762,-0.0037183252,-0.048727687,-0.008063697,0.36973825,-0.010271634,-0.0015846048,-0.011221371,-0.008749036,0.033554226,-0.06432152,0.15771529,-0.0072043557,0.021166036,0.0018306532,0.00841568,-0.077034846,-0.008999691,-0.0007948541,-0.00041812277,-0.003468859,-7.249401e-05,0.0020890657,0.0,-0.00021108171,-0.0009672902,1.1425966e-05,-0.0007704264,5.493464e-05,-5.176981e-06,0.00024343237,0.02050438,-0.0038467452,-0.057471134,0.28106788,0.01913372,0.0029056994,-0.011800594,-0.00043079222,-0.00063536933,0.0016212595,0.0025864027,-0.03324036,-0.00065919344,0.0013045395,0.012298274,-0.011634225,0.04352944,0.19832376,0.0026554905,0.00033955183,-4.4380067e-06,0.001218118,0.0,1.239141e-07,2.1095148e-06,-4.776951e-05,0.0007369091,0.004140631,0.0025958463,-5.7040645e-05,-4.3536587e-05,-0.00014887104,7.383463e-05,-0.0004929937,0.00024508848,0.0011703351,0.0022002396,4.3583786e-06,-0.0005437868,0.0023819697,5.7592995e-05
-0.12508063,-0.2594525,-0.35173318,-0.004268444,-0.071792416,-0.021386212,-0.38705805,-0.017600423,-0.0046140994,-0.006992018,0.0034206836,-0.018621918,-0.008551697,-0.30763042,0.006220179,-0.0608114,-0.001663578,-0.012594942,-0.1132305,-0.014888347,0.0071614315,-0.0001298162,0.0016497961,-0.00013911499,0.001528746,0.0,-0.00054010795,0.0013627209,-6.7502865e-06,-0.00065889984,-0.0028122866,8.161602e-06,0.00093235675,0.016520204,0.0198612,-0.12402648,-0.022073345,0.015561015,0.006863281,-0.029083522,-9.474209e-05,-0.003192861,0.0024834333,0.0044030948,0.0290091,-0.00067209976,0.002724905,0.012312374,9.383411e-05,0.042977326,-0.10638584,-0.002555226,0.00036088336,-4.338818e-06,0.00094120775,0.0,-0.0006052134,-0.00065517955,9.049742e-05,0.00035217786,-0.00046045936,0.004396702,-0.00019593547,-4.5074303e-05,-0.000112470894,-0.00030682862,-0.0001987986,0.00017175607,0.0009422583,0.0017048224,7.343631e-06,-0.00025049376,0.0063029397,0.0004862856
-0.09869259,-0.06124414,0.030607564,-0.0037389759,-0.0470474,0.0638772,0.39417925,0.0073489486,-0.0036991818,-0.0034203727,-0.03084467,0.0194641,-0.010456778,0.40104723,-0.042582784,0.027844561,-0.00060311856,-0.0002702432,0.3408403,0.05929074,-0.0019390944,-0.0009600481,0.00601309,0.0030815743,6.6438464e-05,0.0,-0.0004491313,-1.1531001e-05,-4.444679e-06,-0.0006627699,-4.637518e-06,1.1192755e-05,0.00069239654,0.018664913,-0.0043939534,-0.05943606,0.250404,0.013358381,-0.00064146385,-0.017733099,-0.00046501716,-0.001225119,0.00312255,0.0039299154,0.013727406,-0.00029542428,0.0029296738,0.00806109,0.00023633249,0.03858407,0.2215095,0.0011395683,0.0001636612,-4.4329404e-06,0.0007408186,0.0,-0.0001625472,8.924997e-05,-0.0012518998,0.00059375656,0.00091263425,0.0012492879,-0.0002038129,-4.0337523e-05,-0.00014318503,0.0006233812,-0.00047130295,0.000209105,-0.00048238557,-0.0119534405,3.5380172e-06,-0.00046235576,-0.0055280477,0.0002683999
-0.22888729,-0.20592186,-0.17625979,-0.02914185,0.29015,-0.036080554,-0.22207181,-0.042958677,-0.0052625705,-0.033094633,-0.008385684,-0.024622954,0.044442866,-0.24474087,0.020393115,-0.017790353,0.0026187075,0.010306604,-0.088768765,-0.010037093,0.00093716703,0.0018536828,-0.001774778,-4.203776e-05,-0.0009022711,0.0,-0.0028175921,0.0010522017,0.00018559027,-0.0032881813,-0.0002949789,-1.4968032e-06,0.00023170107,0.008797553,-0.004284386,-0.17102069,-0.02505845,-1.2606237,0.0058809672,-0.020450037,-0.00019508364,-0.0021973515,0.0019283972,0.006956774,0.016558463,-0.00090684555,0.0017413496,0.0062808646,0.00014945905,0.031479456,0.15836638,0.0007040553,0.00029620557,-4.338818e-06,-0.0024765453,0.0,-0.00022675535,-0.0029550206,-0.00052817457,0.00019676155,-2.8826922e-05,0.003086852,-0.0002937145,-4.0619612e-05,-0.0005301085,-0.00021830732,-0.001205702,-0.000115129915,-0.005116336,0.0004390958,0.00017142916,-0.00023949552,-0.0071978043,-0.00023278574
-0.10027279,0.17356908,0.07737804,0.005693509,-0.04563542,0.09020493,-0.348498,-1.2762378e-05,-0.0002851416,-0.011550538,0.019087538,-0.025286637,0.0057776812,-0.2963286,-0.012259878,-0.04273116,-0.00067573535,-0.036493465,-0.097820714,-0.013051795,-0.0020008162,-7.877391e-05,-0.012370526,0.012618625,0.0015237185,0.0,-9.967403e-05,0.0029899944,-2.2090726e-05,-0.0011308413,-0.00032360342,1.1081393e-05,0.00071250956,-0.066169664,-0.025254164,-0.13109927,-0.023204131,0.017448977,-0.07076125,-0.01411559,-2.8273109e-05,-0.0074290177,0.002922701,0.0032697916,-0.048499294,-0.0015555124,0.0020928774,0.011791318,-0.0010421072,0.040080097,-0.08691163,-0.0022594468,0.00020838884,-4.338818e-06,0.002326253,0.0,-0.0006783257,3.8438535e-05,-0.00035336343,0.0003238881,-0.0009973382,-0.0066275154,-9.931869e-05,-3.2970645e-05,-0.00029696285,-0.00010801907,-0.0002972073,1.0235017e-06,0.00036273108,0.0013588847,4.5046e-06,-0.0004414563,-0.002162627,-0.0002226211
-0.6115688,-0.076242924,-0.32530963,0.008895563,-0.050319914,0.0012674187,0.09150504,-0.00943664,-0.007216362,-0.020638367,-0.04089304,-0.008832655,0.0029237675,0.10488981,0.011742771,0.0017837482,0.0018698901,-0.024696825,-0.14733328,-0.019962147,0.0033938459,-0.00028344325,0.0012388624,-0.00026239376,0.0032813551,0.0,-0.00066899235,0.0013754446,-2.2911152e-05,0.00084862456,-8.127477e-05,2.5801632e-05,0.0008694459,0.03646693,-0.0024790773,0.15768611,-0.02472699,0.015410838,0.0020726388,-0.03240405,-0.00047180735,-0.0013243342,0.0020186484,0.005999847,0.021751767,-0.0006649484,0.0033553005,0.013570704,0.0012645114,-0.21759333,-0.14365865,-0.002552499,0.00044675925,-4.338818e-06,0.00069112336,0.0,-0.0005812387,-0.00069784373,-0.00022314541,-0.00013395332,-0.0013478913,0.0017535654,-0.0001309254,-1.129694e-05,-0.00010828117,2.8944287e-05,-0.0003111202,0.0012033454,0.0018450695,0.0028246564,4.3583786e-06,-0.00018275002,-0.0072767516,4.806569e-05
0.40308115,0.17360027,0.44971862,0.004807453,-0.028034706,-0.010207068,-0.0847618,0.08296891,-0.0010743383,0.014784678,-0.028250583,0.040069006,-0.012696884,-0.19193238,0.0034595504,-0.0023033302,0.0008799339,0.012256884,-0.07527317,-0.0048000105,0.006521963,0.00036360294,0.0009990945,-0.00011585687,0.0008103762,0.0,-0.00017004885,0.0005004725,-6.0044827e-06,-0.001150609,0.0007643949,8.0484824e-07,0.00032343823,0.021167303,0.016796337,-0.099014066,-0.025803262,0.034418073,0.0042325207,0.16401894,-0.00038916175,-0.0007610643,0.0025536816,0.0044634924,-0.039686356,-0.0007417508,0.0025360768,0.015462465,0.0017253993,-0.096359424,-0.12247405,-0.0026126003,0.0004409854,-4.338818e-06,0.0058974223,0.0,-0.00010835473,-5.91411e-05,0.00010554259,0.0008436719,-0.0006565039,0.002029122,-0.00036772343,3.4432069e-06,-0.0001250593,-0.00028424014,-0.0002974072,0.000439137,-0.00072982116,-0.00031407623,4.3583786e-06,-0.0006924772,0.002724488,0.0011220941
0.14823084,0.14053316,-0.37026533,-0.0010466253,-0.046117563,-0.011352265,-0.02950396,-0.03566836,-0.0038579374,-0.012552168,0.0033276253,-0.016418945,-0.015130173,0.14935194,-0.012520399,-0.02732833,0.005891295,-0.032488544,-0.08005132,-0.009260802,0.008758402,0.001985015,0.0031553765,0.0005796444,0.0025704885,0.0,-0.0002589429,0.0005472791,-2.5617235e-05,-0.00066831685,-0.0023173494,1.5962414e-05,0.0007207827,0.028103668,-0.002414424,0.2013724,-0.020684024,0.018282862,0.0026795988,-0.02418961,-6.6799534e-05,-0.0016286472,0.0022548323,0.006360303,-0.10192666,-0.0012032138,0.0027864706,-0.26324603,0.00024165273,0.03956049,-0.10932765,-0.007839037,0.0005628516,-4.338818e-06,0.0020774088,0.0,-0.0001874873,-0.00052409194,-0.0011049664,-0.00011480754,0.0010610814,0.0027072437,-5.9601734e-05,-3.2854186e-05,-0.00028703985,-0.00028471678,-0.00040199744,0.00023620151,0.0018285614,0.0018901216,7.954296e-06,-0.0006022708,-0.0026431547,-0.00018067058
0.86451226,0.0659384,-0.32482037,0.0062555675,-0.053044673,-0.025980439,0.012397405,-0.008684354,-0.0046147127,0.003615533,-0.009787651,0.15154126,0.0017765232,-0.16653636,0.020174561,-0.0005399829,-0.0025492876,0.01687443,-0.063204214,-0.010131514,-0.0031753278,-0.0012049924,0.00029699784,5.9344915e-05,0.0010341741,0.0,0.0005282492,-0.00023209123,-2.227779e-05,-0.0011630716,-0.00020427429,-2.9474336e-06,0.00031396284,-0.056515437,-0.0058394754,-0.08999016,-0.03230101,0.024883585,0.012130603,-0.017126264,-0.00011588615,-0.002823536,0.0020289677,0.006516503,-0.04361572,-0.0012417014,-0.015872197,0.009193838,0.00017041553,0.025982287,0.16231875,0.0015424129,0.00024806577,-4.338818e-06,0.0044022975,0.0,-0.00018421114,-0.0003605837,-0.00032654454,-0.05126667,-0.0015605509,-0.0036909035,-0.00013749649,-7.310543e-05,-0.0001716059,-6.6785484e-05,-0.00056751765,0.0001595781,0.0017473379,0.0040673288,7.954296e-06,-0.00042710727,0.008358827,-3.9331848e-05
-0.45307127,-0.12391257,0.13104652,-0.0026692383,-0.040929526,-0.040175688,0.17602956,0.010357303,-0.0024497663,-0.016292514,0.07701101,-0.064944685,-0.026024418,-0.05973111,0.04742474,-0.02037017,-0.000227905,0.0127857765,0.42523223,0.07035355,-0.001743197,-0.0003177257,-0.009742225,0.005120724,0.00097254664,0.0,-0.0012413332,0.000116033916,-4.0170976e-06,-9.085047e-05,-0.0003225191,7.381491e-05,0.00072101154,0.029431585,-0.0038780018,0.25339943,-0.017072704,0.016907535,0.003493147,-0.02341439,-0.00017666382,-0.0006851421,0.0029316922,0.0037521464,0.02932027,-0.00048066297,0.0038382309,0.011244132,0.0017863289,-0.1837881,-0.1511026,0.0016395522,0.00025469027,-4.338818e-06,0.00020766036,0.0,-0.0002675454,0.00011417482,-0.0005263865,0.0004291191,-0.00092031044,0.0018794308,-0.00010232834,-6.1643013e-06,-0.00012488465,-4.5666297e-05,-0.00029255776,0.001454102,0.0018300486,0.0023059326,7.954296e-06,-0.0001611228,0.0066462415,0.0016881137
0.21337944,0.10520328,-0.42667097,-0.0033615364,-0.048176438,0.05064554,0.4022773,-0.023959098,-0.003931765,0.021334799,0.021971162,-0.016366316,-0.026118297,0.38471806,0.00460993,0.016111813,0.00061900646,0.012890925,-0.06292252,-0.011256496,-0.0012514109,-0.00040572073,0.0010993675,2.8242575e-05,0.0009907254,0.0,-0.00038265056,0.00013963165,-7.0213073e-06,-0.0020304075,-0.00014622723,2.0110438e-05,0.0003340231,0.017615441,-0.0032176042,-0.067451485,0.2659186,0.012775205,2.9389746e-05,-0.008949759,-9.534705e-05,-0.000959384,0.0020764887,0.006803654,0.024036268,-0.0007732854,0.0021393201,0.009974043,0.00021176151,0.039465416,0.2089855,0.0005023971,0.00052183017,-2.0408525e-05,-1.5951368e-06,0.0,-6.7820925e-05,-0.0005368511,-0.00022775825,-0.00075784954,0.0022579886,0.00092813384,-6.357037e-05,-0.00012918856,-0.00028154376,0.00024556482,-0.00084261183,0.00018840357,-0.0019826558,0.0017521932,7.954296e-06,-0.00060216535,-0.000104106184,-0.0001573042
0.29286045,-0.07273742,0.3073888,-0.0057118866,-0.033838768,-0.01186811,0.18272257,-0.019241389,-0.0013217411,0.032009378,-0.0019011421,0.010599403,-0.013828735,-0.13383546,-0.06932346,0.03356954,0.0014940195,0.016660338,-0.096798755,-0.017078878,0.002266496,-0.00026879512,-0.0052576587,0.0014384099,0.0010683999,0.0,-0.00022269844,0.00046567453,-3.0565192e-05,-0.0004975697,-0.00011686214,3.675577e-06,0.00032059,0.023827026,-0.0069820546,0.25863913,-0.020533804,0.018925643,0.0017945899,-0.02815892,-0.0002965894,-0.0005281435,0.0024506873,0.0053487564,0.037191223,-0.00062752276,0.0026857473,0.019461531,0.00030838914,0.041003056,0.2605593,-0.0026516158,-4.018259e-05,-4.9988466e-06,0.00022514528,0.0,-7.60341e-05,-5.4833476e-05,-0.00055680954,0.0005905248,-0.000121302524,0.0014614372,-6.036793e-05,-5.9113012e-05,-0.00013424878,9.5681324e-05,-0.0003819172,0.0003501001,0.00026422561,0.0040503107,7.954296e-06,-0.00048160073,0.008937023,0.00011745771
-0.6286121,-0.5009677,-0.30817232,-0.0014555363,0.0684551,-0.018932886,-0.12749615,-0.04494634,-0.0019102709,-0.022107279,-0.05927739,-0.01665904,-0.001679905,-0.14787064,0.036985215,-0.11854214,0.0010473827,-0.021801224,0.40273023,0.058452263,-0.0072690346,-0.000665756,0.0016555756,-0.0016122031,0.0011562817,0.0,-0.000226402,-0.0011853626,-0.00018934243,-7.756219e-05,-0.00023654281,3.7678328e-06,0.00065739953,-0.15657584,-0.00691356,-0.1561795,-0.031740706,0.018422876,0.0055449177,-0.019918734,-0.0001712628,-0.011900537,0.0024867023,0.0042353896,-0.05203751,0.05684287,0.0048598098,0.015383893,-0.00021127421,0.017723188,0.16017334,0.009592719,0.00019170725,-4.338818e-06,-0.0011982756,0.0,-0.000600419,0.0003290582,-0.0013903105,0.00030169403,0.008825521,-0.025851961,-0.00019643593,-4.473207e-05,0.04678913,-0.0005674041,-0.0002782123,0.00042480693,-0.0064743944,0.0045837993,-0.00017757795,-0.00012491309,0.006977318,0.0009548366
-0.10077065,-0.15177374,-0.36629394,0.009896296,0.016550593,-0.039970934,-0.08237263,-0.0011671188,0.000760112,0.00030602602,-0.018339012,-0.014436443,-0.009803273,-0.21340218,0.020333897,0.02759481,0.003919468,-0.01603562,-0.09741322,-0.013730677,-0.0013409776,-3.916618e-05,0.0012145821,-0.00033042164,0.0008878612,0.0,0.00038289197,0.0010342032,-1.629641e-05,-0.00037024583,-0.00024307,6.406458e-06,0.00062661065,-0.0783804,-0.008659148,-0.13600878,-0.028824713,0.022133106,0.007835535,-0.020935768,-0.00011712686,-0.0068093427,0.002741907,0.0066791694,-0.06711366,-0.0010364968,-0.05234947,0.013575995,-0.00052969076,0.031398628,0.18080771,0.0039289026,0.00011404092,-4.338818e-06,0.001283005,0.0,-0.000824259,-0.0009365161,-0.0007641976,0.00041916405,-0.0027845164,2.7824713e-05,-0.00017564336,-0.00031594245,-0.0001008181,-0.00031681996,-0.00047136247,0.0001183851,0.0030869897,0.0042010765,4.3583786e-06,-9.707871e-05,-0.0064751883,-4.797962e-05
-0.5581245,-0.5394794,0.12083026,0.0049110395,-0.07139491,-0.030964952,-0.3951155,-0.019129302,0.004175352,-0.017957212,-0.023464486,-0.04244819,-0.0067421137,-0.28998247,-0.0048130536,-0.021607017,0.004159815,0.002855527,-0.14312695,-0.031598948,-0.004446594,-0.00070563576,0.0014297343,-0.00048525605,0.0015388767,0.0,-0.00026142437,-0.002566523,-1.2874021e-05,0.0011093002,0.011513518,1.7456018e-06,0.0004192336,0.023487013,0.029927783,-0.1639616,-0.022631247,0.01523478,0.004503133,0.2197065,-0.00010753574,-0.002091348,0.0028317075,0.0025334607,-0.02349702,-0.0010861428,0.0027764037,0.0080772685,-3.6718222e-05,0.053052552,-0.09783652,-0.0051401905,0.00026976492,-4.338818e-06,0.00041917307,0.0,-0.00059043535,-4.7009384e-05,-0.0010053596,0.00036383537,0.00059254724,0.005204825,-0.00030585457,-3.5986388e-05,-0.00012288312,-0.0017601548,-0.00023757902,0.00018558349,0.0010127653,0.0006419786,-3.80362e-05,-5.6145156e-05,-0.0010699577,-9.68571e-05
0.16215527,0.18321624,-0.36951008,0.0042469553,-0.03850454,-0.0021434843,-0.006702868,-0.033657618,-0.0053311484,-0.00985544,0.0074612214,-0.019800203,-0.037838247,0.064665295,0.01549554,0.009607318,0.00050021615,-0.02676725,-0.07468876,-0.0127610685,0.0022755358,-0.00027840008,0.0011484384,0.00060383504,0.003261219,0.0,-0.0002930667,0.0002828898,-0.00011058484,-0.00045498606,0.00016875601,8.1037055e-05,0.0006232086,0.018839601,-0.00193471,0.2543449,-0.023490561,0.022127284,0.0021066547,-0.01042792,-0.0004171513,-0.0014871254,0.0020860424,0.0066978675,0.05297411,-0.00093574467,0.0016523945,0.01669347,0.0019476275,-0.17650501,-0.13814044,0.00079032424,0.0005588232,-1.9623727e-05,0.0019072206,0.0,-9.1253234e-05,-0.0007129611,-0.00061664404,0.00034739496,-0.0007515412,0.00090548996,-0.00016126328,-1.5222899e-05,-0.00022207513,-4.777326e-05,-0.0004481725,0.000172437,0.0011798199,0.0021144422,4.3583786e-06,-0.0004637612,-0.0040813023,6.4285705e-06
-0.057599787,-0.058104705,0.46731168,-0.0026027455,-0.044494245,0.0017574201,0.22225334,0.013675433,0.017958725,-0.012228375,0.049650744,0.012358446,-0.0062849587,-0.07080301,0.006911502,-0.03621277,-0.00026888435,0.0117272325,0.36599502,0.07224328,0.0031333894,-0.000109187255,0.0041094455,0.00010284058,0.0011474377,0.0,-0.00050175795,0.00022966736,-1.1187151e-05,-0.0011948334,-0.00050930463,1.1543265e-05,0.0008045251,0.016572611,-0.008245634,0.19880818,-0.017295483,0.01883338,0.0040897126,-0.017427232,-0.00024288925,-0.0011243371,0.0028172394,0.0048538116,0.026493656,-0.00026566093,0.0051351697,0.012183213,0.00026185485,0.036654525,0.23396052,0.0033798486,0.00034369485,-4.338818e-06,0.00087981834,0.0,-9.604598e-05,-1.1681022e-05,-0.0013935375,0.0009769046,-6.0272225e-05,0.004201405,-0.00016286763,-5.4329892e-05,-0.000140784,0.000155032,-0.0003058078,0.00065138773,0.0015343525,0.0034570242,7.954296e-06,-0.00038783994,0.005801759,0.0016882488
-0.46286315,-0.046527997,-0.33008495,-0.00452426,-0.06330722,-0.021163076,-0.3652112,-0.0049062474,-0.0044270162,0.07156708,0.01047484,0.057574883,0.02815231,-0.24478404,0.0058771656,-0.04939168,-0.0013777758,0.039818577,-0.10896519,-0.018337697,0.0072318097,-0.00013092496,0.0027013265,-0.001175814,0.0016205653,0.0,-0.0012125055,0.0011895348,-3.6161916e-06,0.00043447854,-0.002885931,4.2521942e-06,0.0013418107,0.017453503,0.009188774,-0.1564959,-0.02194091,0.018487612,0.0065733623,-0.016628673,4.627574e-05,-0.0024255342,0.0022456476,0.0044260407,0.025781767,-0.0010292394,0.0045915423,0.009505891,0.00028452554,0.037049513,-0.10200436,0.008761434,0.00036116352,-4.338818e-06,0.0017476501,0.0,-0.0005418293,-0.00058243674,-0.00040862785,0.00029290904,-0.00046753933,0.003051483,-7.905447e-05,-0.00013574348,-0.00017015346,-0.00015658808,-0.00025267233,0.0012240065,0.0006729211,0.0013553763,8.920879e-06,-0.00013715579,-0.004463481,0.00051146897
0.49330384,0.20895778,0.5785859,-0.004958831,-0.036774945,-0.01960538,-0.18520035,-0.09943197,-0.015704444,-0.026076194,-0.041420545,-0.027554391,-0.089612335,-0.126071,-0.02576091,0.055752527,-0.0067068064,-0.02701895,-0.072658986,-0.010901589,0.005220763,-0.00022178085,-0.0012814058,0.00039420763,-0.0016145051,0.0,-0.0006876755,0.0013742734,1.7676359e-06,-0.002378566,-0.00041324992,1.7569018e-05,0.0003588505,0.008565711,-0.027818274,-0.11742128,-0.025337223,-1.0125105,-2.5426907e-05,-0.01508216,-0.00030921708,-0.0018539398,0.0021286297,0.004778254,-0.03601405,-0.001362783,-0.038085975,0.0064845374,0.00031924984,0.018755632,-0.14578529,-0.0075911544,0.00034513636,-1.9623727e-05,0.003033097,0.0,-8.5795e-05,0.013708716,0.00014750024,0.00016319024,-0.0019833038,-0.00455442,-6.425376e-05,4.3289303e-05,-0.00027567506,-4.654669e-05,-0.00079853594,0.00027837823,0.002572581,-0.00096018077,7.343631e-06,-0.0004994423,-4.5330515e-05,3.4951518e-05
0.35436696,-0.4629409,-0.3565859,-0.01855644,-0.121627636,-0.027291851,-0.17567748,-0.036990363,-0.0064189187,-0.065776154,-0.024591204,0.07411923,-0.038263395,-0.21630071,0.032559708,-0.035502434,-0.0100396015,-0.02761083,-0.08045818,-0.0110341525,-0.0025578546,-0.00029752872,0.005474192,0.00015790953,-0.0029808353,0.0,-0.0034100146,0.0012148543,-1.8938988e-06,-0.0028048952,-0.00029701967,-8.425835e-06,0.00039349022,0.009456136,-0.013412302,-0.12993686,-0.021477556,-0.9879583,0.007036236,-0.017160399,-0.000112314054,-0.00366847,0.0020494964,0.0023810093,0.023526886,-0.00089214736,0.0010037784,0.0068923854,0.0005978775,-0.097831205,-0.12336865,0.0010679888,0.00026544236,-4.338818e-06,-9.014018e-05,0.0,-0.00021169512,-0.0017664107,-0.000121771576,-7.4472206e-05,-0.00047379846,0.0027536228,-0.00028313015,-1.5037077e-05,-0.00016794458,-0.00010892367,-0.000501483,-8.484587e-05,0.0021948956,-0.00088323996,-0.00017757795,-9.033717e-05,-0.007565112,-0.00015218148
-0.64830726,0.16289671,0.12377983,-0.005535895,-0.03304621,-0.014302376,-0.281278,-0.005383292,0.0048875255,0.032389008,-0.02518958,-0.050566345,-0.002551463,-0.33394843,0.0043613315,-0.0027730349,0.0026794323,0.00046247238,-0.15467335,-0.027645137,-0.0017401183,-0.00035415465,0.0009867263,8.966664e-05,0.0010638162,0.0,-0.000949205,0.0007334786,-1.6033096e-05,0.0031628155,-0.00053891767,7.1356176e-06,0.0009404813,0.017875148,0.013815979,-0.15761113,-0.027403282,0.013994367,0.003355037,-0.028491737,-6.749802e-05,-0.0018810945,0.0025393083,0.005368825,0.020875659,-0.001187913,0.004667398,0.010353348,-0.00054603146,0.0530621,-0.10285018,-0.0046455194,0.0006120328,-4.338818e-06,0.000982466,0.0,-0.00015837199,-4.3632965e-05,-0.0003025409,0.00031932697,3.7093952e-05,0.0019362733,-8.351787e-05,-0.000113444374,-0.00034374677,-0.00013895024,-0.00049463444,0.0026142034,0.00046599412,-0.0008262298,7.343631e-06,-0.00031374296,-0.0011678333,-2.2903878e-05
-0.56700546,-0.002427862,-0.29654253,-0.004441046,-0.075512625,-0.019295854,-0.37778187,-0.052810885,-0.004207318,-0.028626516,-0.020731062,-0.019986829,0.0011356903,-0.38529065,-0.0053099864,-0.105342545,-0.00020455201,-0.026942195,-0.13205877,-0.017598908,-0.00017833573,-9.088839e-05,0.0028453548,-0.00034998255,0.0042413007,0.0,-0.00035477555,0.0010256984,-6.818289e-05,-5.3341915e-05,-0.00096490944,1.8701938e-05,0.001210256,0.020799117,0.009371329,-0.13403057,-0.020704102,0.01510257,0.006160167,-0.029620215,-6.470464e-05,-0.003522009,0.0022537215,0.0031849681,-0.033991072,-0.0008466463,0.003746157,0.006839666,-0.024340717,-0.19990522,-0.10236268,-0.002030769,0.00033190494,-4.338818e-06,0.00044260384,0.0,-0.00060144096,-0.00038899953,0.0011145101,0.00029173848,-0.0006942068,0.0015455898,-7.974121e-05,-1.136458e-05,-0.0001643283,-0.00021411575,-0.00022871411,0.00076605,0.004284359,0.001751327,8.920879e-06,-0.00019787354,-0.0077951127,-4.7016372e-05
-0.62853926,-0.06873414,-0.30580282,-0.0044078766,-0.056259733,0.003050844,0.005608201,-0.002013258,-0.016954632,-0.01819744,0.0027967615,0.031456444,-0.04291745,0.15846203,-0.031811006,-0.051895067,-0.0012485919,-0.024826247,-0.1654485,-0.027152216,-0.003977717,-0.00037738218,0.0024235954,-0.0009824634,0.0005960661,0.0,-0.0007116241,0.00057097117,-1.1556372e-05,0.000107036496,-0.00045687126,6.3408033e-06,0.00081995147,0.040342074,-0.0026316864,0.18187566,-0.028608166,0.016219655,0.0026296475,-0.04552287,-0.00030850846,-0.0015936194,0.0019758109,0.0055709854,0.031084439,-0.00076506834,0.004560744,0.015857931,0.00031301912,0.04824038,-0.11199419,-0.0050284034,0.00034250523,-4.4380067e-06,0.0013811468,0.0,-0.00068004505,-0.00070665363,-0.0009854144,0.00049494195,-0.00041102586,0.0017188855,-6.4913955e-05,-3.7107777e-05,-0.00017848882,-0.0001621618,-0.00045571526,0.001442493,0.0020735913,0.0009868827,3.5380172e-06,-0.00033252063,-0.006573844,-0.00017693179
0.21621326,-0.030298973,0.49970287,-0.0043896656,-0.03171789,-0.0373212,-0.3520661,-0.011085909,-0.006549031,-0.0029079972,-0.014610894,-0.0053296117,0.022842182,-0.26772848,-0.0065743015,-0.023201486,0.0021661776,0.002953626,-0.09773085,-0.016575824,-0.0015985946,-9.233448e-05,0.0029108208,-0.00029553857,0.0016259375,0.0,-0.00043884251,-0.00019758327,-9.768945e-05,0.028851127,-0.0005148923,1.1407748e-05,0.0007028779,0.017845025,0.0240015,-0.13769618,-0.021337278,0.031244587,0.005570695,-0.0232531,-0.00010559299,-0.001311728,0.0025845736,0.0034321884,0.034804113,-0.001428309,0.0027251735,0.010094513,0.00012173031,0.06621846,-0.12777306,-0.0029334223,0.0001815847,-4.338818e-06,0.00027843402,0.0,-0.00017732255,-8.7711174e-05,-0.001135845,0.00014526879,-5.0523035e-05,0.0012687973,-7.764523e-05,-3.13639e-05,-0.00014411942,-2.7081305e-05,-0.00031927077,0.0013511016,0.0003260096,0.0005330919,7.343631e-06,-0.0005165478,-0.0010057024,-8.2106446e-05
0.19014524,0.19467385,-0.35955718,0.0034096814,-0.039354242,-0.0037736613,-0.017033547,-0.014501709,-0.008371667,0.011072119,-0.017689064,-0.019710846,-0.009023123,0.0889165,-0.060978916,-0.014386984,0.0011675982,-0.024797216,-0.08014021,-0.010231925,-0.00040907995,-0.00020366053,0.0007180638,0.0004830315,0.0015169329,0.0,-0.00023120291,0.00031750687,-0.000112928436,-0.00029678282,-0.00028677905,1.4081927e-05,0.00060170575,0.023388034,-0.003186006,0.25876713,-0.022243787,0.01723589,0.0029151414,-0.03034267,-0.0003570678,-0.00031325064,0.002454854,0.008075338,0.05290489,-0.00073387305,0.0022460134,0.020709839,0.0007350019,0.047052577,-0.14119579,-0.0028664083,0.0003458421,-1.9623727e-05,0.00252235,0.0,-8.1448554e-05,-0.0008260056,-0.00031092105,-0.00033545707,-0.00016176522,-0.00025812926,-7.179101e-05,-3.916477e-05,-0.00029911764,2.0907239e-05,-0.00072334975,0.0004849594,0.0012366764,0.0015366407,4.3583786e-06,-0.0003825375,0.004703262,0.00018314425
-0.4559255,0.13711318,-0.15200883,0.00467467,-0.035701435,-0.0026011504,0.11756818,0.0011082366,-0.0021445246,-0.006449943,-0.03424216,-0.017974008,0.009243751,0.11204854,-0.109161764,0.04236118,0.00309924,-0.0144559825,0.38514873,0.052231733,0.0022772828,0.0030221378,0.0011217656,-0.0010229418,0.0007358041,0.0,-0.0008968302,0.0002458696,-2.7304806e-05,3.0854157e-05,-0.00042166008,9.986958e-06,0.00096800475,0.040626593,-0.004244872,0.1534427,-0.03758208,0.015854163,0.001650732,-0.023343498,-0.0003626888,-0.0019293765,0.0025014603,0.006125802,0.018520856,-0.00037950618,0.0043515987,0.016873961,0.00042842675,0.044108164,-0.1099823,-0.0031737532,0.00019538621,-1.9623727e-05,0.0012035734,0.0,-7.401361e-05,-0.00011609423,-0.0010694346,0.0006410751,-9.7166034e-05,0.00089535187,-0.00012239517,-3.5215322e-05,-0.0002986282,-2.7342632e-05,-0.00068926,0.0017962847,0.00034299507,0.001228024,4.3583786e-06,-0.00018376658,0.0049455087,0.00023389711
0.38851795,0.19378911,-0.31662783,-0.0027385454,-0.051124536,0.015997127,-0.0041629174,-0.0039171274,-0.0022337474,-0.009462083,0.021769164,0.024224736,-0.043984078,0.20928706,0.017566465,-0.020645816,0.0008999678,-0.022301093,-0.08423309,-0.012332233,-0.0010982762,-0.0004620721,0.0015823769,0.00020117036,0.0019633085,0.0,0.0002102396,0.00025682815,3.1794314e-06,-0.00059823546,0.00074435654,5.987638e-06,0.00028001532,0.022094082,-0.0027432463,0.1872714,-0.027525987,0.018904759,0.0033035174,-0.005497181,-0.00025657966,-0.0014315567,0.0022624277,0.0063263522,0.05019507,-0.00064397213,0.0025659455,0.01128895,0.0010724268,-0.16934475,-0.13406736,0.0008077464,0.00051268144,-4.4329404e-06,0.0027167269,0.0,-0.00028308676,-0.00055689306,7.596641e-05,0.0002225885,-0.0004054443,0.0011208284,-8.3554616e-05,-1.884281e-05,-0.00022279717,2.1137855e-06,0.029911164,0.00015840682,-0.0023756817,0.0014830645,7.954296e-06,-0.0004974578,0.016001046,0.00025732076
-0.12145775,-0.22753572,0.30026832,-0.005684412,-0.031215215,-0.041031163,0.020931091,-0.027456772,-0.0006450341,-0.01705337,-0.013206746,-0.004001895,0.008889592,0.122396134,-0.006845569,-0.011078021,-0.0009644184,-0.030622477,-0.12999944,-0.01572042,-0.0041233134,0.00016453552,0.00088784343,-0.00014442604,0.0012955082,0.0,-0.00095967617,-5.0625436e-05,-3.7389252e-06,-0.0006919016,-0.00016448577,1.681653e-05,0.0007527677,0.027281865,-0.0046384414,0.16153865,-0.016906634,0.017890068,0.003756599,-0.026910376,-0.00027946135,-0.0012458254,0.0032515172,0.004404392,0.024928642,-0.00058149087,0.0046419334,0.015044729,0.0003588543,0.0488091,-0.14940427,-0.005957293,0.00026070193,-4.4380067e-06,0.00070986996,0.0,-0.0005755375,-7.941367e-05,-0.00057203416,0.0007898662,0.0001984148,0.0008354667,-8.51523e-05,-4.41555e-05,-0.00011231464,4.1018775e-05,-0.000415169,-2.1640553e-06,0.0017045301,0.0024854238,-5.790025e-08,-0.00031755623,5.0782204e-05,-7.176963e-05
-0.07098592,0.21600074,-0.3245567,0.0070128525,-0.042175483,0.029467152,0.021059524,-0.009760173,-0.0014796234,-0.008040805,0.0048704376,-0.01255485,-0.0013937759,0.09093907,-0.012576083,0.04716001,0.00028006488,-0.020659318,-0.10074526,-0.014646343,0.008792935,0.0013240828,0.00058016914,8.7937064e-05,7.2128794e-05,0.0,-0.00036781345,0.00067580416,-1.3029987e-05,-0.0001565489,0.0002527628,8.1037055e-05,0.0007869729,0.022454511,-0.0017742757,0.22705138,-0.022084761,0.012682586,-0.0007174926,-0.032778703,-0.0005512504,-0.0015170715,0.0022781428,0.0070559466,0.036595203,-0.0007412357,0.003598839,0.012683616,0.0016071191,-0.17951944,-0.1184361,0.00076442625,0.00073136564,-4.338818e-06,0.0018143625,0.0,-8.457843e-05,-0.0005605391,-5.0762515e-05,0.00019572504,-0.00033752783,0.0011624456,-0.00015313996,-1.8296429e-05,-0.00015593166,-3.3415097e-05,-0.0006784906,0.00033776244,0.0030524184,0.001972074,4.3583786e-06,-0.0004323922,-0.0074779666,-3.064196e-05
-0.51985663,-0.5434556,0.12731454,-0.0013829942,-0.05824037,-0.0460899,-0.3901009,0.00241483,-0.016983625,-0.007000951,-0.057467014,-0.01257238,-0.008438403,-0.30191442,-0.04495968,-0.028994925,-0.004735419,-0.024493886,0.34790432,0.059733316,-0.0018566791,-2.2295053e-05,0.0019297956,0.0008967895,0.00076012756,0.0,-0.0008620008,0.000102419,-5.0175295e-06,0.00028604138,-0.000792703,7.475152e-05,0.0005551606,0.019068751,0.024601161,-0.15530589,-0.026880661,0.016706225,0.0037185946,-0.02605186,-5.4006585e-05,-0.0015212538,0.0028932902,0.0026610252,0.014835195,-0.00096430787,0.0027176396,0.0065361764,0.0007179192,-0.15804142,-0.102826685,0.007894035,0.00017545724,-4.338818e-06,0.00076558965,0.0,-0.00014833536,3.5311838e-05,-0.0014885442,0.00038071396,-0.00064612564,0.0047587724,-0.00053664023,-3.2869548e-06,-0.000111827365,-0.0008536046,-0.00024551485,0.0002736053,0.0010590376,-0.0012973176,-4.2476142e-05,1.2405857e-05,0.0023015738,0.00041785632
-0.57154375,0.177141,-0.20150788,-0.0019313324,-0.0318744,-0.000995236,0.13931987,0.007893342,-0.010412337,-0.04167852,-0.043674845,-0.035653144,-0.0091366945,0.026399896,-0.02880408,-0.015465325,-0.00013901095,-0.016241852,0.36815944,0.053883005,0.0019411442,-0.00047509756,0.002130101,0.0003272863,0.0010886011,0.0,-0.0004195389,-0.0009048247,-0.00042461292,-0.00013141907,-0.00032516744,1.1672677e-05,0.0005474696,-0.24068156,-0.0027372,-0.14480962,-0.039021336,0.017522477,0.0040961653,-0.021612057,-0.0003242872,-0.008164557,0.001489726,0.0065722982,0.01712565,-0.0009842877,0.003968364,0.017657941,-0.00041880063,0.02655447,-0.102910385,-0.0030060844,0.00033981356,-1.9623727e-05,0.0011253336,0.0,-0.00020165964,-0.00024500108,-0.0018051888,0.0003922862,0.003389319,-0.013109387,-0.00014546142,-3.4230157e-05,-0.00029776193,-3.6560432e-05,-0.00035640085,0.0010960386,0.00043705513,0.00082575425,-5.790025e-08,-0.00011422488,0.0020486016,-0.00023545945
0.17686741,-0.026020642,0.38095847,0.003685223,-0.029728062,-0.008540651,0.11380458,-0.018298764,-0.0014629744,-0.02288727,-0.028093865,0.0540959,-0.036286376,0.053812098,0.0013626887,-0.011810839,0.001460904,-0.029370852,0.37665722,0.04508004,-9.8130055e-05,-0.0002884444,0.002915136,-0.00010812218,0.00035773418,0.0,-0.0006979451,0.00010762215,-2.2224071e-06,-0.000478132,5.237429e-05,1.1549462e-06,0.00032200667,0.02023749,-0.004741613,0.12338607,-0.024963556,0.020837618,0.002703123,-0.009271626,-0.00027231633,-0.0004479024,0.0031551651,0.0039257663,0.028817296,-0.00077708386,0.0026925537,0.016650878,0.0015853853,-0.15004553,-0.1711617,0.0013799805,6.356302e-06,-4.4380067e-06,0.0007028054,0.0,-8.578301e-05,-5.6864148e-05,-0.0010790011,0.00045166895,-0.0015656747,0.0016237238,-0.00015828546,-4.1783605e-06,-0.000121635356,9.6725475e-05,-0.00032386265,0.0005599779,0.00037038894,0.001366994,7.954296e-06,-0.00063404784,0.00575311,0.0017756931
0.43729496,0.1466923,-0.22260588,-0.0032516278,-0.06702749,-0.03375879,-0.35309112,-0.002556991,0.0074279713,-0.0056167874,0.0036731267,0.021847906,-0.019119354,-0.35101104,0.0016255403,-0.11579556,0.004167823,0.008581262,-0.07464131,-0.007868336,-0.0018448816,-0.00051903655,0.003050038,0.00013757087,0.0016830037,0.0,-0.00027696916,6.706524e-05,-6.624596e-06,-0.0013915964,-0.0024569929,2.2564595e-06,0.0008047398,0.01242279,0.029542439,-0.13818677,-0.024026472,0.019973082,0.010839938,-0.012882692,-8.5374224e-05,-0.0027108483,0.0026709822,0.00411814,0.042660877,-0.00093165075,0.0016989288,0.008703784,0.00020450636,0.04314172,-0.11431573,-0.003260716,0.00031811217,-4.338818e-06,0.0012051667,0.0,-0.00018626894,-0.0004638588,0.00021028191,0.0005391515,-9.146582e-05,0.003277855,-9.4932526e-05,-5.2334795e-05,-0.00021250121,-1.8133787e-06,-0.00020135916,-0.00012509355,-0.00012597542,-0.00025925657,8.920879e-06,-0.0006692622,0.004418804,0.0001822054
0.19386594,-0.13063917,0.304389,-0.0042544533,0.23039912,-0.011847241,0.20586163,0.020571511,-0.0060084034,0.004004414,-0.00610215,0.018697351,-0.0019036568,-0.18045944,0.00057161564,-0.012280419,0.0011857996,-0.018456928,-0.10478733,-0.017786348,-0.001636605,0.0021828865,0.0014787304,0.00049732823,0.002381972,0.0,-0.00059439684,6.3207062e-06,-9.697418e-05,-0.0009161391,-5.240052e-05,-1.2458307e-05,0.00044764724,-0.113425456,-0.010828475,-0.1326684,-0.0255567,0.022307906,0.00391197,-0.015131441,-0.00042790713,0.007607673,0.002302223,0.0054116556,-0.05170408,-0.00046785915,0.00054899015,0.019961882,0.00050053565,0.025564399,0.221412,0.0032180035,-1.1770482e-05,-4.338818e-06,0.00078123447,0.0,-0.00079880736,-7.702794e-05,-0.0010287943,0.0008645066,0.011166138,-0.0050124326,-8.533412e-05,-4.947609e-05,-9.5096155e-05,3.1095453e-05,-0.0006880373,0.00011544084,0.0013630387,0.006869305,0.00017142916,-0.0005113883,0.0026282044,0.000107099215
